:020000041000EA
:1000000000B5324B212058609868022188439860DF
:10001000D860186158612E4B002199600221596106
:100020000121F02299502B49196001219960352056
:1000300000F044F80222904214D00621196600F024
:1000400034F8196E01211966002018661A6600F04E
:100050002CF8196E196E196E052000F02FF8012189
:100060000842F9D1002199601B49196000215960AB
:100070001A491B48016001219960EB211966A021F2
:10008000196600F012F800219960164914480160C1
:100090000121996001BC002800D000471248134993
:1000A000086003C880F30888084703B5996A0420EC
:1000B0000142FBD001200142F8D103BD02B5186610
:1000C0001866FFF7F2FF186E186E02BD00000240BE
:1000D000000000180000070000035F00212200005C
:1000E000F4000018222000A00001001008ED00E03C
:1000F00000000000000000000000000074B24E7A12
:1001000000200420F7010010C3010010C5010010F9
:10011000C1010010C1010010C1010010C101001097
:10012000C1010010C1010010C1010010C701001081
:10013000C1010010C1010010C9010010CB01001065
:10014000CD010010CD010010CD010010CD01001037
:10015000CD010010CD010010CD010010CD01001027
:10016000CD010010CD010010CD010010CD01001017
:10017000CD010010CD010010CD010010CD01001007
:10018000CD010010CD010010CD010010CD010010F7
:10019000CD010010CD010010CD010010CD010010E7
:1001A000CD010010CD010010CD010010CD010010D7
:1001B000CD010010CD010010CD010010CD010010C7
:1001C00000BE00BE00BE00BE00BE00BEEFF3058054
:1001D000103800BEF2EB8871F8CA001024CB001072
:1001E0003402001090A31AE700201F49086006C8D7
:1001F00081F3088810471D48006800282FD10DA4FE
:100200000ECC002902D000F012F8F9E71849194A7B
:10021000002000E001C19142FCD1174988471749ED
:1002200088471749884700BEFDE701C901C29A42C5
:10023000FBD3704724CB0010C0000020B80C002076
:100240001CD7001000000420000004201CD7001060
:10025000001004200010042000000000704709482E
:1002600004F02EFB0047000008ED00E0000000D085
:10027000B80C0020D01400204936001005030010EF
:10028000053600105756000006005250ABB36053BD
:10029000C0C4001006005250861C0302D0C40010D7
:1002A000060052505422A29DE4C400100500525092
:1002B000DE65F4681CD70010F8B5C04610B5064CD2
:1002C0002378002B07D1054B002B02D0044800E017
:1002D00000BF0123237010BDB80D002000000000F6
:1002E00098AB0010044B10B5002B03D00349044811
:1002F00000E000BF10BDC04600000000BC0D0020A3
:1003000098AB0010F0B5DE4657464E464546E0B580
:1003100085B005F0FDFE00F059FA00F041FA08231F
:1003200048220021002000F059FBA44E082332008F
:100330001021002000F074FBA14B9B46082500957E
:1003400006235A462021002000F083FB0095062357
:100350009C4A3021002000F0AAFB00F00DFAFA249C
:10036000A400200002F0B8FA00F01AFA0095022367
:1003700078220021002000F0D6FB00950823782287
:100380001021002000F003FC02950327019700973D
:100390008D4A8E4B2021002000F024FC8C4B9A4685
:1003A0001A003021002000F097FC00F0E5F9200051
:1003B00002F092FA00F0F4F9864B9846009320235D
:1003C00020220021002000F08FFA834B99467B23E6
:1003D00000934B4608223021002000F0C3FC00F0BF
:1003E000CBF9200002F078FA00F0DAF905210520B7
:1003F00000F0D0FC0A2332220A21002000F0EAFC9F
:100400000122009214231D320A213C2000F094FDA9
:100410000025029532210191192000903C2364228D
:100420000A31002000F0D6FD00F0A6F9200002F00D
:1004300053FA00F0B5F9012314221421142000F01E
:1004400034FE00950A2314221421502000F0FEFEF1
:1004500001955A230093002314221421642001F0F3
:1004600099F800F089F9200002F036FA00F098F9C6
:10047000062348220021002000F0B0FA06233200B3
:100480001021002000F0CCFA0626009606235A46DA
:100490002021002000F0DDFA00960623494A302191
:1004A000002000F004FB00F009FA00F065F92000DC
:1004B00002F012FA00F074F900960223782200216B
:1004C000002000F030FB0096082378221021002045
:1004D00000F05DFB0296019700973B4A3B4B2021C1
:1004E000002000F07FFB52463021002000F0F4FB9A
:1004F00000F0E4F900F040F9200002F0EDF900F01E
:100500004FF946460096202320220021002000F0CB
:10051000EBF97B2300934B4606223021002000F0AC
:1005200021FC00F0CBF900F027F9200002F0D4F90B
:1005300000F036F90521052000F02CFC0A233222B8
:100540000A21002000F046FC0122009214231D32F3
:100550000A213C2000F0F0FC029532210191192083
:1005600000903C2364220A31002000F033FD00F0AB
:10057000A5F900F001F9200002F0AEF900F010F941
:10058000012314221421142000F08FFD00950A236A
:1005900014221421502000F059FE01955A23009393
:1005A000002314221421642000F0F4FF00F086F9E7
:1005B00000F0E2F8200002F08FF9AEE698AB0010F0
:1005C00040E20100C01DFEFF77BE9F1A2FDD5E4096
:1005D000A8AB0010E4AB0010B4AB001000B585B0C0
:1005E00000236A46137350730093023303AA3C211D
:1005F000024805F0E1FF05B000BDC046E80200205A
:10060000B0B582B002AF4B1C0A000832D208D2004B
:100610006C46A21A954602AA40241470002403E0F6
:10062000651C045D5455ECB28C42F9D30021009155
:100630003C31024805F0C0FFBD46B0BDE8020020D5
:1006400010B50231CCB250235B421843C0B2FFF761
:10065000C5FF200910231843C0B2FFF7BFFF0F20CA
:100660002040FFF7BBFF10BD0200012001E0504316
:1006700019004B1E0029FAD17047F8B5DE465746DF
:100680004E464546E0B58146884617009B460AAB74
:1006900000269E5F451E00239A46002402E0631C4C
:1006A00025001CB24C4524DA63009C46F85E01220A
:1006B000B04200DC0022D2B26D00795F0123B1426A
:1006C00000DC0023DBB29A42E9D043465A5F43463E
:1006D00065465D5F521B331A5343091A180004F034
:1006E0001BF92D18AB45DADA524653425A4192466D
:1006F000D5E75346D8B2F0BCBB46B246A946A046A1
:10070000F8BD0000F0B5C64600B5884616001F00CB
:1007100004F01AFC04000D00404604F015FC220011
:100720002B0004F065FC114A114B04F076FB00220B
:10073000104B04F090FB04F01FFC00B2BE4205DA3F
:10074000B04209DBB8420BDD002006E0B04209DA16
:10075000B84209DD002000E0002080BCB846F0BDB2
:100760000120FAE70120F8E70120F6E71F85EB51A9
:10077000B81E09400080664010B500240BE000213F
:100780002000FFF75DFFE001044BC0188021FFF758
:1007900037FF0134E4B2072CF1D910BDD40D00208D
:1007A00000200BE0C101084A52180021D154013346
:1007B000DBB25AB2002AF5DA0130C0B2072801D8FC
:1007C0000023F6E77047C046D40D002010B588B06E
:1007D0001749184805F0C4FE0321082001F074F8F9
:1007E0000321092001F070F800220121082001F006
:1007F00083F800220121092001F07EF801A90E48AA
:100800000B00020013CA13C313CA13C312781A7061
:10081000002404E001AB185DFFF7E0FE0134182C62
:10082000F8D9FFF7BDFFFFF7A7FF08B010BDC0461E
:10083000801A0600E8020020C0AB0010F0B5D646D2
:100840004F464646C0B504008A461600994627E042
:1008500001331BB21800A21993421FDA9BB27F2BFF
:10086000F6D80029F4DB3F29F2DCCF170722150068
:100870003D406D18ED10AC467F0FCD192A40D21BBC
:1008800012B201259540A8466246D20194460A4A12
:100890006244155C4746BD431554D9E7013109B29E
:1008A00053464B44994201DA2300D3E7E0BCBA46F1
:1008B000B146A846F0BDC046D40D002000200CE093
:1008C000C101084A5218D15CC943D1540133DBB28B
:1008D0005AB2002AF4DA0130C0B2072801D8002346
:1008E000F6E77047D40D0020F0B5DE4657464E4679
:1008F0004546E0B585B081460C00150003930E9A7D
:1009000090462A00FFF79AFF002302934DE0013E34
:10091000083109B216E00133DBB2AB423FD200939B
:10092000019AD0187F28F6D8E217914607210A408D
:100930001219D6104A46520FA7183940891A09B21F
:10094000002CE4DB6644072E15D862466A43009FFC
:10095000B9464A444746BA5C8A409246F2011E4F65
:10096000BB465A449146175CBB4657465A46174306
:100970003A004F463A54721C072ACCD866466E435A
:10098000B146009E4E444746BE5D0827791A0E4187
:10099000D101114A5218115C31431154BBE7019B3C
:1009A0009946029B0133DBB20293039B5A1ED11777
:1009B00007230B409B18DB10029A9446934203DBFB
:1009C00000234A460192A8E705B0F0BCBB46B246F8
:1009D000A946A046F0BDC046D40D002000B583B0A6
:1009E000082B03D0062B0BD003B000BD203A120118
:1009F000094BD218009210230822FFF775FFF3E786
:100A0000203A53009A185200044BD218009208233F
:100A10000622FFF769FFE7E79CAF001060AD00100A
:100A2000F0B5C64600B580460F0016001D00002434
:100A300009E020006843404400B22B003900FFF772
:100A4000CDFF0134E4B2325D002AF2D180BCB84659
:100A5000F0BDF0B5D6464F464646C0B582468946FB
:100A600090461E0008AB1F78002519E02C007C433F
:100A70005444A4B2711B01390A20FFF7F5FD0100AF
:100A8000404603F071FF0A2103F06EFF0A00303286
:100A9000D2B220B23B004946FFF7A0FF0135EDB2CC
:100AA000B542E3D3E0BCBA46B146A846F0BDF0B5C6
:100AB000D6464F464646C0B581468A4614001E00BB
:100AC00008AB1F78002A06DB3B002B22FFF786FFCE
:100AD000A046002120E03B002D22FFF77FFF63426C
:100AE0009846F6E74D1C2C007C434C44A4B2711A86
:100AF00001390A20FFF7B8FD0100404603F034FF3A
:100B00000A2103F031FF0A003032D2B220B23B009A
:100B10005146FFF763FFE9B2B142E3D3E0BCBA4606
:100B2000B146A846F0BDF8B5CE46474680B58146E9
:100B3000884617001D0008AB1E7800240AE0230039
:100B400073434B44373218B233004146FFF746FF38
:100B50000134E4B2AC4216D2291B01391020FFF750
:100B600083FD0100380003F0FFFE0F220240092A36
:100B7000E5D8230073434B44303218B2330041466A
:100B8000FFF72CFFE4E7C0BCB946B046F8BDF0B5AE
:100B9000D6464F464646C0B58246894690461E0018
:100BA00008AB1F78002516E02C007C435444A4B207
:100BB000711B01390220FFF757FD0100404603F089
:100BC000D3FE01220240303220B23B004946FFF7FB
:100BD00005FF0135EDB2B542E6D3E0BCBA46B146F9
:100BE000A846F0BDF0B5DE4657464E464546E0B550
:100BF00085B003900D0017001E000EAB1C780FABE4
:100C00001B789A4610AB1B789846002200233800C8
:100C1000310004F079F9002853D043462B222900F3
:100C20000398FFF7DBFE3800310004F0C9F9814674
:100C300004F086F902000B003800310004F0DBF804
:100C400006000F0051460A20FFF70EFD834604F010
:100C500077F932003B0004F0FEF804F039FA04F0B2
:100C6000AFF90600594603F07FFE02004A444346AE
:100C70009BB29B466B469F894346D81900B20093AE
:100C800023002900FFF7E5FE601C5B465843381837
:100C900000B243462E222900FFF7A0FEA01C5B46AF
:100CA0005843381800B24346009353463200290097
:100CB000FFF7CFFE05B0F0BCBB46B246A946A04642
:100CC000F0BD43462D2229000398FFF787FE8023BD
:100CD0001B069C466644A6E7F0B5CE46474680B55F
:100CE00085B081468846170000230393002616E04E
:100CF000701C032103F010FE013800014844EB0092
:100D00005B199B00164D5B19043300B2009310234E
:100D100010224146FFF7E8FD00230136F6B2BA5D26
:100D2000002A17D003A9CA540133DBB2022BF4D92D
:100D300000242500E3001B199B00094A9818D35C86
:100D4000002BD5D003A906F025F90028D0D0013416
:100D5000E4B2EEE705B0C0BCB946B046F0BDC0464F
:100D600064AC001008B470B5C3B004000D001600E8
:100D700047AA02CA019202A806F07EF9330002AA2D
:100D800029002000FFF74CFE43B070BC08BC01B046
:100D90001847000010B583B27F2B17D8002915DB48
:100DA0003F2913DCCC1707231A0022405218D21017
:100DB000640F09191940091B09B2063B8B40190041
:100DC000D301034AD3181A5C0A431A5410BDC04613
:100DD000D40D0020F8B5DE4657464E464546E0B5F0
:100DE00006000F0015001C0099423FD0904250D0E1
:100DF00003DC0C001F0005001600BC4256DD6442F7
:100E000024B27F423FB2012399463B1B721B93429F
:100E10004FDC3B0037001E0023002C001D00002388
:100E20009A46BBB2A2B2991A09B28C46A9B2761AF6
:100E3000B0B236B2400080B283466046301A4000FD
:100E400080B28046D31A5B441EB24B46002B02D0C0
:100E50005346002B30D14B46002B33D15346002B49
:100E600036D021002800FFF795FF49E0904208DCCA
:100E70000500160005E039002800FFF78BFF01355B
:100E80002DB2B542F7DDF0BCBB46B246A946A0463E
:100E9000F8BD994201DC0C001F00BC42F3DC2100CC
:100EA0003000FFF777FF013424B2F6E700239946BC
:100EB000ABE701239A46B4E7524211B22800FFF78C
:100EC00069FF1DE0494209B22000FFF763FF17E008
:100ED00029002000FFF75EFF12E05E4436B21AE000
:100EE000C94309B22800FFF755FF09E0694209B27A
:100EF0002000FFF74FFF03E029002000FFF74AFF23
:100F0000BC42C0DAA1B24C1C24B2002EE5DB013594
:100F10002DB2464436B24B46002B02D05346002B2E
:100F2000DED14B46002BE1D15346002BE4D021000B
:100F30002800FFF72FFFE3E7F0B5D6464F464646B9
:100F4000C0B581460E009246984608AB1B78002B30
:100F500015D0070038E031002000FFF71BFF4346A3
:100F6000991989B2013909B22000FFF713FF013442
:100F700024B24B4653449C42EDDB34000FE00400A6
:100F8000F7E721004846FFF705FF5046484480B286
:100F9000013800B22100FFF7FDFE013424B24346C0
:100FA000F3189C42EDDBE0BCBA46B146A846F0BD62
:100FB00021003800FFF7EEFE013424B24346F51855
:100FC000AC42F5DB01373FB24B4653449F42EADA6D
:100FD0003400F3E7F0B5DE4657464E46C0B588B05C
:100FE00083468A4691461C0010AB00255D5F11AB1D
:100FF0000027DF5F12AB1A7806AB1880494659808C
:101000009D8004AB514619805C809F80002A1AD0D5
:1010100048452EDC0600AE4200DD2E00A2452ADC4B
:1010200053460393039BBB4200DD0397CB4500DB94
:10103000D946A94500DB4D46A24500DB5446BC42DB
:101040002FDB27002DE023004A46FFF7C3FE3B00BD
:101050002A0051465846FFF7BDFE3B002A002100FA
:101060004846FFF7B7FE08B0E0BCBB46B246A9460B
:10107000F0BD4E46CFE70394D4E7013424B2A74233
:101080000DDB0094330004AA06A90320FFF7F5FA4C
:101090000028F2D021003000FFF77CFEEDE701369A
:1010A00036B2B542DFDB039CE9E7F0B5DE465746D2
:1010B0004E464546E0B589B00500884699460793F7
:1010C00094B201239B1A19B2029116B281B2009117
:1010D000404687B2D21911B22800FFF75BFE391BD8
:1010E00009B22800FFF756FE0099601800B2414689
:1010F000FFF750FE0099081B00B24146FFF74AFE79
:101100004B46002B0CD063421BB207E09CB239194E
:1011100009B22800FFF73EFE013423B2B342F5DBEB
:101120000023019345E06B009BB294466344013376
:101130001BB20293009B5B191AB29246B4B23B19E0
:101140001AB2039211005046FFF724FE009B1B19B0
:1011500018B281467B1918B2049001004846FFF787
:1011600019FE009B5B1B1AB293463B1B1AB20592F9
:1011700011005846FFF70EFE009B1B1B1BB2984642
:101180007D1B2DB229001800FFF704FE059950467B
:10119000FFF700FE29004846FFF7FCFD039958467B
:1011A000FFF7F8FD04994046FFF7F4FD079B002B7D
:1011B00018D1019BB34241DA6B469B8806930133F9
:1011C0009DB21BB20193029A002AACDB013E36B2FB
:1011D000019B9B1B5B00029A9446634401331BB244
:1011E0000293A7E7644224B20CE0A4B23D192DB2E9
:1011F00029005046FFF7CEFD29005846FFF7CAFDEB
:10120000013424B2A642F0DC069BDC4324B2019BED
:101210009A4633004E4699460CE0A4B23D192DB2D1
:1012200029004046FFF7B6FD29003000FFF7B2FD68
:10123000013424B25445F0DB4E46BAE709B0F0BCA5
:10124000BB46B246A946A046F0BD0000F0B5DE465A
:1012500057464E464546E0B58BB006000F001500D8
:101260001A0014AB1978039114B213000792534378
:101270009B46180003F068FE089009912B006B4311
:101280000693180003F060FE04900591079D6842E4
:1012900003F05AFE0022BE4B03F0B6FD02000B0025
:1012A0000498059903F0D7FD02000B0008980999EE
:1012B00003F0AAFD03F090FE02900399002916D0D6
:1012C0006D422DB2B84627000DE0ADB24346EC1892
:1012D00024B221003000FFF75DFD21003000FFF750
:1012E00059FD01352DB2BD42EFDB3C004746B3B29C
:1012F0009846BBB29946079FBDB24F443FB23900F2
:101300003000FFF747FD4B465D1B2DB22900300032
:10131000FFF740FD39003000FFF73CFD29003000A9
:10132000FFF738FD0023019330E0680003305B468F
:10133000584304F0C1FC011C301C04F069FC02900D
:10134000019B01339DB21BB20193039B002B57D12C
:1013500043465F193FB2A6B24B469B191BB29A4651
:1013600019003800FFF716FD43465D1B2DB24B46B2
:101370009E1B36B231002800FFF70CFD51462800B5
:10138000FFF708FD31003800FFF704FD019B1D0049
:10139000581C5B46584303F0D7FD06000F002000A1
:1013A00003F0D2FD00227A4B03F025FD02000B0072
:1013B0000498059903F04FFD02000B00300039003E
:1013C00003F094FD002834D00021029E301C04F06C
:1013D0006BFC0028A9D16D0003355B465D43E00737
:1013E000001B40000230069B5843281804F064FCA0
:1013F000011C029804F00CFC0290013C24B29FE70F
:10140000664236B2474610E07819B6B24B469B1991
:101410001BB2984600B21900FFF7BCFC781B00B263
:101420004146FFF7B7FC013636B2B442ECDCB846B1
:101430008EE7280003F088FD0022554B03F0E4FC02
:1014400006000F0002000B000898099903F003FD45
:1014500002000B003000390003F0FDFC06000F0015
:10146000631E069D28005843584303F06DFD32006B
:101470003B0003F0C9FC06000F002800079B5843FF
:10148000584303F061FD02000B003000390003F007
:10149000B2FC03F0A1FD02903DE0019D6B1C5A4699
:1014A00053435B00E007001B40000330069A5043A3
:1014B000181804F001FC011C301C04F0A9FB029078
:1014C0006B1C1BB20193A3B25C1EA2B2924624B263
:1014D000039A002A36D16B469D8843465E1936B280
:1014E0004F4657443FB239003000FFF753FC4346A4
:1014F0005D1B2DB24B4652469B1A1BB29A461900F1
:101500002800FFF747FC39002800FFF743FC51464D
:101510003000FFF73FFC002C32DD0021029E301C22
:1015200004F0C2FB0028B8D1E007001B40000330E4
:10153000069B584304F0C0FB011C029804F068FBB2
:101540000290C0E70125ED1A2DB24646C84612E0CA
:101550006B469F88F019ADB243465B191BB29946A2
:1015600000B21900FFF716FCF01B00B24946FFF766
:1015700011FC01352DB2A542EADBC146B046AAE70F
:101580000BB0F0BCBB46B246A946A046F0BDC04673
:101590000000E03FF0B5DE4657464E464546E0B512
:1015A00087B0824601911D0010AB00269E5F11ABF3
:1015B0001B78059397B201239B1A1BB2049313B2B5
:1015C000984633002A0041460020FFF79BF8002888
:1015D0001FD17C4224B233002A0021000020FFF7F3
:1015E00091F800281CD133002A0000214046FFF763
:1015F00089F800281BD133002A0000212000FFF7C2
:1016000081F800281AD1059B002B31D100239B467D
:1016100085E0019BF91809B25046FFF7BBFBD8E7FC
:10162000019BD91B09B25046FFF7B4FBDBE75346D9
:10163000F81800B20199FFF7ADFBDCE75346D81B61
:1016400000B20199FFF7A6FBDDE7013424B2BC42EA
:1016500010DA33002A0021000020FFF753F8002899
:10166000F3D0019B191909B25046FFF793FBECE741
:101670004746ECE7B846C9E753009BB28C46634443
:1016800001331BB2049333002A0041465846FFF74A
:1016900039F800285FD133002A0059464046FFF749
:1016A00031F8002860D1E44324B243469BB203934F
:1016B0005B421BB2994633002A0049462000FFF7DF
:1016C00021F800285BD133002A0021004846FFF7AB
:1016D00019F800285ED133002A0049465846FFF722
:1016E00011F8002861D133002A0021004046FFF79D
:1016F00009F8002863D133002A0041462000FFF793
:1017000001F8002865D133002A0059464846FEF703
:10171000F9FF002869D1059B002B00D098E0C34554
:1017200000DBCAE05B469CB2631C9AB202921BB219
:101730009B46049900299FDB4346013B1BB2984618
:101740005B4642469B1A5B00049A9446634401330D
:101750001BB2049397E7029850440199414409B29F
:1017600000B2FFF717FB96E7504640440299019BF1
:101770009C46614409B200B2FFF70CFB93E7534665
:10178000029A981A019B039A991A09B200B2FFF7BC
:1017900001FB98E75346039A981A019B029A991AFB
:1017A00009B200B2FFF7F6FA95E702985044019BA0
:1017B000039A991A09B200B2FFF7ECFA93E703987B
:1017C0005044019B029A991A09B200B2FFF7E2FA5B
:1017D00091E75346029A981A0399019B9C466144EB
:1017E00009B200B2FFF7D6FA8DE75346039A981A6A
:1017F0000299019B9C46614409B200B2FFF7CAFA04
:1018000089E702985044019BD91909B200B2FFF749
:10181000C1FA0BE001373FB2BC421EDD33002A00A3
:1018200039005846FEF76EFF0028EAD133002A003F
:1018300039004046FEF766FF0028EBD05346029A77
:10184000981A019BD91909B200B2FFF7A3FAE1E790
:101850004F46230044469846DEE74346A0461C0018
:101860005F46039B9B460BE053465A46981A019BE2
:10187000191909B200B2FFF78DFA0BE0013424B256
:10188000BC4218DA33002A0021004846FEF73AFF2E
:101890000028E9D133002A0021004046FEF732FF3C
:1018A0000028EBD058465044019B191909B200B2E8
:1018B000FFF770FAE2E7BB4631E707B0F0BCBB4682
:1018C000B246A946A046F0BD10B58300084A94462A
:1018D00063441C6840226240C024144080225201AC
:1018E00013431C60C000034B9C466044416010BD24
:1018F00004C001400040014080000B4B9C46604406
:1019000000290DD00823002A0CD0042213430268BA
:1019100053400C2213408022520110430360704751
:101920000023F0E70022F1E704C00140034B1B68ED
:1019300002201840431E9841C0B2704700C00640C4
:10194000EFF3108072B6034B1B68002BFBD0BFF384
:101950005F8F70472C0100D0BFF35F8F024B0022D6
:101960001A6080F3108870472C0100D0F8B506008B
:101970000C001500FFF7E4FFE308F718F15C0722FD
:101980002240012393400B4205D1DBB20B433B7055
:10199000FFF7E2FFF8BD2100280001F0D1FE0000B2
:1019A000002307E0054A9A189200BFF35F8F0021D9
:1019B000116001331F2BF5D97047C0464000003439
:1019C000054A1078431CDBB21370172B02D91300A1
:1019D00010221A707047C04638020020074B9B68DF
:1019E000103080001950BFF35F8FBFF35F8F044B3F
:1019F0000021196082F310887047C04600ED00E0B6
:101A0000240100D010B5091A081F0A4B9C466144F6
:101A1000094A914208D8C30706D440104005400D3A
:101A2000064B184380B210BD054B064AA321064859
:101A300001F0ECFDFC070000FE0F000000E0FFFFDE
:101A40008CB50010ECB70010BCB5001010B5091A29
:101A500004394C08090B08D14905490D064A1143C0
:101A60000180064B2343438010BD054B054AAB2143
:101A7000054801F0CBFDC04600F0FFFF00F8FFFF76
:101A800008B60010C0B70010BCB500100123834099
:101A9000034A10681840431E9841C0B27047C046C0
:101AA00000E100E0002904D0034B1860034B1860EC
:101AB0007047034B1860FBE780E200E000E100E0C4
:101AC00080E100E010B5012383401800FFF7EAFF32
:101AD00010BD0000024B9B6810308000C05870475A
:101AE00000ED00E070B504000D00EFF3108672B653
:101AF0000C4B1B68002BFBD0BFF35F8F2000FFF760
:101B0000E9FF094B984201D0A84205D132002900D3
:101B10002000FFF763FF70BD044B054A862105488E
:101B200001F074FD240100D0CD01001018B60010A2
:101B300008B80010BCB50010F0B5CE46474680B5D9
:101B400083B006000D00EFF3108872B6564B1B6889
:101B5000002BFBD0BFF35F8F544B9A6834001034D6
:101B6000A300D758524B9F4207D0AF4200D198E014
:101B70000197504BFB1A2F2B09D9424639003000F0
:101B8000FFF72CFF03B0C0BCB946B046F0BD300033
:101B9000FFF77CFF814600213000FFF793FFBFF382
:101BA0005F8FEFF30581002901D08C4211D1012311
:101BB000019C9C430022A368AB4212D00622A2568D
:101BC000002A0DDB53009B189B002200394CE418BF
:101BD000F1E73621384B394AFF31394801F016FD1B
:101BE0002200AB4256D106256557002D38DB6B002D
:101BF0005B199A002F4B9B189A68A260DA79E27100
:101C000006229A56A2719B795BB2002B0FDA2D48FF
:101C1000A0806B005B199B00264AD3182A4A1178D2
:101C20009971157049463000FFF74CFFA5E7201D5C
:101C30006B005B199B001F4A9B181A1D9B88D90AD1
:101C40001C2907D15B055B15023359005118FFF7BA
:101C5000D9FEDDE71D4B1E4AB121194801F0D6FC23
:101C6000002912D1002A0ED0FF239371194B9380C3
:101C7000154A1378A371184B0E49641A64416343E3
:101C80001B0D1370CEE70A4FF2E7201D1349FFF733
:101C9000DDFEC7E76A21124B084AFF31084801F010
:101CA000B5FC034F69E7C046240100D000ED00E019
:101CB000CD0100103C0200202CB70010D8B7001056
:101CC000BCB5001001BD0000CD14002014B70010F9
:101CD000F8B7001001BDFFFFAAAA0000760200209D
:101CE00060B7001070B5012101432E4BCB1A2F2B8A
:101CF00028D8EFF30583002B2BD0EFF3108C72B6AE
:101D0000294A1268002AFBD0BFF35F8F274A0400DC
:101D1000244D641B64416243120D54B2244A9268FC
:101D20009B00D2588A421BD00022032A32D853008B
:101D30009B189B001B49CB189B795BB2A3421FD019
:101D40000132F2E7C7211B4B1B4A49001B4801F037
:101D50005DFC92211A4B184AFF31184801F056FCDD
:101D6000134A92681749D150174B1A7882711C7028
:101D7000BFF35F8F0C4B00221A608CF3108870BD8C
:101D80000D005300991889006918FF268E710F4ABB
:101D90008A80E9E7D1210E4B074A4900074801F044
:101DA00035FCC0463C020020240100D0AAAA000055
:101DB00000ED00E068B70010A4B70010BCB500103B
:101DC00090B70010CD010010CD14002001BDFFFF21
:101DD0009CB700100022044B02E0044902C3013208
:101DE000072AFAD97047C04600E400E0808080806E
:101DF000024B9C46614489000160704740000034FA
:101E000010B50400FFF7DCFD01002000FFF7F0FF34
:101E1000FF232371BFF35F8F10BD10B50400FFF7E0
:101E2000CFFD01002000FFF7E3FFFF232371002314
:101E30006371BFF35F8F10BD70B505000C00080023
:101E400000F0FEFE0949200000F03EFEFFF7B8FD5D
:101E5000074B9C466044800068602C75D0231B06AD
:101E60001B786B75A400034BE55070BD7D210010FD
:101E7000400000349C1200200A4B1A68EFF31081D6
:101E800072B61368002BFCD0BFF35F8F054B1B6845
:101E9000BFF35F8F00221A6081F3108840BF0020DB
:101EA00000217047B014002010B5002922D003682B
:101EB0001B7B99421ED8174B9C46614409018368DD
:101EC0009C4661440C684968002A19D003681B7B52
:101ED0009A4215D883680F488446624412019A18C2
:101EE00010685368020001208B4201D80ED00020F8
:101EF000C0B210BD084B094A3C21094801F086FBDD
:101F0000054B064A3C21064801F080FBA242EFD86F
:101F1000EDE7C046FFFFFF0FA8B9001010BC00108E
:101F200060B9001010B500291ED0037B99421BD860
:101F30004B005B18033B0468A4466344002919D096
:101F4000002A1DD0914221D0002A25D0047BA24234
:101F500022D804685000801803382018817019783E
:101F600000291FD11A7010BD104B114A6821114869
:101F700001F04CFB104B114A6F310E4801F046FB4B
:101F80000F4B0E4A70210B4801F040FB0D4B0B4AE2
:101F90007121084801F03AFB044B054A68210548C5
:101FA00001F034FB41701A70DDE7C046CCB9001077
:101FB0007CBC0010E8B9001038BA001058BC001002
:101FC00044BA001050BA001070B506000D0014009D
:101FD000002914D0002A14D080687368984700281C
:101FE00006D0220029003000FFF79CFF280007E000
:101FF0002A0021003000FFF795FF200000E01000CC
:1020000070BD0800FCE70000F0B583B00500009249
:1020100001930AAB1C780BAB1F78002C26D0036809
:102020005A7B944207D10123002B19D1002C3BD1BC
:10203000200003B0F0BD002C0CD01A7B944209D8CC
:102040001A6863001B19033BD3189B78002BEBD055
:102050000123E9E73E4B3F4A68213F4801F0D6FAA9
:102060003E4B3F4A67213F4801F0D0FA03689C7B12
:10207000002CDBD012D01A7B94420FD862001219C8
:10208000033A19688C46624451789973002900D14B
:10209000D9730023937053701370C7E72C4B2D4AEC
:1020A00068212D4801F0B2FA002C3AD02B681B7B36
:1020B0009C4236D82C4BE3181B01AA689446634413
:1020C000009A1A60019A5A60089A9A60099ADA602E
:1020D0002E68002C2BD030D0337B9C422DD863004F
:1020E0001B19033B32689446634400229A705A706D
:1020F0001A70717B22003000FFF766FF7073844214
:1021000000D095E7287D009A019B00F025FD061E72
:1021100001D0002F17D00C9B002B00D188E71E7038
:1021200086E7124B124A3C210E4801F06FFA114B20
:10213000114AA521084801F069FA054B054A6821B2
:10214000054801F063FA2868210000F03DFFE2E74E
:10215000CCB900107CBC0010E8B9001068BA0010BF
:1021600088BC001060B90010FFFFFF0FA8B9001075
:1021700010BC00105CB900106CBC0010F0B5DE465D
:1021800057464E464546E0B58BB00990002308936C
:102190008200B54BD658370052E0B44BB44A3F21C9
:1021A000B44801F033FAB44BB44A3C21B44801F0CE
:1021B0002DFA002901D1002869D10021404600F004
:1021C000F9FEA04219D12A686B6806920793AB68A2
:1021D0009846EB689A464346002B14D0002C18D042
:1021E0003B681B7B9C4214D8631EFA68D35C08933F
:1021F0001B0218433861002015E0A24BA24A8E2131
:102200009F4801F003FAA14B9F4A92219C4801F09C
:10221000FDF9994B9E4A4121994801F0F7F90023B5
:102220009A46984600207B68BFF35F8F00221A60B1
:1022300086F310884346002B32D1002800D10CE1F0
:1022400000F0FEFB02000B1EA7DB00200021069021
:1022500007917868EFF3108672B601680029FCD008
:10226000BFF35F8F396888464C7B002CD7D09AD05B
:10227000097B8C4297D8874965182D01B9688C462F
:10228000654428686968801A9941002991DD2A68A7
:102290006B68099800F060FC00239A469846C2E7F4
:1022A000089B1B022343994651461800C04705006E
:1022B0000E007A68EFF3108B72B6136859424B41E7
:1022C000D9B2002BF9D1BFF35F8F002E1EDB002E99
:1022D00046DD3B69002B47D04B456DD100F0B0FB8C
:1022E00002000B1E6EDB52197341002B70DB002BBA
:1022F00072DB002104910131039102945146019156
:10230000414600913800FFF77FFE4CE03B69002B0F
:10231000DDD04B4514D1069A079B521BB341002BCD
:1023200014DB002B16DB0021049101310391029490
:1023300051460191414600913800FFF765FE32E0B9
:10234000554B514AA1214E4801F060F901225242F9
:10235000524BE6E7454B464A3F21464801F056F9C5
:10236000002E01D1002DB4D13B68002C50D05A7BF7
:10237000944237D1012100294AD1DA7B002A4DD17C
:102380009A7B002A03D1DA7B002A5AD19C73DC7332
:10239000002C5CD03B681B7B9C4258D8FA68013CFF
:1023A000135D0133135500233B617A68BFF35F8FE0
:1023B00013608BF3108843E7374B334AA42130482E
:1023C00001F024F9294B2A4A3F212A4801F01EF93D
:1023D00001225242314B8AE7244B254A3F212548AE
:1023E00001F014F9002C0DD01A7B94420AD8620037
:1023F0001219033A1868844662449278002ABAD0C7
:102400000121B8E7264B274A6821274801F0FEF84A
:10241000264B274AF621244801F0F8F8002A0AD072
:10242000197B8A4207D851008A18033A19688C46EA
:1024300062445470A4E71A4B1A4A68211A4801F002
:10244000E5F81C4B1A4AFB21174801F0DFF80A4B4C
:102450000F4A41210A4801F0D9F80BB0F0BCBB4645
:10246000B246A946A046F0BD9C12002088B80010D4
:10247000DCBB0010A4B80010A8B9001010BC0010FC
:1024800060B9001090BA0010F4BB0010A8BA001098
:1024900034BC0010FFFFFF0FB4BA0010FFFFFF7F36
:1024A000CCB900107CBC0010E8B90010F0BA0010E4
:1024B00048BC001014BB001010B50C4B5B68002B1F
:1024C00004D00A210A48FFF793FC10BD074C2300F3
:1024D000084A1021206800F07DFC032000F0A4FAD7
:1024E00003212000FFF7A8FCEBE7C0468402002090
:1024F000B0140020A91E001010B5064B5B68002B1D
:1025000001D0044810BD044B044A5E21044801F088
:102510007DF8C0468402002028BB00101CBC0010BF
:1025200060B90010F0B5DE4657464E464546E0B568
:102530008BB0804616001F00149B9A46159B994647
:1025400016AB1B789B461F2302AA944663440022C5
:102550001A702BE0002809D042461268127B904284
:1025600004D8421E4146C9688A5C41E0404B414A5A
:102570004121414801F04AF807984CE0361BAF4131
:10258000002F07DB002F11DA3C4B3D4A3F213D482D
:1025900001F03CF8012676423B4FF3E7374B384ACF
:1025A0003F21384801F032F8002F4FDB43465A688C
:1025B000EFF3108472B6136859424B41D9B20791B8
:1025C000002BF8D1BFF35F8F1F3302AA94466344F8
:1025D00004930023039302934B46019353460093C5
:1025E00032003B004046FFF70FFD031EB2D1020050
:1025F00041464968BFF35F8F00250D6084F3108862
:10260000002B29D01F2302A98C4663441B78002B82
:10261000B2D112021043002B20D05B46002B1DD0FC
:102620004946D04704000D0003000B431DD000298C
:10263000A4DB00F005FA06000F1EAFDB36196F4170
:10264000002FB1DA012676420F4FADE70B4B0C4A53
:102650003F210C4800F0DAFF012040420BB0F0BCF3
:10266000BB46B246A946A046F0BD0798F6E7C0466D
:10267000A8B9001034BC001060B9001088B8001070
:10268000DCBB0010A4B80010FFFFFF7FF8B504000A
:10269000002900D162E04268EFF3108572B613683A
:1026A00058424341D8B2002BF9D1BFF35F8FCBB270
:1026B0002268567BB3421BD10120002848D02069F4
:1026C00088422BD0090AC9B2002B2ED02068007B8B
:1026D00083422AD8581EE668305C88422BD00020FE
:1026E0006368BFF35F8F00221A6085F31088F8BD1E
:1026F000002B0DD0167BB3420AD85E00F618033EBD
:102700001768BC466644B678002ED6D00120D4E7C0
:10271000134B144A6821144800F078FF2C21134B06
:10272000134AFF31134800F071FF134B134A412144
:10273000104800F06BFF1900100000F045FC002865
:10274000CED199210E4B0A4A49000A4800F05EFF9B
:1027500023698B42C4D100232361C1E70020C6E76F
:10276000CCB900107CBC0010E8B900104CBB0010C4
:10277000C4BB001060B90010A8B9001034BC001030
:1027800070BB0010F0B587B006000F00EFF30583B3
:10279000002B1FD106246442E517A4197D418D4208
:1027A00002D803D1844201D900240025002D14DB76
:1027B0000494059500F044F902000B1E13DBA41AE3
:1027C0009D41002D17DC14D03000390000F044F991
:1027D00007B0F0BD234800F0B3FF234B234A3F214D
:1027E000234800F013FF204B204A3F21204800F0EF
:1027F0000DFF002CE8D0FFF77FFE0023029301932A
:102800001C4B0093049A059BFFF78CFE002818DAF6
:10281000DAE7002300E00023002BD5D1164B1A681D
:10282000EFF3108172B61368002BFCD0BFF35F8FFB
:10283000114B1B68BFF35F8F00221A6081F3108871
:1028400020BF0499059A0D4B5B6A9A42E3D80B4866
:10285000806A884203D29A42DBD00123DCE701235D
:10286000DAE7C04674BB001088B80010DCBB00106B
:10287000A4B80010791E0010B014002000400540DC
:1028800070B504000D0000F0DBF802000B1E0ADB3F
:10289000200029008018594100290ADB00290CDB9F
:1028A000FFF770FF70BD084B084A3F21084800F051
:1028B000ADFE012040420749F0E7034B034A3F21A8
:1028C000034800F0A3FEC04688B80010DCBB00102F
:1028D000A4B80010FFFFFF7F10B5FA22920000237A
:1028E000002103F073F9FFF7CBFF10BD70B584B082
:1028F00005000C00EFF30583002B1ED1FFF7FCFD54
:10290000002302930193224B00932A002300FFF738
:1029100009FE061E23DD20BFFFF7EEFD3100FFF7A5
:10292000B5FE1C4B5B6A9C422DD81A4A926AAA4299
:102930002CD29C4225D0012026E0164B5B6A99429E
:1029400009D8144A926A824207D2994201D00120E2
:102950001AE0002018E0002016E0012014E00D4BE2
:102960005B6A9C4209D80B4A926AAA4207D29C42EF
:1029700001D0012008E0002006E0002004E0012052
:1029800002E0002000E0002004B070BD0120FBE761
:10299000791E00100040054070B5EFF30580103837
:1029A000EFF3108C72B61A4B1B68002BFBD0BFF3F1
:1029B0005F8F01221300834016494B6316490B6059
:1029C000164909780C00C440224214D0114A546AB6
:1029D0008200134D5259944206D38200114C125971
:1029E00099430E4B197007E00A4A031D9B00995842
:1029F0009950002200E00022BFF35F8F044B0021BA
:102A000019608CF31088002A00D0904770BDC04632
:102A1000280100D0004005403C700540CE14002045
:102A2000B41400200C12002010B50100024A034823
:102A3000FEF79CFF10BDC046A0BC0010CC140020C7
:102A4000044B5B6A034A906A1900536A9942F9D1B0
:102A50007047C04600400540084B5B6A01E0074BE9
:102A60005B6A8B42FBD301E0044B5B6A8B4203D170
:102A7000024B9B6A8342F7D37047C0460040054033
:102A800070B504000D00FFF7DBFF02000B00200013
:102A90002900801859418B4202D804D1824202D9C0
:102AA00001204042C117002902DBFFF7D5FF70BDAE
:102AB000024B034A3F21034800F0A8FD88B80010EC
:102AC00054BD0010A4B8001070B504000D00EFF361
:102AD000108672B61B4B1B68002BFBD0BFF35F8FB9
:102AE000002D1CD02000FEF7F5FF174B83420BD0C2
:102AF00019002000FEF7F6FF01212000FEF7E2FF9B
:102B00000123A340114A1360A400114BE550BFF309
:102B10005F8F0C4B00221A6086F3108870BDA200F4
:102B20000B4B0021D1500122A2400A490B7893435C
:102B30000B7005492000FEF7FFFF00212000FEF783
:102B4000C1FFE4E7280100D0992900103860054052
:102B50000C120020CE140020F0B5DE4600B584B083
:102B60000400150001921E000293FFF769FF039510
:102B70008E4202D84ED185424CD9EFF3108B72B6FB
:102B8000274B1B68002BFBD0BFF35F8F254A1778BC
:102B90000125A540EBB23B431370234B5D63221D1F
:102BA00092000199D150A2002049029850501B6A0E
:102BB0002B4212D11C4B1B6C2B4208D00020BFF3C0
:102BC0005F8F174B00221A608BF3108823E0184B9D
:102BD000184AC521184800F019FDFFF731FF8E4251
:102BE00014D802D1039B834210D80E4B1B78BB42F2
:102BF0000ED00D4B1D625D631F2004400123A340D6
:102C00000E4A1360074B1F701E38D8E70020D6E726
:102C10000120D4E7012004B080BCBB46F0BDC04613
:102C2000280100D0CE14002000400540B41400203C
:102C3000C4BC001038BD0010E8BC001080E200E009
:102C4000EFF3108C72B60B4B1B68002BFBD0BFF35D
:102C50005F8F01238340084A136208490A789A4328
:102C60000A70BFF35F8F034B00221A608CF3108849
:102C70007047C046280100D000400540CE14002017
:102C800010B500291ED0037B99421BD84B005B185E
:102C9000033B0468A4466344002919D0002A1DD0D0
:102CA000914221D0002A25D0047BA24222D8046878
:102CB00050008018033820188170197800291FD11E
:102CC0001A7010BD104B114A6821114800F09EFC8B
:102CD000104B114A6F310E4800F098FC0F4B0E4A12
:102CE00070210B4800F092FC0D4B0B4A71210848F3
:102CF00000F08CFC044B054A6821054800F086FC76
:102D000041701A70DDE7C046CCB9001068BE0010F3
:102D1000E8B9001038BA001054BE001044BA0010D0
:102D200050BA001070B506000D001400002914D030
:102D3000002A14D0806873689847002806D02200C3
:102D400029003000FFF79CFF280007E02A0021003F
:102D50003000FFF795FF200000E0100070BD080074
:102D6000FCE7000010B50023437301338373037B3A
:102D7000C3730123027B9A4214D9002B0CD0027B2F
:102D8000934209D85A00D218033A01688C4662442B
:102D90000133DBB25370EDE70B4B0C4A68210C4852
:102DA00000F034FC002A09D0924207D80168530091
:102DB0009A18033A8A180023537010BD024B034A35
:102DC0006821034800F022FCCCB9001068BE001056
:102DD000E8B9001010B5017342608360FFF7C2FFCD
:102DE00010BD000070B50400081E00D170BD0029A0
:102DF00034D0237B994231D84B005B18033B2268C7
:102E0000944663445A78002AF0D02DD0237B9A420E
:102E10002AD853009B18033B21688C4663445D7895
:102E200000215970002825D0237B984222D84300E6
:102E30001B18033B21688C46634400215970010034
:102E40002000FFF76FFF060029002000FFF7CAFFF0
:102E5000020031002000FFF765FFC7E7084B094A71
:102E60006821094800F0D2FB054B064A6821064854
:102E700000F0CCFB024B034A6821034800F0C6FB7C
:102E8000CCB9001068BE0010E8B9001070B505009C
:102E90000C00160000292FD034D0037B994231D882
:102EA0004B005B18033B0268944663445A78002A3F
:102EB0002ED19A78002A31D11978FFF793FF0300B9
:102EC000002E0AD0EA7B002A2ED1AA7B002A03D149
:102ED000EA7B002A3BD1AC73EC73002B3DD1002C74
:102EE0004FD02B7B9C424CD82B6861000C19033CC3
:102EF0001C190023637070BD254B264A38212648D3
:102F000000F084FB254B264A6821264800F07EFB12
:102F1000254B204A3A21204800F078FB234B1D4ADC
:102F20003B211D4800F072FB002A0AD0297B8A420F
:102F300007D851008A18033A29688C4662445470B5
:102F4000C3E7164B164A6821164800F05FFB184B82
:102F5000104A4221104800F059FB002B0BD02A7B6D
:102F6000934208D843001B18033B2A6894466344E5
:102F700000229A70B3E7094B094A6821094800F01A
:102F800045FB064B064A6821064800F03FFBC04659
:102F90006CBD001040BE001074BD0010CCB9001014
:102FA00068BE0010E8B90010BCBD0010E4BD001000
:102FB00014BB001070B504000A00457B2900FFF720
:102FC00065FF6073280070BD70B50400002967D0EC
:102FD000437B8B420ED0002911D0037B99420ED83F
:102FE0004B005B18033B0268D0188378002B0CD190
:102FF000002056E00121FFF7DDFF012051E0294BC1
:10300000294A6821294800F001FB002B20D0227BAF
:1030100093421DD85A00D318033B2268D218256862
:10302000EB5C8B421AD0002B1BD0227B934218D82A
:103030005A00D318033B2268D21853788B4216D01B
:10304000002BF0D11A4B1B4A6B211B4800F0DEFA13
:10305000144B154A6821154800F0D8FA43781370CC
:1030600007E0104B104A6821104800F0CFFA43786F
:10307000537000238370437001222000FFF706FF86
:103080000200617B814205D02000FFF74BFE607398
:10309000012006E0094B074A7121074800F0B6FA03
:1030A000002070BDCCB9001068BE0010E8B9001057
:1030B0009CB7001028BE001074BD001008BE0010A0
:1030C00070B5046BE30701D4200070BD02003032FC
:1030D000C0239B0113430A4A1A60456A826AAD0104
:1030E000AD18AD02062000F0BDF9064901F03CFC28
:1030F0000100280001F038FC0021FFF7C1FCE3E7E4
:10310000010300004E0E000070B504000E00150013
:10311000FFF7D6FF22002C32E16A4E403540802373
:103120005B0113431D60206370BD000070B5050096
:103130000C00062000F096F9C000210001F014FCFC
:10314000C60908D00E4B9E4216D87F231840013086
:103150003400460800E001246C62AE6200220021C7
:103160002800FFF7D1FF062000F07CF98000A101C4
:10317000891901F0F9FB70BD0026024CECE7C0464E
:10318000FEFF0000FFFF000010B505394901013ABC
:10319000D2001143002B09D002220A43012B07D091
:1031A000002111436E22FFF7AFFF10BD0022F4E7AC
:1031B0000421F6E7002909D00A22064B9C46604408
:1031C000434258414000044BC25270478022520093
:1031D000F3E7C0460080FCBFC414002070B50500B2
:1031E0000C00062000F03EF9061E27D0164B9D422B
:1031F00026D08022D203154B1A60154B1A60154B4E
:103200009B6811009943FAD100212800FFF7D2FFF3
:1032100021002800FFF78AFF060000230122082171
:103220002800FFF7B1FF2A002C3280239B011343B3
:1032300010221A60084B2B630323AB64300070BD6F
:1032400080221204D7E7C0460080034000E000401F
:1032500000F0004000C0004001030000F8B5DE4669
:1032600057464E464546E0B505000F0092460A9A7D
:10327000934250D31A0E91461E020A9A0023300040
:10328000494601F0AFFB80466C006419A400304B46
:103290009C4664446368834200D260602B1FDBB2AB
:1032A0009B46012B3DD9C0239B0123438022120161
:1032B0001A60AB00274A9958002907D0506901F0DD
:1032C00053FB431C5800C0180338FDD253465A0123
:1032D00023685A40E0231A4080235B0123431A608D
:1032E0005A46012A28D980239B01234380221201B8
:1032F0001A6043466360424600233000494601F0AD
:1033000071FBAD00134B58510120F0BCBB46B246D7
:10331000A946A046F8BD104B104A3321104800F0D2
:1033200075F9012FBFD1C0239B01234303221A60EB
:10333000A368DB07FCD5C9E72168794003220A406E
:103340001A60A2680123BB401342FAD0CBE7C04603
:10335000008000402412002074BE0010DCBE00106B
:1033600088BE001030B583B00C2000F011F9FEF7D4
:10337000DDFA00280DD0002304E099002D4A2E48E4
:1033800088500133092BF8D92A4B2C4A5A6203B0D2
:1033900030BD2B4B00229A6700F002F9294B012225
:1033A0001A60274B5B6C012BFBD1274B03221A6061
:1033B000234B9B6B012BFBD1013300930433234A36
:1033C0000121234800F054F805230093214A0121EC
:1033D000214800F04DF8214B0093002202210420E7
:1033E000FFF73CFF1E4D00952B0000220121052018
:1033F000FFF734FF104C0094230000220021072027
:10340000FFF72CFF00942300002200210820FFF783
:1034100025FF0A4B00932300002200210920FFF71B
:103420001DFF00952B00002200210620FFF716FF4C
:10343000ADE7C04624120020006CDC021BB7000080
:10344000008000403CB0004030B00040002F685980
:1034500000800240008C864700C00240001BB7007D
:10346000405973078000014BC05870472412002058
:10347000F0B5C64600B504000E0017001D00374821
:1034800001F072FA8046364BFA18364B9A4239D818
:103490000100380001F068FA0200103A98235B003E
:1034A0009A4235D86B1E062B38D8069B013B062B5B
:1034B00034D83F09474537D32D04069B1A031543DB
:1034C0002368002B36DB284B9C4244D080225201DB
:1034D000264B1A60264B1A60264B9B6811009943B5
:1034E000FAD12660A060231DC02292011A43212335
:1034F00013602368002BFCDAE5600823136080BCAE
:10350000B846F0BD1C4B1D4A11211D4800F07EF845
:103510001C4B1A4A19211A4800F078F81A4B174A1E
:103520001C21174800F072F8184B144A2321144844
:1035300000F06CF822683F231340B342C3D1A36864
:103540001B051B0D8342BED1E368EE22D20213405D
:10355000AB42B8D1D3E780229201B9E7001BB70094
:1035600080E84BD380F8A93200C0024000E0004060
:1035700000F0004000C00040ECBE00101CC0001075
:103580004CBF001098BF0010B4BF001000C0001066
:1035900080239B000343014AD362704700800540AB
:1035A000064BAA2212011A602F22DA60044B054A48
:1035B0001A60024B5B68002BFBDA70470040024048
:1035C0000060024000B0FA0000BEFDE703000A4AB6
:1035D0001268002A08D0084A1068C318074A9A429D
:1035E00006D3054A13607047034A05491160F2E7A4
:1035F00001204042F7E7C046981200200000042056
:10360000D014002010B5FFF7DFFF000010B582B026
:103610000C001900002A0CD0084B002A0BD0019294
:10362000009323000200064802F066FD0120FFF728
:10363000CBFF044BF1E7034AF1E7C04628C0001076
:1036400038C0001034C0001070B52B4B2B4A1A60E4
:103650002B4B2C4A1A602C4B9A682A4B9343FAD175
:103660002A4C01E008CC9847294B9C42FAD3FFF73B
:1036700079FE234B274A1A60234B9B68DB43DB010F
:10368000FAD1254B40229A675A671A67DA66234CAB
:1036900009E0234B234A87212348FFF7B7FF200087
:1036A000FEF7AEFB0834214B9C4209D22368002B65
:1036B000F5D0012BEDD12000FEF7AFFB0834F2E787
:1036C0001B4CA1681B4DC022280002F0BDFBA56069
:1036D000EFF30583002B00D000BEFEF761F9FEF783
:1036E00079FBFEF7E9FE144C01E008CC9847134B38
:1036F0009C42FAD370BDC04600E00040BFCDFBFE47
:1037000000F00040FE7F3C0000C00040A40C002000
:10371000B40C0020FFFFFF0100F001409C0C0020D2
:1037200068C00010ECC0001088C00010A40C00207D
:1037300000ED00E000000020B40C0020B80C0020D8
:103740000FB400B583B0084802F0A6FC049B002B20
:1037500007D005A90191180002F0AEFC034802F061
:103760009BFC0120FFF730FFD8C00010E8C000101C
:10377000704710B5002802D00B684968984710BD03
:103780000100002007E083001B185B00501C08604C
:103790001078C01830380A681378303BDBB2092B38
:1037A000F1D97047F0B5DE4657464E464546E0B57E
:1037B00083B093461F000C9B9A460D9C0E9B994626
:1037C0000F9B9B0703D0B8460F00060022E0019232
:1037D000A34688464E46B9460700B44207D2551C58
:1037E0004B4641462020B84701342A00F5E73D000A
:1037F0004F465C46019B9B46B1464646B84637005D
:103800002E0007E0013C551C5346185D4346390025
:10381000B0472A00002CF5D135003E0047460F9BEB
:103820009B0707D4100003B0F0BCBB46B246A946C4
:10383000A046F0BDB0464E46B9462F005D46531B2C
:10384000B342EFD2541C4B4641462020B8472200D9
:10385000F5E7F0B5CE46474680B585B09446984624
:103860000C9D0D9C0EAB1B789946109A119B129ED5
:10387000B7071CD4002B0CD0F7070AD54F46002FF2
:1038800002D10C37374204D0013B02E030272F55DC
:103890000134944201D21F2CF8D9F70707D59C4276
:1038A00005D21F2C03D830272F550134F5E7F70632
:1038B00015D5770505D4002C03D0944224D09C4222
:1038C00022D00F9A102A2BD00F9A102A30D00F9A9C
:1038D000022A35D01F2C02D830222A5501341F2C41
:1038E00005D84A46002A31D02D222A5501340396A4
:1038F00002930194009543466246FFF753FF05B0DB
:10390000C0BCB946B046F0BD621E012C06D00F9F68
:10391000102F01D01400D4E7023CD2E71400D0E706
:10392000B206D1D41F2CCFD878222A550134D1E742
:10393000B206CCD51F2CCAD858222A550134C9E763
:103940001F2CC7D860322A550134C3E7720703D54C
:103950002B222A550134CAE73207C8D520222A551E
:103960000134C4E7F0B5DE4657464E464546E0B55D
:1039700093B081468A46089209931CAB10CB1B7802
:103980009B461E9D219B9846002C03D11023424646
:103990009A4390468023DB0046461E4042461A4228
:1039A00012D0002C22D000260EE03033D9B2771C82
:1039B0000AAB99552900200000F0D6FFAC4216D37F
:1039C0001F2F14D83E0004002900200000F0CCFF77
:1039D000CBB2092BE9D94246920605D54121C91837
:1039E000C9B20A39C9B2E2E76121F8E727004346C4
:1039F0000693209B05931F9B049303955B460293BC
:103A000001970AAB0093099B089A51464846FFF775
:103A100020FF13B0F0BCBB46B246A946A046F0BD9D
:103A2000F0B5DE4657464E464546E0B595B008909F
:103A300009910A920B931E9E1F9C20AB1B789B46FC
:103A4000229B9946239D269B9A463300234303D10C
:103A5000103352469A4392468023DB0057461F405C
:103A600052461A4219D0330023432DD0002714E0C8
:103A70003033DAB27B1C98460CABDA554A462B0041
:103A80003000210000F0AEFFA5421FD819D04346F8
:103A90001F2B1BD8474606000C004A462B0030005F
:103AA000210000F09FFFD3B2092BE1D952469206C4
:103AB00005D54122D218D2B20A3AD2B2DAE761224F
:103AC000F8E7B145E3D901E0002398465346069351
:103AD000259B0593249B04934B4603935B460293DB
:103AE000434601930CAB00930B9B0A9A09990898E3
:103AF000FFF7AFFE15B0F0BCBB46B246A946A046E4
:103B0000F0BD0000F0B5DE4657464E464546E0B5EE
:103B100091B083468A460C9298461A9C08941B9D45
:103B2000099522002B002000290001F0FAF9002855
:103B300000D0E5E001225242D74B2000290001F0DD
:103B4000EBF9002800D0DBE001225242D34B2000E9
:103B5000290001F0CBF9002800D0D1E00022002399
:103B6000089E3000099D290001F0C0F9002800D00E
:103B7000DDE008980999069007918023DB001E9AE2
:103B80001A400D921E9A1A4201D106231C930698E0
:103B9000079904000D000A000600024300D1D1E09D
:103BA000080D4005400DBE4CA44660440A03120BAC
:103BB000BC4B13431F0001F0C7F9BB4ABB4B01F0DC
:103BC0004AF9BB4ABB4B01F01FF904000D0000226B
:103BD000B94B3000390001F00EF9B84AB84B01F08A
:103BE0003AF902000B002000290001F00DF901F064
:103BF000C3F9814601F0A8F904000D00B14AB24BA7
:103C000001F029F90022B14B01F0FEF801F0B4F9FE
:103C10000600AF4AAF4B2000290001F01CF9040058
:103C20000D00300001F090F9AB4AAC4B01F013F9F4
:103C300002000B002000290001F0DDF804000D0057
:103C400002000B0001F007F90A900B91A44BF31846
:103C500000261F0522002B002000290001F0D4F8C7
:103C60000E900F9122002B0000208021C90501F049
:103C7000C2F804000D0000229A4B0A980B9901F03B
:103C8000CCF80022984B01F0BFF802000B000A9814
:103C90000B9901F0C2F80022944B01F0B5F8020034
:103CA0000B000A980B9901F0B8F802000B002000F5
:103CB000290001F0A9F802000B000E980F9901F0FD
:103CC000ACF80022774B01F09FF832003B0001F086
:103CD000C2F806000F0004000D00069A079B01F0D1
:103CE0001BF9002830D001235B429C46E1440022AE
:103CF0007D4B3000390001F090F804000D0023E006
:103D00001E9B04931D9B03931C9B0293089A099B83
:103D10000092019343460C9A5146584600F0FCF835
:103D200011B0F0BCBB46B246A946A046F0BD002388
:103D3000002406930794069680231B069C46654440
:103D400007951AE7002399464B466333C62B1ED8C6
:103D500004261E9B1B0526D52B0023430FD0644A47
:103D6000644B0698079901F0CFF8002879D000221B
:103D7000614B0698079901F0B9F8002871D01C9B97
:103D80004B4506DD4A46981A431E1C9303E0052660
:103D9000DFE700231C938023DB001E9A1A431E9248
:103DA0000026002399461D9B9E4264D29F1B02233E
:103DB0001E9A1A400A921E9A134202D0002E00D078
:103DC00000274B46002B07D022002B0006980799AE
:103DD00001F023F806900791002200230898099922
:103DE00001F084F8002848D1444B1E9A13400493F4
:103DF00003971C9B0293069B079C009301944346E8
:103E00000C9A5146584600F087F8002E00D187E7FB
:103E10001E9B9B063DD54525441C4346020051464A
:103E20002800D8474B46DA179B18534005220592C5
:103E3000013E0496002203920A3202924A46D00FB3
:103E4000019000934346220051465846FFF78AFDF1
:103E50000A9B002B00D163E702005F460C9E1D9D6C
:103E600054E01C9B002B9ED00D9B002B9BD01C9BD9
:103E7000013B1C9397E7002799E7069C079D2200CA
:103E8000290080200006844661440B0006920793B7
:103E9000AAE76525C0E7C046FFFFEF7FFFFFEFFF02
:103EA00001FCFFFF0000F03FFB799F501344D33F1C
:103EB000B3C8608B288AC63F0000F83F61436F6338
:103EC000A787D23F71A379094F930A400000E03FD2
:103ED0001655B5BBB16B0240EF39FAFE422EE63FF4
:103EE000FF03000000002C400000244000001840A8
:103EF0002D431CEBE2361A3F80842E41FFF7FFFF73
:103F0000541C434651462020B8472200931BAB4225
:103F1000F6D3100004E7C046F0B5DE4657464E46DD
:103F20004546E0B595B00690079193469946209F87
:103F30001E9A1F9B1000190000F0F3FF002831D1DA
:103F400001225242BF4B1E981F9900F0CFFF00285C
:103F500037D101225242BC4B1E981F9900F0DCFF62
:103F600000283DD10022B94B1E981F9900F0D4FFC4
:103F7000002850D10022B64B1E981F9900F0B6FFC2
:103F8000002848D1002200231E981F9900F0AEFFA0
:103F9000002850D100239846229B5B0500D4B6E050
:103FA000002458E0229B0393219B02930323019357
:103FB000A84B00934B465A4607990698FFF7F2FB29
:103FC0000EE1229B0393219B029304230193A24BB6
:103FD00000934B465A4607990698FFF7E3FBFFE02C
:103FE0000423229A1A4022990B4210D09B4B002A9C
:103FF0000FD00422229903912199029101920093FA
:104000004B465A4607990698FFF7CCFBE8E0944BDD
:10401000EDE70322EEE7229B0493219B0393029793
:104020001E9B1F9C009301944B465A460799069885
:10403000FFF768FDD4E01E9A1F9B0020002100F0CE
:10404000DAFE1E901F9101239846A5E70CAB3022A3
:104050001A55013F01341F2C01D8092FF6D81E989C
:104060001F9900F089FF050000F06EFF02000B00B1
:104070001E981F9900F0BFFEFA007A4B9B181A6831
:104080005B680A920B9300F0E6FE0890099100F03D
:1040900097FF060000F054FF02000B0008980999F2
:1040A00000F0A9FE0890099100226F4B00F034FF48
:1040B00000282ED00136300000F042FF02000B0035
:1040C0000A980B9900F018FF002801D0013500264E
:1040D000002F2CD1280000F037FF02000B001E98A3
:1040E0001F9900F088FE06000F0000225E4B00F0D2
:1040F000FDFE002846D100225B4B3000390000F065
:104100000BFF00283ED1EB073CD501353AE00627EE
:1041100046E70022544B0898099900F0E7FE002872
:10412000D6D1002E01D0F307D2D50136D0E7AA466A
:104130001F2C11D8013F0A21300000F015FC651C2E
:1041400030310CAB19550A21300000F00DFC092E5E
:104150000ED906002C00EBE755461F2C0CD87B1E11
:10416000002F09D00CAA302111551F000134F4E7AB
:104170002B0055461C00F0E71F2C03D80CAB2E2259
:104180001A5501341F2C10D80A21280000F0C4FB56
:10419000661C30310CAB19550A21280000F0BCFB1D
:1041A000051E01D03400EDE734000323229A1340AA
:1041B000012B1CD01F2C06D84346002B32D00CAB51
:1041C0002D221A550134229B0393219B02930194C3
:1041D0000CAB00934B465A4607990698FFF7E2FA54
:1041E00015B0F0BCBB46B246A946A046F0BD219B27
:1041F000002B13D04346002B02D10C3313420FD0B7
:10420000219B013B2193190003E00CAB30221A558E
:1042100001348C42CED21F2CF7D9CBE72199F8E795
:104220002199F6E7229B5B0704D50CAB2B221A558C
:104230000134C8E7229B1B07C5D50CAB20221A55B9
:104240000134C0E7FFFFEFFFFFFFEF7F65CDCD41FA
:1042500065CDCDC108C100100CC1001000C1001017
:10426000FCC00010F8C200100000E03FF0B5DE46D0
:1042700057464E464546E0B593B082468B4690463B
:104280001193002900D1EBE200275546119B1878C5
:10429000002800D1E7E2252809D07C1C43463A00DB
:1042A0005946A847119B013311932700EEE70133CC
:1042B00011930024119A11780B00203BD8B21028DA
:1042C00003D88300D048C3589F460B00303BDBB275
:1042D000092B2CD92A292FD000230A93119B1A7855
:1042E0002E2A39D000239A46119A1378683BD9B206
:1042F000122976D88B00C549CB589F4601231C4311
:1043000001321192D6E702231C4301321192D1E708
:1043100004231C4301321192CCE708231C430132D1
:104320001192C7E710231C4301321192C2E711A872
:10433000FFF726FA0A90D1E71C9B1A1D1C921868F9
:10434000002804DB0A90119B01331193C6E7022376
:104350001C4343420A93F6E78022D20014435A1CBE
:1043600011925A781300303BDBB2092B04D92A2A68
:1043700007D000239A46B7E711A8FFF701FA824653
:10438000B2E71C9B1A1D1C921868002804DB8246A9
:10439000119B01331193A7E70020F8E780235B000E
:1043A0002343511C119152786C2A01D01C0018E053
:1043B000C0239B001C430131119112E08023234351
:1043C000511C11915278682A01D01C0009E0C023C9
:1043D0001C430131119104E080235B001C43013236
:1043E0001192119B18780300253BDAB2532A00D9A9
:1043F0002CE29300864AD3589F4680239B001C439F
:1044000001321192EDE780235B001C4301321192CF
:10441000E7E7782809D0582838D06F2838D06228A4
:1044200038D010239C430A2600E01026582833D0A9
:10443000692803D0642801D00C229443630501D578
:104440000122944369282AD0642828D0A30500D5E6
:104450009FE0E30500D5B8E0630600D4CAE01C9AEB
:10446000111D1C911168FF220A4005940A9B0493B8
:1044700053460393029600230193009243463A0069
:1044800059462800FFF76EFA070027E01026CDE70F
:104490000826CBE70226C9E720221443C8E7A30574
:1044A00020D4E30550D4630666D51C9A111D1C91D7
:1044B0001168FF220A40D317D118594005940A9B6E
:1044C0000493534603930296D20F01920091434600
:1044D0003A0059462800FFF745FA0700119B0133BF
:1044E0001193D3E61C9BDA1D07218A431100083182
:1044F0001C91116853689C46DB170C930D930C9A22
:104500000D9B100048400E90624653400F930E984A
:104510000F990C9A0D9B801A99410E900F91089457
:104520000A9B07935346069304960023059363461C
:10453000DA0F02920090019143463A005946280052
:10454000FFF76EFA0700C9E71C9A111D1C9112684B
:10455000D317D118594005940A9B049353460393EB
:104560000296D20F0192009143463A005946280024
:10457000FFF7F8F90700B1E7230605D51C9A111DCE
:104580001C910023D25E96E71C9A111D1C911268A3
:1045900091E71C9BDA1D07218A43110008311C9109
:1045A00008940A9B079353460693049600230593A9
:1045B0000293136854680093019443463A005946A5
:1045C0002800FFF72DFA070088E71C9A111D1C919F
:1045D00005940A9B04935346039302960023019388
:1045E0001368009343463A0059462800FFF7BAF98A
:1045F000070073E723060DD51C9A111D1C91126844
:104600001204120C31E7C04614C1001058C100104A
:10461000A4C100101C9A111D1C91126825E74628A0
:104620001AD01C9B0733072293431A0008321C92AE
:1046300004940A9A0392524602925C681B680093A3
:10464000019443463A0059462800FFF765FC0700ED
:10465000119B0133119319E620231C43E1E76728DE
:1046600001D0472802D180231B011C43452801D0DB
:10467000472801D120231C431C9B07330722934367
:104680001A0008321C9204940A9A0392524602922B
:104690005C681B680093019443463A005946280021
:1046A000FFF730FA0700119B01331193EEE5022367
:1046B0001A002240924623421FD001241C9B1A1D3F
:1046C0001C927A1C9146187843463A005946A847EE
:1046D0005346002B16D1119B013311934F46D5E55C
:1046E000561C434659462020B847230032005C1C24
:1046F0009D42F5D83D001700E0E701233A002F0066
:104700000A9DF4E74A46A9460A9D06E0571C43461F
:1047100059462020C84734003A00661CA542F5D807
:104720004D469146D7E71C9B1A1D1C921B68994663
:104730005346002B00D1013B4E4601E001361300E9
:104740003278002A02D05A1E002BF7D14B46F21ABB
:1047500010928023DB0026001E401C4203D05245ED
:1047600001D95346109302231A0022400B92234290
:1047700005D03A0037004C46A946554620E03A009D
:10478000109B5F46B3462E0006E0551C4346390099
:104790002020B04723002A005C1C0A999942F4D8D3
:1047A00035005E46BB46109437004C46A946554638
:1047B00006E01D000134561C43465946C8473200E6
:1047C0002078002804D0002FF4D06B1E002DF0D1EB
:1047D00017004D460B9B002B03D1119B0133119306
:1047E00054E50A9F109B06E0561C4346594620207C
:1047F000A847230032005C1C9F42F5D81700ECE765
:1048000021231C431C9B1A1D1C921B6800930594BA
:104810000823049353460393102302930023019328
:1048200043463A0059462800FFF79CF80700119BC1
:10483000013311932AE57C1C43463A005946252052
:10484000A847119B0133119327001FE57C1C4346A9
:104850003A005946A847119B01331193270015E5EB
:104860000A4B9A4610E5AA46474502D343465A1ECC
:1048700000E03A00434659460020D047380013B0C4
:10488000F0BCBB46B246A946A046F0BD7137001049
:1048900000B585B0029003910121009313004A42B4
:1048A00002A90248FFF7E2FC05B000BD7337001013
:1048B00001480421014B1847B0020020E1480010D4
:1048C00010B5010018231B8814221088984710BDCA
:1048D00010B5010018231B8816221088984710BDB8
:1048E000F0B5C64600B507000E0000250123984626
:1048F00000E00135B5420AD2AC003C192068FFF750
:10490000DFFF20600028F4D100239846F1E74046FD
:1049100080BCB846F0BD0000124A936F9B0815D2C8
:104920009066D166002905D0FFE7FFE7FFE7516FEA
:10493000106F704704B580210906C2175140002846
:1049400000D0C84306F018F9002104BDF0B5146E7C
:10495000556E576F166FFFF7E3FF1466556657677E
:104960001667F0BD000000D0114A936F9B0813D268
:1049700010665166002905D0FFE7FFE7FFE7516F9A
:10498000106F704704B5002801D00020C04306F026
:10499000F3F8002104BDC046F0B5146E556E576F94
:1049A000166FFFF7E5FF1466556657671667F0BD8B
:1049B000000000D094464A4A926F9208624601D2A3
:1049C00028E0C046F0B5464E346E756E776F366F90
:1049D00000F020F89446424A1466556657671667F9
:1049E0006246F0BD94463E4A926F9208624601D2FA
:1049F00054E0C046F0B53A4E346E756E776F366F40
:104A000000F04CF89446364A1466556657671667A8
:104A10006246F0BD002B24DB11D000293EDA00B540
:104A2000C943404200D1013100F038F8C943404247
:104A300000D10131DB43524200D1013300BD002AD5
:104A4000EBD1002801D1002905D00020C90FC907EA
:104A500001D1C043410800B506F086F800220023CA
:104A600000BD00B500290ADBDB43524200D101330F
:104A700000F014F8C943404200D1013100BDC943E0
:104A8000404200D10131DB43524200D1013300F0FA
:104A900005F8DB43524200D1013300BD002923D188
:104AA000002B18D1002A0CD0BC460D4F38667A6610
:104AB00000210023FFE7FFE7FFE77A6F386F6746C3
:104AC0007047002801D00748010000B506F04CF8F7
:104AD0000022002300BD02000B00002000217047CF
:104AE000000000D0FFFFFFFF002B00D0BFE0130C41
:104AF00028D1002AE7D080B4114F39667A66FFE7E3
:104B0000FFE730B4040C7B6F396F1B0423433B6613
:104B10007A66FFE7FFE7FFE7C04684B27B6F3D6F31
:104B20001B0423433B667A66FFE7FFE7C04600238A
:104B30002C042D0C7A6F386F00196941B0BC704796
:104B4000000000D0F0B594460025140E01D11202E9
:104B50000835140F01D112010435940F01D19200D0
:104B60000235D40F01D152000135D40B0134254F49
:104B70007C66254C3C660E0C93B2FFE7FFE7FFE72F
:104B80003C6F6643360C7703BE467343DF0B5B0412
:104B9000C01AB941130C7343DB18C91ACE08664317
:104BA000360CB64493B273431F0F1B01C01AB941B0
:104BB000130C73431F0B1B05C01AB941860D8F02DE
:104BC0003E436643360C092D24DB520A7243801A99
:104BD0007703460A6643360C16235B1BDE40DF4034
:104BE000BF1964466643821B7046043506330100D4
:104BF000D940A840C01900D30131A24206D20023F7
:104C0000F0BD0000000000D0FFFFFFFF121B0130CD
:104C1000F3D3F1E709277F1BFE406446A2B272433B
:104C2000801A00D20139220C7243130C1204821A2A
:104C300099410B007046043513370100F940A84034
:104C4000801900D30131002B02D1A2420AD2F0BD5B
:104C5000013000D30131121BFAD2013BF8D1A2423C
:104C600000D2F0BD013000D30131121BF7E7F0B5DF
:104C70001C0C00D080E00CB400251C0A04D11B02DF
:104C8000160E3343120208351C0B04D11B01160FFC
:104C90003343120104359C0B04D19B00960F334320
:104CA00092000235DC0B02D192185B4101351C00E9
:104CB000971864410134464F7C66464C3C660E0CA6
:104CC000FFE7FFE7FFE7C0463C6F6643360C77031C
:104CD000BE4697B27743C01B00D20139C01B00D239
:104CE00001399FB27743C91BC91B170C77437E0458
:104CF000FF0B801BB941CE086643360C0C2D33DB0D
:104D0000B644120B1F053A431B0B97B27743C01BE7
:104D100000D201399FB27743C91B170C77433E0479
:104D20003F0C801BB941860D8F023E436643292705
:104D30007F1BFE400C3D7746AF40BF1930BCA2B28E
:104D4000ABB272437343801A9941220C7243130C25
:104D50001204801A994102000B000137001BA9417F
:104D6000F9D2781E0021F0BD0C277F1BFE4077464C
:104D70007F0BAF40FF19E0E700245D1C07D0144F04
:104D80007D663966FFE7FFE7FFE7FFE73C6F95B217
:104D90009EB265436643401BB141150C1E0C654332
:104DA000664336042F0C3E432D04401BB14199420B
:104DB00004D202000B0020000021F0BD01D190427E
:104DC000F7D3801A994101349942F2D3F6E70000F3
:104DD000000000D0FFFFFFFF44464D4656465F46A9
:104DE000F0B47047F0BCA046A946B246BB46704737
:104DF00048404140484018B41B4B5B68FC46019357
:104E000008BD04DFA751001018B4174B1B68FC46FF
:104E1000019308BD00DFB15100109446134A926F10
:104E2000920809D2624618B40F4BDB68FC46019326
:104E300008BD0CDF695400100C4AF0B5146E556EB5
:104E4000576F166F6246FFF7EEFF084A1466556605
:104E500057671667F0BD18B4034B9B68FC46019377
:104E600008BD08DF0D530010AC120020000000D078
:104E7000FFB550404240504059404B40594000E03F
:104E8000FFB5154F4C00640D03D0BC4204D10C0398
:104E900014D80020090D09055C00640D03D0BC4244
:104EA00004D11C030AD800221B0D1B0501264B4010
:104EB00009D44B4003D58B4200D18242FFBD9942B9
:104EC000FCD19042FFBD0B43DB1803431343F5D0E5
:104ED000C9434918FFBD0000FF07000000B5FFF7F8
:104EE000CFFF01D0002000BD012000BD00B5FFF7BD
:104EF000C7FF804100BDC04600B5FFF7C1FF01D923
:104F0000002000BD012000BD00B5FFF7B1FF01D9B1
:104F1000002000BD012000BD00B5FFF7A9FF8041C2
:104F200000BD012040054A00121804D85A0012188A
:104F300001D8002070470120704700207047000012
:104F40000021002805D17047C1174840401AFAD007
:104F5000C90713B5064B1B6898470CBC441CA240FC
:104F60001005120B0349091B09051943114310BD14
:104F7000AC1300201F04000010B54C00620D80230C
:104F8000D218DB00D21A5B057E2A10DD9E3A13DAB6
:104F9000CC170903490819435242D1406400013437
:104FA0001532202A05DAD0400843604310BD0020A6
:104FB00010BD0846604310BDC80FC018013810BDB1
:104FC00018B4044B5B6AFC46019308BD24DF9D5670
:104FD00000100000AC12002018B4044BDB6FFC463C
:104FE000019308BD7CDF355700100000AC12002093
:104FF00018B4044B9B6DFC46019308BD58DFB959AA
:1050000000100000AC12002070B513231C78012C96
:1050100014D0012C14DC022C02DC1F4A1F4B9A64B2
:105020001F48FFF74DFC1F4B186070BD99001A48D0
:105030001A4A885001331F2BF8D9EAE70023FAE710
:105040001948FFF745FC05001848FFF741FC0238F6
:1050500003789B007F2B19DD802229000F4800F088
:10506000F3FE022CD7D1124B1A88B5231B029A42A9
:1050700009D1104B1A88104B9A4204D10F4B1A8851
:105080000F4B9A42C7D00020FEF75AFB0D4B0E4A39
:1050900032210E48FEF7BAFA6D510010AC12002012
:1050A0004C330000AC130020534400005346000072
:1050B00054380000D8380000494600009C380000F1
:1050C0005946000048C30010F4C300109CC30010F0
:1050D00070B50B0D5B055B0D224A944663445A1C68
:1050E00026DB5A1C2AD03422D21A002A1FDD332490
:1050F000E41A20235B42E51827D40126AE40330092
:105100000125A5402A0012184B412021494265186B
:1051100021D40226AE4031000225A54028000025FA
:1051200044428D411600264030002B40190070BDCE
:105130000022C90FCB0710001900F8E7CB0FDB07DF
:105140000020094A1A431100F1E720252D1B0126F2
:10515000EE403300D4E720252D1B0226EE4031001F
:10516000DAE7C04601FCFFFF0000F03F07B56046EC
:10517000002800D100BE01880A0A0230DF2AFAD1D5
:10518000C9B2820804D3028840880004104300E0BA
:105190000068024A5050039007BD0000AC12002086
:1051A0000FB403BC0CBCF0B50124E407634000E07D
:1051B000F0B50C0DCF0F661E3605891B640503D3B1
:1051C000C943404200D30131640D03D0661CF60A86
:1051D00007D0E41B00207F00791C89078912803CDE
:1051E00024031D0DDF0F6E1E36059B1B6D0503D3BB
:1051F000DB43524200D301336D0D03D06E1CF60A1F
:1052000007D0ED1B00227F007B1C9B079B12803D7B
:105210002D032F1B661B58D4A446202E46DA2037B8
:105220001400BC401D00BD40F24033412A438018A9
:105230005941CB0F05D0C943C043002264425041BD
:10524000514162464D0D28D10D0D07D100281FD0C8
:10525000241940414941013A0D0DF9D0640006D3AB
:10526000013000D30131002C01D140084000013A47
:105270000BD4941CE40A04D112051144DB07194431
:10528000F0BDD907204B194300E0D9070020F0BD3D
:105290000029DDD1002CDBD1F0BD0132C60740086A
:1052A000CD0728434908002EE1D0D9E73C2E29DA62
:1052B000203E40371400BC4000D00124F24014438B
:1052C0001A00BB401C43D317ACE7AC46202F08DACA
:1052D00020360400B4400D00B540F8403941284361
:1052E000A5E73C2F0CDA203F40360400B44000D044
:1052F0000124F84004430800B1400C43C117EAE719
:1053000010001900002494E70000F07FF0B50C0DA8
:10531000661E3605891BE60A6405640D02D0651C0D
:10532000ED0A04D0002001210905803C2403A44695
:105330001C0D671E3F05DB1BE70A6405640D02D0E8
:10534000651CED0A04D0002201231B05803C2403C8
:105350007740644497B484B296B27443070C7E439A
:10536000150C6F4380B26843361802D30120000445
:105370003F183004350C00197D41844688B29AB23A
:1053800050430C0C62431F0C7C438EB27E43921937
:1053900002D301263604A4191604170C36186741E7
:1053A00001BC81B29AB25143040C62431B0C5C43B2
:1053B00080B25843121802D30120000424181004AC
:1053C000130C401863412D185E410020474106BC74
:1053D00088B293B258430C0C6343120C544389B205
:1053E00051435B1802D301210904641819041A0CF3
:1053F000091862416D1856410020474118BCF90256
:10540000720D1143F0026A0D1043ED020A0D03D133
:105410006D1940414941013B124E9B1B7600B3423E
:105420000ED26D0007D30130002671416646354328
:1054300001D1400840001B05C918E4072144F0BD14
:105440000BDA013306D1013004D101314F0D01D007
:105450004908F2E7E1070020F0BD013631050020E0
:10546000EBE70000FF030000F0B51C0D671E3F05D1
:10547000DB1BE70A6405640D02D0661CF60A04D043
:10548000002201231B05803C2403D0252D06002685
:10549000F6432E661E096E66CE0FF619B446490015
:1054A0004F0D02D07E1CF60A03D000200021403FA1
:1054B0003F033E1BB600B444013F7F05C91B4908AA
:1054C0002E6F013676089C02950D25437543ED132A
:1054D0007543AD1301356D10F603761B0CB4CC0289
:1054E000450D2C43A2B2B3B25A43270C7B43350C73
:1054F0006F43A4B26C431B1902D3012424043F1947
:105500001C041D0CA4187D4124196D41009A91B210
:10551000ACB26143170C7C432B0C5F4392B25A43ED
:10552000A41802D301221204BF182204230C52181B
:105530007B41019C6C431B19520ED9010A43440163
:10554000A01A81B2B2B2514303145A43360C7343CA
:1055500087B27743D617D21900277E4136049B19AC
:105560001704160C7F185E417316ED18F301002620
:1055700080337541A90F06D16400690AE8055B0A0A
:10558000184309D22FE00422944480337541A90ABC
:10559000A8059B0A184326D3404149412404009A98
:1055A000019B0D005543641B4343E41A95B286B238
:1055B0007543170C7E43030C5F4392B25A43B618EF
:1055C00002D301221204BF183204330C52197B415A
:1055D00052429C41002C02D400220130514140082B
:1055E000CA071043490802B06246D7079210084B19
:1055F000D218084B9A4203D212058918C919F0BD76
:105600000020002A01DC3900F0BD01331905F5E75F
:10561000FD030000FE070000624618CA94465A4681
:10562000002A20DB04E0624618CA944600291ADAF0
:10563000C01861415B463B415C46B4405246FA406B
:10564000224344464D4662416B41904699462B4663
:10565000B3403D41FC401C4352465B46A241AB4136
:1056600092469B467047C01AA1414B463B414C466F
:10567000B4404246FA40224354465D4662416B4183
:1056800092469B462B46B3403D41FC401C4342465C
:105690004B46A241AB41904699467047002200B567
:1056A000203200F010F8080000BD002200B500F024
:1056B0000CF8CA179A4200D100BDD8430121C9078E
:1056C000414000BD00220B150AD410B5944600F0ED
:1056D000A7F81414013400DA0021CB17144C20472A
:1056E0000020002170476244343A0CD40C2A07DAB7
:1056F00004009140904052422032D440214310BDDA
:10570000D843D94310BD203207D40C4694405242AE
:1057100020321141D040204310BD0800C91720326B
:1057200003D452422032104110BD1800190010BDA0
:10573000E75600104A00520D144BD21A13DDFF2A0F
:105740001EDAD205CB0FDB071A43C300400F090353
:10575000490A084310435B0001D301D00130704770
:105760004308FBD2704702D0C80FC00770470A0336
:1057700012130132F8D1420F072AF5D1012200E0BD
:10578000FF22C80F00028018C00570478003000088
:1057900000210A00002104E000210A00C11704E0F2
:1057A0000022002306E0C0460022CB175840594093
:1057B000C01A994130B5184CA21A002903D1010032
:1057C00010D00020203A4C1512D104D2013A001812
:1057D00049414C0DFAD3114CA24204D2120589184A
:1057E000DB07C91830BDD243520D00200021F5E778
:1057F00003D4013A00184941FBD50B324405C00AD5
:105800004D052843C90A640003D00024604161416A
:10581000E1E7E0D34408F8E732040000FE070000A7
:105820000A0DCC0F531E1B05C91A520503D3C943D9
:10583000404200D30131520D03D0531CDB0A07D084
:10584000121B00206400611C89078912803A120330
:10585000014BD21A70470000FF030000023225D42A
:105860000C2A1CDA1125AD1A0B002B410832073522
:105870000600EE40904091403143F0CC63431A154E
:1058800000235A41554356435743BF02F41276054D
:1058900076196741ED177F19801BB94170470C22BB
:1058A0000020C917490001310905DBE70902030E91
:1058B000194300025342203208D40C00194194408D
:1058C000D840204300225041514170470800C91779
:1058D000203B2032F1D5002000210022704700003B
:1058E00000B5FFF79DFF30A4FFF7B8FF00242C4D53
:1058F0002C4ED20702D3F6436D426641520004D2C9
:10590000A246A346A846B14603E0A046A146AA4641
:10591000B3466EA4A44601271F26FFF784FE013775
:10592000013E212FF9D100BD594684B28DB26C439E
:10593000061475430B145E4382B25A43AD18EA173E
:1059400000D7D2431204B6182A042B0C1219734143
:10595000404649469D009B17920F2A43904199412A
:105960003E2222E7494684B28DB26C430614754349
:105970000B145E4382B25A43AD18EA1700D7D243E4
:105980001204B6182A042B0C1219734150465946BA
:105990009D009B17920F2A43504159413E2204E734
:1059A000BB4DF09DC556F6367D5100001A611400BE
:1059B00085880A00FB211900F0B5FFF70DFA404D6C
:1059C0000C002C4001D0AC4202D1090D0905002089
:1059D0001C002C4001D0AC4202D11B0D1B05002243
:1059E0000026ED02002B04D502266B40694000D44E
:1059F00076424F1904D599420CDD0136694003E027
:105A0000BB4207DA013E6B40070010003A000F006E
:105A100019003B0040B4002A0FD1002B0AD05C00D3
:105A20006415013409D14C006415013402D10139E7
:105A3000013B02E0002000212EE0FFF715FD3E2291
:105A4000FFF734FE82468B4600200021804601226B
:105A5000920791461DA4A44601271F26FFF7DCFDEF
:105A60000137013E212FF9D14A4653460C3A012411
:105A70006407002752081B0005D49341001979419F
:105A80006408F7D104E05341001BB9416408F1D127
:105A9000CE0749104008304340BC002E0AD0094CC4
:105AA000094D01D5E443ED43F60701D100196941E1
:105AB000001969413D22FFF778FEFFF793F9F0BD29
:105AC0000000F07F8D305A88A8F64332694FBB61E1
:105AD0000567AC1DB16E4096FCBAAD0F72DB0BAB27
:105AE000A66EF50739BD9FE576ABFE034B6297BA0C
:105AF0005BD5FF01D694DBDDAAFAFF005DEAEE5626
:105B000055FF7F006E77B7AAEAFF3F00BCBB555533
:105B1000FDFF1F00DEADAAAAFFFF0F006F5555F570
:105B2000FFFF0700ABAAAAFEFFFF03005555D5FFF4
:105B3000FFFF0100ABAAFAFFFFFF00005555FFFF72
:105B4000FF7F0000ABEAFFFFFF3F000055FDFFFFB6
:105B5000FF1F0000ABFFFFFFFF0F0000F5FFFFFF7F
:105B6000FF070000FFFFFFFFFF0300000000000031
:105B70000002000000000000000100000000000022
:105B80008000000000000000400000000000000055
:105B900020000000000000001000000000000000D5
:105BA00008000000000000000400000000000000E9
:105BB0000200000000000000010000000000008062
:105BC000000000000000004000000000514343437B
:105BD000C9188C46110C83B24B4310B4040C6143BA
:105BE00092B280B2504362431C041B0C001910BCDB
:105BF00059411304120CC018514161447047000010
:105C000048404140484000239C46114B5B68184780
:105C100000239C460E4B1B6818470E4A936F9B0847
:105C200004D200239C460A4BDB681847F0B5146E7B
:105C3000556E576F166FFFF7F4FF064A14665566E8
:105C400057671667F0BD00239C46014B9B681847B9
:105C5000B0130020000000D007B548404140484044
:105C600001E0C04607B54200120E03D0FF2A03D15F
:105C7000420218D8C00DC0054A00120E03D0FF2AF8
:105C800003D14A020FD8C90DC9050122414005D4EC
:105C9000414001D5814207BD884207BD01434918F3
:105CA00001D0C043001807BD00B5FFF7DBFF01D9E5
:105CB000002000BD012000BDC10FC90700D5404232
:105CC000002817D0F44603B40B4B1B68984706BC5A
:105CD00081409E384042803107D20B0607D04900F0
:105CE000490AC0051043084360470130F8E7490AF4
:105CF0008902F5E770470000AC13002070B513234C
:105D00001D782A48FEF7E4FD0400012D11D0012D75
:105D100009DDA31E1B789B007F2B40DD8022210024
:105D2000234800F091F82348FEF7CAFD224B186083
:105D300070BD542201001E4800F086F81F4B1A88DF
:105D40001F4B9A421CD1A7239B011A881D4B9A42D4
:105D500016D11D4B1A881D4B9A4211D11C4B1A8823
:105D600094239B019A420BD11A4B1A881A4B9A42E0
:105D700006D11A4B1A681A4B9A4201D1152307E033
:105D80001848FDF7DDFC99001748094A885001338F
:105D90001F2BF8D9144A064B1A62DA61B7E7134B86
:105DA000134A42211348FDF731FCC0465346000018
:105DB000B01300204C330000AC130020EE2900008B
:105DC000C40F0000C20D0000962B0000C0B50000FB
:105DD000182B0000CC2A000010B50000FC2C00009D
:105DE00051ED876434C00010F95D001008C4001044
:105DF00090C400103CC4001007B56046002800D1D4
:105E000000BE01880A0A0230DF2AFAD1C9B282082C
:105E100004D3028840880004104300E00068024A6E
:105E20005050039007BD0000B0130020014804212A
:105E3000014B1847C0020020E1480010014B1B68CD
:105E400018470000C0020020014B5B6818470000A3
:105E5000C002002010B50300080011001B6898471D
:105E600010BD0000F8B507000D001600437D002BA3
:105E700002D0002400200CE003681100280098479D
:105E80002DE03B7D10E0022115483B689847601CDF
:105E90000134B44214DA002CF3DD2B19013B1B78DA
:105EA0000D3B5A425341DBB22A5D0A2AF0D1002B46
:105EB000EED1A042E7DA211A28183B689847E2E7BA
:105EC000B04203DA311A28183B689847002E06DDE5
:105ED000AD19013D2B780D3B5A4253413B75F8BD3E
:105EE00038C5001070B505000368002B16D00C4BA8
:105EF0001C6805E0290004C92000FFF7B3FF2469EE
:105F0000002C09D02368002BF9D0064B1B68002B0E
:105F1000F0D0A342F3D1EDE700232B6070BDC04663
:105F20008C1200209412002070B505000C000B6844
:105F3000802B05D021684B1C23606418257170BD2F
:105F40000800FFF7CFFFF5E710B5FCF779FD020079
:105F50000B1E0BDB0D48002112184B41002B0BDBF5
:105F6000002B0DDB0A4804F00FFE10BD094B0A4A56
:105F70003F210A48FDF74AFB01225242084BEFE756
:105F8000044B054A3F210548FDF740FB40420F0006
:105F90009C0C002088B8001020C50010A4B8001088
:105FA000FFFFFF7F10B5024804F0D6FD10BDC046CC
:105FB0009C0C0020F0B5CE46474680B583B0060065
:105FC0000D0090461C00FFF7BFFF81466B1C05D0FB
:105FD000002C08D0194F1A4B1C6807E0300001F064
:105FE0001DF80500F4E7174FF5E72469002C17D0DA
:105FF0002368002BF9D0144B1B68002B01D0A3425F
:10600000F3D12A0031002000B8474346002BECD0E2
:106010006B46D91D0A230B7001222000B847E4E724
:106020004B46002B07D16B1E9D41E8B203B0C0BCAC
:10603000B946B046F0BDFFF7B5FFF4E7555E001076
:106040008C120020655E001094120020094A01E0C5
:1060500010331A001368002B08D08342F8D10029AE
:1060600007D1036913600023036102E0002900D017
:10607000106070478C12002010B5064B1C6801E0C0
:1060800098472469002C03D06368002BF8D1F8E707
:1060900010BDC0468C12002070B5050000F0BEFF98
:1060A00004000023012201002800FFF783FFFFF70F
:1060B000E3FF200070BD000070B5A2B004000E0028
:1060C000FFF742FF0500002301933300220001A9DE
:1060D0000848FEF7DDFB040001A8FFF703FFFFF708
:1060E000CBFF002D02D1200022B070BDFFF75AFF78
:1060F000F9E7C046295F00100FB400B583B004A9CA
:1061000001C90191FFF7D8FF03B008BC04B01847DC
:1061100010B500F0F9F8012010BD0000F0B583B013
:1061200005000E0000240FE06B46D91D0D230B70F7
:106130000020002816D193699B06FCD40B781360CD
:1061400001300131F5E70134B44219DA0D4B1A6818
:106150002F5D0D4BD31859424B415B000B495B5EE1
:10616000BB42E1D06B46D91D0F7000200028EAD158
:1061700093699B06FCD40B78136001300131F5E77D
:1061800003B0F0BDC81400200080FCBFC414002080
:10619000F0B583B006000F00002504E06B4607331E
:1061A0001B782B702500BD4215DA174B1A689369CE
:1061B0001024210019401C420DD16C1C75196B462E
:1061C000D81D0029EAD19369DB06FCD4136803705B
:1061D00001310130F5E70D4B1B68002B0CD00A4B49
:1061E0001A685023936311003431536B38221A40DC
:1061F00080235B010B431A60002D02D0280003B0FE
:10620000F0BD033DFAE7C046C81400201C12002070
:1062100010B5064B1B68002B06D0054A12680021FA
:106220009163044A1068984710BDC0461C120020B4
:10623000C81400202012002070B504000E001C4B72
:106240001B681C4A98184242504114300500002C2B
:1062500003D0194A1268002A06D0002C19D0164B18
:106260001C60164B1E6070BD1549FBF73BFC0121FD
:106270002800FBF727FC0E4B1A685023936311008C
:106280003431536B38221A4080235B010B431A6070
:10629000E5E7094A1268002AE1D000229A6300214A
:1062A0002800FBF70FFC06492800FBF745FCD6E762
:1062B000C81400200080FCBF1C1200202012002007
:1062C0001162001070B50D001C000D4B1860002A03
:1062D0000BDA002C0EDA0A4B18682900FCF77EFF57
:1062E00001210848FFF7B2FE70BD02211000FBF744
:1062F000EBFAEEE702212000FBF7E6FAEBE7C046F7
:10630000C8140020D002002010B5064B1B78064BA5
:106310001B78E1210123002249020448FFF7D2FF44
:1063200010BDC0461CCB001020CB00100040034025
:10633000F0B5DE4657464E464546E0B585B0060008
:1063400010001C0002930EAB1A7803920F9D109F51
:1063500033680022DA663368596033680132DA66DE
:10636000A246002398469B4600242BE03279002A5F
:1063700031D001222FE00399002901D000212EE025
:1063800001212CE03800A84703000443E4B2002BAD
:1063900006D13268526BD20602D4002DF2D1F6E754
:1063A000002B09D13268802151588B4600291FD11A
:1063B000002C2FD1C1451ED0002C33D10122944690
:1063C000E0440198D0452DDA029A013A91464246BE
:1063D000002ACBD000229202C145CCD00021490234
:1063E0000A43411C01910078316802430A61D4E7F5
:1063F000526D01240EE0039A002ADDD10AE0380034
:10640000A84703000443E4B2002B06D13268526B64
:10641000920502D4002DF2D1F6E7002BCCD13268E0
:10642000126EC9E7002C09D0002B15D15B46002B5A
:1064300016D0DB0718D45B461B0709D5039B3371C5
:10644000404605B0F0BCBB46B246A946A046F0BDEA
:1064500002235B429846F1E701235B429846EDE751
:1064600002235B429846E9E702235B429846E5E750
:10647000F0B5D6464F464646C0B505000C0005208F
:10648000FCF7F0FF0600600880192100FEF76CFAA7
:10649000070043009946814405214846FEF764FA07
:1064A00080463B1A9A46284B9C4224D8700080199B
:1064B0002649FEF759FA441C4346023BA34221D326
:1064C0002B680022DA6629680A68042353400622F2
:1064D0001A4080235B010B431A602B685246DA6135
:1064E0002B6842461A624B464F2B11D95021484621
:1064F000FEF73AFA0DE0700080191549FEF734FAFC
:10650000441CD9E7134B144A5D211448FDF77EF86B
:106510000120A0232A68D0502A6811007C31D06F56
:1065200044402404240C80235B010B431C602B6833
:106530000122DA6639003000FEF716FAE0BCBA46EE
:10654000B146A846F0BDC0463F420F008096980075
:1065500040787D017CC50010E8C500109CC5001086
:1065600010B5114B98421CD01022104B1A60104BE2
:106570001A60104B9B6814009C43231EF9D10471D0
:106580000268D46602686624FF3414600268D3632C
:1065900002689363883303220468E250FFF768FFC0
:1065A00010BD0822E1E7C046E802002000E00040FC
:1065B00000F0004000C0004030B585B008AC257840
:1065C0000024029401940095FFF7B2FE05B030BD9F
:1065D00070B50B0C0024150C002B28D1002D37D1E1
:1065E0008BB291B2594300F047F8051E19D0030051
:1065F000083B5A6803239A43043A242A13D8030019
:10660000132A0AD90460446008331B2A05D9846020
:10661000C460242A25D00300103300221A605A6077
:106620009A60280070BD0021FFF708FCF9E7002DF3
:1066300011D1151C89B292B24A43ADB29BB26B43E1
:10664000110C5B18190C06D1190492B21143CAE758
:106650002B1C0D1CEEE700F009F80C23002503604D
:10666000DFE70300046118334461D6E7014B186883
:106670007047C046F0020020F0B54E464546DE4663
:106680005746E0B50D000B35060083B0162D22D815
:10669000102900D9B2E000F0B1FA10251823022029
:1066A000CC4FFB181A005C68083A944200D1B5E060
:1066B000032362689A431300E268A168CA6091608C
:1066C0000122E318596830000A435A6000F09EFA2C
:1066D0002000083095E007239D4300D58EE0A942B5
:1066E00000D98BE000F08AFAFC235B009D4200D2C7
:1066F000A7E1680A00D18BE0042800D97AE13823A9
:106700009846A80980443930C100B24F79184C68C6
:106710000839A1420ED003239C4604E0002ACBDABC
:10672000E468A14206D06246636893435A1B0F2A6D
:10673000F4DD40463A003C690832944200D178E0EA
:1067400003236168994389460B00491B0F2900DD2B
:106750007BE17A613A610029B2DA802292009145A8
:1067600000D30FE15909DA0801238B40D200796880
:10677000D2190B4391687B60E260A1609460CC60A9
:10678000012182109140994259D80B4205D1032230
:106790009043490004300B42FBD003239846C300CA
:1067A0009946B944CC4682466346DC68A44507D185
:1067B0002CE1002A00DB35E1E468A44500D125E1A5
:1067C0004246636893435A1B0F2AF2DD012080463C
:1067D000611905436560A068E5680837C560A86071
:1067E00040461043F960B9604860CF6030008F6068
:1067F000E25000F00BFA2000083002E00C230020E9
:10680000336003B0F0BCBB46B246A946A046F0BD1B
:1068100080213F2340209846890076E7DC680230DB
:10682000A34200D044E73A003C690832944200D0C9
:1068300086E701217B68821091409942A5D9032304
:10684000BC6862689A439146954203D8531B0F2B4C
:1068500000DD89E023004B445F4A01935F4B934680
:106860001B681268EB18013200D13DE15C4A944686
:1068700063441B0B1B0300933000009900F078FB6E
:1068800003008046013300D1FAE0019B834200D926
:10689000F4E0544B00981A009A461268030094469C
:1068A000514663440B6001991A00414500D151E102
:1068B0005B461B68013300D156E1434601995B1AE0
:1068C0009A1853461A600723424641461A400192DD
:1068D000194200D112E108239846881A424B0099C8
:1068E000804441449B1A5B1A1B051B0D009130002C
:1068F00019009B4600F03CFB431C00D150E143468D
:10690000C01A03005B440093534652461B680121A2
:106910005B44136042464046BA60009A0A434260B4
:10692000BC4200D124E14A460F2A00D822E10720C8
:106930000C3A824360680140052011436160A11850
:10694000486088600F2A00D935E1424644465268C3
:1069500026490868984200D20B6025490868984289
:1069600000D38FE00B608DE0012229001343114317
:10697000651961603000BD606B6000F047F9200070
:1069800008303EE75A0A042A72D9142A00D9C5E011
:1069900011005C325B31D20008235B429C46BA187E
:1069A000944463469A6803239846944500D19EE038
:1069B000434651689943494502D992689445F7D1B5
:1069C000D3689C467B686146A260E1608C60D460BD
:1069D000D6E6C04620070020280B00200812002021
:1069E0000F100000D8110020081000000012002035
:1069F00004120020142852D9542800D996E06E239E
:106A00009846280B80446F30C1007EE608239B46E1
:106A1000073BDC449B46DA4443465246134200D0CF
:106A2000C2E64CE00122E318596830000A435A607C
:106A3000E368A268D3609A6000F0E8F820000830AC
:106A4000DFE62B00E80808332AE6012360191D431E
:106A5000656078613861C26082601A004B460A4303
:106A600042603000E15000F0D1F820000830C8E664
:106A70009A09110039323831D2008DE7BC4260D01A
:106A8000BC68626803239A43531B954202D80F2BBC
:106A900000DD69E7300000F0B9F80020B1E65B23C3
:106AA000984680445C30C1002FE608235B429C4638
:106AB000E1444B469B6801384B4500D098E0434683
:106AC0000342F2D17B688B437B604900994200D935
:106AD000B5E6002904D1B2E6042294464900E24416
:106AE0000B42F9D050465AE610330093C4E68910A1
:106AF000023B8B4079680B437B6064E7009B30006E
:106B000043445B421B051B0D19009B4600F030FA05
:106B1000431C00D0F3E600239B46F5E6542A2BD80D
:106B20001A0B11006F326E31D20035E7AA235B00D9
:106B300098422BD8DD3B9846E80B80447830C10062
:106B4000E3E52C4B009A9A461B689C4653466244E8
:106B50001A60ADE6090500D0AAE60200BC684A4406
:106B600001310A436260F3E65B4642461A60AAE6D8
:106B70004446EDE641608DE7AA2149008A4224D8C7
:106B8000DA0B110078327731D20005E71A4B9842C0
:106B900024D87C239846A80C80447D30C100B4E5FD
:106BA000009A019B94464246083B63449B1A00931B
:106BB00000239B46A8E621003000083100F0C6FA09
:106BC0005346BC681B686268C2E60B498A420BD810
:106BD0009A0C11007D327C31D200DDE6FE217E234D
:106BE0007F209846890090E5FE227E219200D3E620
:106BF0007B686AE7D81100205405000010B50248F0
:106C000000F086FB10BDC046D411002010B502482C
:106C100000F080FB10BDC046D4110020F0B55746EF
:106C20004546DE464E46E0B50C000700904683B070
:106C3000002900D1A8E045460B35FFF7DFFF162DF0
:106C400070D810251023A84570D82600083E71681A
:106C500003220800904381460096984200DB77E0CB
:106C6000C24A301893469268824200D1CAE0426814
:106C700001900092012292465046009A8243019868
:106C800094468346DC44624650465268024200D035
:106C900071E00320009ACB4682439446E3449B452F
:106CA00050DA52460A4211D103213268B21A924692
:106CB00052688A436146511849448B46994200DB29
:106CC00078E04A4493469A4200DB78E04146380037
:106CD000FFF7D2FC8046002820D07368B4460093AA
:106CE00001230099020099430B00083A6344934240
:106CF00000D1F7E04A46043A242A00D9F7E003001D
:106D00002100132A00D9C8E00A681A604A685A604C
:106D10008A689A602100380000F018FA3800FFF7FE
:106D200075FF07E007239D432B1E8CDA0C233B6085
:106D300000239846404603B0F0BCBB46B246A94685
:106D4000A046F0BDD946019AD3689268D3609A6094
:106D50004B465B1B0F2B1CD801214A4673680B4026
:106D6000134373604E447368194371603800FFF732
:106D70004DFFA046DEE70842A8D103213268B21ACF
:106D8000924652688A439CE71100FFF775FC8046E3
:106D9000D0E7012072687119024003431543756002
:106DA0004B604E447368083118437060380000F03F
:106DB000CDF9DBE7019AD3689268D3609A605346B5
:106DC0005246DB6892685646D3609A604A46043A57
:106DD0000836242A6BD83300132A09D95346216870
:106DE00099606168D9601B2A00D98EE0083410339D
:106DF0002268D9461A6062685A60A26834009A60B4
:106E00005646A5E75068032290430D3282469446C9
:106E1000CA44AC44E24552DACA0700D556E73168A5
:106E2000721A0321924652688A431018010049449D
:106E300000918C4500DD44E753465246DB6892687A
:106E4000D3609A6008234A465344043A9846242A59
:106E500075D8132A08D95346216899606168D960AA
:106E60001B2A71D80834103322681A6062685A608D
:106E7000A2689A60534659195B469960009B380096
:106E80005A1B01231A434A605246526813401D435D
:106E900053465D60FFF7BAFE4CE721680160616808
:106EA00041601B2A27D82100083308312CE7210034
:106EB0003000340000F030FAD946564648E75B46C9
:106EC0000098A0464119996053465A1B01231A4362
:106ED0004A6041680B401D43456038000091FFF750
:106EE00095FE27E703225B689343994430E721002E
:106EF00000F012FA0EE7A1688160E168C160242AFF
:106F00000CD0210010331031FEE6A1681961E16850
:106F10005961242A0BD01034183369E72269210003
:106F2000026102006069183118335061ECE6226991
:106F30009A61524661692033D161183458E72100C3
:106F4000180000F0E9F995E7A1681961E168596155
:106F5000242A02D01034183386E722699A615246F7
:106F600061692033D16118347EE7C04620070020D4
:106F7000002370B5064D040008002B60FCF726FBCB
:106F8000431C00D070BD2B68002BFBD02360F9E7B9
:106F900090120020024670B50A4392072AD11E4D76
:106FA000EE0104C808C9541B9443344017D0D0B232
:106FB000D9B2401A2106014310D190B299B2401AB9
:106FC000210401430AD110021902000A090A401AD9
:106FD0002102014302D1100E190E401A70BD9A42CF
:106FE000DFD010BA19BA884201D9012070BD002043
:106FF000C04370BD02780B7801300131002A09D0FE
:107000009A4207D102780B7801300131002A01D071
:107010009A42EFD0D01A70BD0101010110B583076B
:107020000AD00300032102E001330B4205D01A7895
:10703000002AF9D1181A10BD030019680C4A0D4C2A
:107040008A188A4322420FD15968094A04338A18A0
:107050008A43224208D15968054A04338A188A4370
:107060002242F1D000E001331A78002AFBD1E1E797
:10707000FFFEFEFE8080808010B504001300094AE8
:107080009AB01068084A009405920292074A049444
:1070900003920A00694600F095F90023009A1370E4
:1070A0001AB010BDF0020020FFFFFF7F0802FFFFB3
:1070B000F8B50C000500FFF7A1FD204FBB685E6826
:1070C00003239E431E4B341B9C466444240B013C0B
:1070D000113324039C4207DB00212800FFF748FFFF
:1070E000BB689B19984204D02800FFF78FFD002051
:1070F000F8BD28006142FFF73BFF431C0DD0012281
:10710000BB68361B16435E600E4B28001A68141BC2
:107110001C60FFF77BFD0120EAE700212800FFF754
:1071200027FFBA68831A0F2BDEDD07490968401A6A
:107130000449086001210B435360D5E72007002074
:10714000EF0F0000D8110020280B0020F0B5C64634
:1071500005000C0000B500294FD0FFF74FFD2100BE
:1071600008394C68012622000320B2438F187B683F
:107170008343624898468368BB426AD043467B603B
:1071800026421ED108239C460C688444091B121910
:107190008C6864454FD0CB68E3609C604346FC1824
:1071A0006468344211D1BB68554C4244A34200D1BB
:1071B0007EE0FC68DC60A360012313434B608A50CF
:1071C00006E0FC1864683442EDD016434E603A6025
:1071D00080239B009A4213D25409D3080122A24073
:1071E0004468DB002243426018188368C8608B60E3
:1071F0008160D9602800FFF709FD80BCB846F0BD6A
:10720000530A042B3ED89409260039343836E4005A
:1072100004192368083C03279C4242D05868B843AD
:10722000904202D99B689C42F8D1DC68CC608B60AC
:10723000A160D960DEE74346F8184068304257D174
:10724000FB68B86842441643C36098604E608A5039
:10725000D0E713004344264206D10A68891A8C6895
:107260009B18CA68E260946001221A434A60254A6A
:10727000816012689A42BDD8234B28001968FFF735
:1072800017FFB7E7142B07D9542B1AD8140B260075
:107290006F346E36E400BBE71E005C335B36DC0007
:1072A000B6E70122B610B240466832434260BDE7FD
:1072B000D9609960CB608B60012313434B608A5087
:1072C00098E7AA246400A34205D8D40B260078349A
:1072D0007736E4009CE70D4CA34205D8940C2600B9
:1072E0007D347C36E40093E7FE247E26A4008FE7FD
:1072F000330013434B603A607CE7C0462007002010
:10730000280700202C0B0020081200205405000044
:107310007047C0467047C046F0B588420AD98B18FE
:10732000984207D2531E002A03D0CA5CC254013BC4
:10733000FBD2F0BD0F2A0BD80500561E002AF8D04C
:107340000023CC5C1A00EC5401339642F9D1F0E7EB
:1073500003270D003E0005430C0003002E402F4282
:107360002BD11500103D2D09AC462F013F18256883
:107370001D6065685D60A5689D60E5681034DD602E
:107380001D001033BD42F2D165460F230C24013598
:107390002D01491913404519144211D08C59AC5193
:1073A00004369C1B032CF9D8043B9B0801339B003B
:1073B000ED18C91803231A40BFE70500561EBFE7A2
:1073C0001A00BAE7F0B5DE464E4657464546E0B5E8
:1073D000D7B00C0091460B910F93834602F05EFEEE
:1073E000036818001C93FFF719FE1B90A3891B0666
:1073F00005D523690693002B01D101F01AF82DABB6
:107400002A93002300242C932B93159300234E469C
:107410001693179400231D931E931A931F93209382
:10742000099333782DAF002B00D10AE1340003E03B
:1074300063780134002B38D0252BF9D1A51BB44239
:1074400037D12378002B00D1FBE0631C9A46002340
:107450001CAAD376012252420792002263781500BB
:107460005446089201341A00203A5A2A52D8C54983
:1074700092008A589746584602F010FE436818005A
:107480002093FFF7CBFD80461F90584602F006FE82
:1074900083681A934346002B01D000F058FE2378EE
:1074A000E0E720231D432378DCE7A51BB44200D18D
:1074B000C7E02C9B3E605B192C932B9B7D60069351
:1074C00001332B93072B06DC0837099B9C46AC4401
:1074D00063460993B5E758460B992AAA03F08CFA3C
:1074E000002809D12DAFF0E7B3460E9B002B03D047
:1074F00019005846FFF72AFE0B9B9B895B0601D5B6
:1075000001F02DFC099857B0F0BCBB46B246A94625
:10751000A046F0BDA246A8461293002B00D190E0F1
:107520003DAE337000231CAAD37600220E920132A6
:1075300001330A92002206930023079218921392B5
:107540001492022241461140109141460A4202D053
:10755000069A023206928422414611401191414618
:107560000A4205D1089A0699541A002C00DDCEE093
:107570002C9C002B11D01CAA1B23944663443B6017
:1075800001237B602B9B0134199301332C942B93A3
:10759000072B01DD00F032FC0837109B002B0ED0CA
:1075A00023AB3B6002237B602B9B0234109301339F
:1075B0002C942B93072B01DD00F013FC0837119B53
:1075C000802B00D120E3079B0A9A9D1A002D00DD35
:1075D0005EE34346DB0500D5B6E20A9B3E609C466F
:1075E0007B602B9B6444079301332C942B93072BD4
:1075F00000DD13E1083743465B0706D5089B069A72
:107600009E1A002E01DD00F006FC089B069A9342AC
:1076100000DA1300099A94469C4463460993002CAF
:1076200000D06EE300232B930E9B002B03D0584613
:107630000E99FFF78BFD56462DAF3378002B00D007
:10764000F4E62C9B0693002B00D155E758460B9986
:107650002AAA03F0D1F94FE7303B210000201A009D
:10766000830018180B001B78400010181A00013115
:10767000303A0C00092AF3D90890F4E61293072354
:10768000A2460F9CA84607349C43220018CA1693B2
:107690001794169B179C0F921D000122640064082A
:1076A00028002100384B5242FDF73BFC002801D056
:1076B00000F076FD012228002100334B5242FDF7F5
:1076C0001BFC002801D000F06BFD169817990022D2
:1076D0000023FDF70BFC002801D001F0C6F81CAB1D
:1076E000DB7E129A472A01DC01F097F8274E8022B0
:1076F000414691437D3A0692002288460E9203321B
:107700000A92002207921892139214924CE12C9A3A
:107710002B9B1F4D102C26DD1021300089465E4624
:10772000390083460B9F03E0103C0831102C16DD16
:107730004846103201330D6048602C922B93072B82
:10774000F2DD390030002AAA03F056F9002800D0F3
:10775000CAE6103C2C9A2B9B2DA9102CE8DC0F00BC
:107760005946B3460E007C600133A4183D602C944A
:107770002B93072B01DD00F086FF1CABDB7E083767
:10778000F7E6C04638C60010FFFFEF7F00C60010C6
:10779000A4C70010159B3E60012B01DC00F002FC29
:1077A00001237B602B9B01345D1C2C9407932B954C
:1077B000072D01DD00F082FC08371C9B01353B6082
:1077C0001B9B2B959C4664447B602C94072D01DD0C
:1077D00000F082FC08370022169817990023FDF765
:1077E0007DFB002801D000F004FC159B0136013B15
:1077F000E41801353E607B602C942B95072D00DD4D
:10780000E0E3083726AB3B601E9B01359C46644491
:107810007B602C942B95072D00DCEBE658460B99EA
:107820002AAA03F0E9F8002800D05EE62C9C2DAFD0
:10783000E1E612930023A2460F9C1CAA40CCA84666
:10784000D376002E01D100F08AFF079A531C01D194
:1078500000F0FFFD0021300002F024FC0E90002813
:1078600001D101F009F90E9B991BCA43D2170A9165
:10787000114000221CABDB7E06910F940E92079202
:107880001892139214928FE0A2460F9C129308CC88
:107890003DAE337000231CAAA846D3760F9444E66D
:1078A0000F9A08CA0893002B01DB00F02DFC089BFF
:1078B0000F925B42089304231D432378D2E52B23C8
:1078C0001CAAD3762378CDE580231D432378C9E510
:1078D0002378601C2A2B01D101F032FB1A0000240E
:1078E000303A079401000400092A00D9BBE50020C2
:1078F000830018180B001B78400080181A00013113
:10790000303A0C00092AF3D90790ACE501231D4356
:107910002378A7E51CABDB7E002B00D0BFE520233E
:107920001CAAD37623789DE5A246129310242B003F
:1079300023431C00A30600D49DE307220F9B0733BB
:10794000934319000CC90C920D9301230F9100224F
:107950001CA9CA760798421C00D1C6E080222100EB
:10796000914388460C990D9A0D00154300D0BBE059
:10797000002801D000F0E4FE002B00D034E30133F6
:107980001A0022400A9256AE234200D0C0E30A9A5F
:1079900007991CABDB7E06928A4200DA0691002230
:1079A0000E92189213921492002B00D1C9E5069AF8
:1079B00001320692C5E52A00129310231A43A2460B
:1079C000904643469B0600D44BE307230F9C0734A5
:1079D0009C43220018CA0C930D940F924346DC4C32
:1079E00023401C000023B2E708231D43237839E518
:1079F0002A00129310231A43A246904643469B0640
:107A000000D443E307230F9C07349C4301339C4677
:107A1000A444634622680F9363680C920D93002B75
:107A200000DA3EE3079B4446013307D080239C43A2
:107A30000C9A0D9B1100194300D1D0E20C9A0D9BBA
:107A4000002B00D08CE1092A00D989E163220C9B2C
:107A50003DA930338B5401230A931CABE7269C4687
:107A6000A046664493E723786C2B01D100F0DBFC41
:107A700010221543F6E42378682B01D100F0B4FC02
:107A800040221543EEE40F9BA24604CB02240C9245
:107A900000220D922A0030212243140023AA1170E3
:107AA0004831517078220F93AA4B12921D930223F2
:107AB0004DE72B00A2469B0600D53EE32B00DB06DC
:107AC00001D500F044FE2B005B0601D500F0F4FE6A
:107AD0002B009B0501D400F03AFE0F9C099A08CCBC
:107AE00056461A700F94A8E54446012BA6D056AE10
:107AF000022B00D10FE10723A046B9469C460C9A01
:107B00000D9B5F07D5086146D8082F430300380056
:107B1000114034003031013E3A0031701843F0D149
:107B2000250044464F460C920D93E20700D453E1E2
:107B3000302900D150E13023013E023D337056AB75
:107B40005B1B2E000A9322E7129B652B00DC21E6CB
:107B50001698179900220023FDF7C0F9002800D1DC
:107B600096E17D4B01343B6001237B602B9B2C9481
:107B7000079301332B93072B01DD00F0A9FD083794
:107B8000249B159A934200DBB4E21C9B3B601B9B39
:107B90009C467B602B9B6444079301332C942B936E
:107BA000072B01DD00F027FC0837159B5D1E002D1B
:107BB00000DC20E5694A2B9B9146102D01DC00F08A
:107BC00098FD0B983A00210010264C465F468146EE
:107BD00005E00832103D102D01DC00F086FD10316B
:107BE0000133146056602C912B93072BF1DD49462D
:107BF00038002AAA02F000FF002801D000F0E9FEB8
:107C00002C992B9B2DAAE5E7089B069A9D1A002D1F
:107C100000DCD8E4514A2B9B9146102D26DD3A001A
:107C200021000B9F4C46B1465E4603E0103D0832F2
:107C3000102D16DD102010310133146050602C918E
:107C40002B93072BF2DD390030002AAA02F0D4FE74
:107C5000002800D048E4103D2C992B9B2DAA102D14
:107C6000E8DCB34617004E46A1460C004A466419AC
:107C700001333A607D602C942B93072B01DD00F0DB
:107C800052FD079B0A9A08379D1A002D00DCA0E4DC
:107C9000324A2B9B9146102D27DD3A0021000B9F85
:107CA0004C46B1465E4603E0103D0832102D17DD0C
:107CB000102010310133146050602C912B93072B4E
:107CC000F2DD390030002AAA02F096FE002801D029
:107CD000FFF70AFC103D2C992B9B2DAA102DE7DCF9
:107CE000B34617004E46A1460C004A4664190133BC
:107CF0003A607D602C942B93072B00DDA4E10837BC
:107D000067E458460B992AAA02F076FE002800D1B3
:107D100088E4FFF7EAFB0F200C9A0D9BA446B846B7
:107D20001D9F01001140795C1C071509013E2C4381
:107D3000317019090B00210022001943F1D10C9276
:107D40000D9356AB9B1B47460A93E0461FE6C04681
:107D5000FFFBFFFF08C60010B8C40010B4C7001036
:107D6000802552460023ED002540A846A1460C9CE4
:107D70000D9DBA4656AE1F0006920BE00A22002364
:107D800020002900FCF72EFE002D01D100F07FFD20
:107D900004000D000A22002320002900FCF722FE27
:107DA0004346013E303232700137002BE6D01A9B39
:107DB0001B789F42E2D1FF2FE0D0002D01D000F0D0
:107DC00007FC092C01D900F003FC069B0C940D95CF
:107DD00015974C4657469A4656AB9B1BA0460A93AE
:107DE000D5E558460B992AAA02F006FE002801D0D4
:107DF000FFF77BFB2C9C2DAFFFF7E1FB58460B995F
:107E00002AAA02F0F9FD002801D0FFF76EFB2C9C96
:107E10002DAFFFF7C2FB2B9BDF4D102E23DD102271
:107E20000B999046894622005C4603E0103E0837D5
:107E3000102E16DD4146103201333D6079602C92E0
:107E40002B93072BF2DD494620002AAA02F0D4FD2D
:107E5000002800D0EAE3103E2C9A2B9B2DAF102E69
:107E6000E8DCA3461400A419013360C72C942B93BB
:107E7000072B01DCFFF7C9FB58460B992AAA02F031
:107E8000BBFD002801D0FFF730FB2C9CFFF7BDFBAA
:107E90002499002900DCCCE3149A159B15009A4222
:107EA00000DD6EE2002D0CDD2B9B6419079301337E
:107EB0003E607D602C942B93072B01DD00F07CFD50
:107EC0000837EB43DB171D40149B5D1B002D00DDC5
:107ED000C5E2149B9C464346B44465465B0500D509
:107EE000E5E2249B159A934204DB4246D20701D473
:107EF00000F0D6FC1C9A3A601B9A94467A602B9A42
:107F00006444079201322C942B92072A01DD00F081
:107F100063FD083715998C46CB1A6644721B1E0008
:107F2000934200DD1600002E0CDD2B9AA419079257
:107F300001323D607E602C942B92072A01DD00F017
:107F4000CEFD0837F543ED1735405D1B002D01DCF4
:107F5000FFF751FB914A2B9B9146102D00DCC8E3A3
:107F60000B983A00210010264C465F46814604E0FB
:107F70000832103D102D00DCB7E3103101331460DE
:107F800056602C912B93072BF2DD494638002AAA24
:107F900002F032FD002801D000F01BFD2C992B9B34
:107FA0002DAAE6E701234246134201D0FFF7F8FB72
:107FB0007B602B9B01345D1C2C9407932B95072D24
:107FC00000DC1EE458460B992AAA02F015FD002891
:107FD00001D0FFF78AFA2C9C2B9D2DAF12E4079B52
:107FE000002B00D032E5A046002356AE07930A933B
:107FF000CDE4159B5E1E002E01DCFFF703FC674BF2
:108000009946102E00DCE2E30B9A23004C46914681
:1080100004E00837103E102E00DCD6E310221033A7
:1080200001353C607A602C932B95072DF1DD494694
:1080300058462AAA02F0E0FC002801D0FFF755FAC2
:108040002C9B2B9D2DAFE5E758460B992AAA02F0F1
:10805000D3FC002801D0FFF748FA2C9C2DAFFFF786
:10806000B8FA4346DB065CD50F9C08CC0C93002382
:108070000F940D93B2E4E30600D485E00F9B04CB8C
:108080000C9200220F930D92012360E44346DB061D
:108090006ED50F9C08CC0C93DB170D930F9400D476
:1080A000C0E40C990D9A00244B4294410C930D941A
:1080B0002D231CAAD37644462C3B4BE458460B99FF
:1080C0002AAA02F099FC002801D0FFF70EFA2C9C96
:1080D0002B9D2DAFFFF771FB58460B992AAA02F092
:1080E0008BFC002801D0FFF700FA2C9C2B9D2DAFB4
:1080F000FFF771FB4346DB0701D4FFF77CFA44E549
:10810000A246A846129379E423780F92FFF7AAF9C2
:10811000302162333DAAD1541CABE7269C4666440D
:1081200035E443465B0600D47AE30F9C08CC9BB24F
:108130000C9300230F940D9350E40F9C099A08CCE4
:1081400056461A60D2175A600F94FFF776FA1A9BB8
:10815000002B01D1FFF7A3F91A9B1B78002B01D14B
:10816000FFF79DF98023DB001D432378FFF77AF9A1
:1081700043465B0600D443E30F9C08CC1BB20C9330
:10818000DB170D930F944AE4630600D455E30F9B6D
:1081900004CB92B274E7C046A4C70010B4C7001065
:1081A0001698179902000B00FCF7BBFE002801D0BF
:1081B00000F03CFE129B612B01D100F0B9FD412B78
:1081C00001D100F0A1FC079B013300D197E32023EC
:1081D000129A9A430A92472A01D100F0ECFD8023BB
:1081E00042465B001A4318921699179A002A01DA40
:1081F00000F09BFD00230D00914619930E930A9BFE
:10820000462B00D1F6E3452B01D100F096FD28ABBB
:10821000049325AB039324AB0293079B2A0001939D
:108220000223584600934B4600F05AFF0A9B060073
:10823000472B01D000F0A6FE4346DB0701D500F036
:1082400027FD42460692189A289B90469B1B159341
:108250000A9B472B00D16CE30A9B462B01D100F00F
:1082600012FC249B1493149B013B984624930A9B75
:10827000412B01D100F0B4FD48226B469B1800222F
:108280001B7828201CA909180B7041462B230029B4
:1082900004DA149B2738C31A98462D2329201CA9D9
:1082A00009180B704346092B01DC00F0A9FD1CAA3C
:1082B00037239446634445461C00B946B04628001F
:1082C0000A21FCF729FB26003031013C28002170EF
:1082D0000A21FCF721FB2F000500632FEFDC4F463E
:1082E000B14601001CA84B46372284463031023B80
:1082F000C9B2624446461970934201D300F044FE6D
:108300002A22624400E019781CA8117084463721A3
:108310000133614401328B42F5D139234A4663442B
:108320009B1A2A226244944626AA63449B1A1E93EF
:10833000159A1E9B944663440A93012A01DC00F0BF
:10834000C8FD1B9A0A9B944663440A93DB4B069A2A
:108350001A401300802252001A4390460A9AD343CF
:10836000DB171A4000230692189313931493199B5A
:10837000002B00D00BE300221CABDB7E0792FFF743
:1083800013FB1D1E00DD8FE59BE5A246A846129358
:10839000CB4B1D9343469B0600D431E107230F9C32
:1083A00007349C43220018CA0C930D940F92434645
:1083B000DB070DD50C9A0D9B1100194308D0302214
:1083C00023AB1A70129A5A70424602231A439046FF
:1083D0004346BA4C23401C000223FFF7B8FAA246DA
:1083E00012932C00FFF7A6FA9933FF331D43013493
:1083F0002378FFF737F858460B992AAA02F0FCFABF
:10840000002801D0FFF771F82C9C2DAFFFF7CDFBB2
:10841000A246A8461293FFF7D4FA1293A94BA2469C
:10842000A8461D93B6E74C3B1D4301342378FFF764
:1084300019F840215846FEF71FF90B9B1860186188
:10844000002801D100F093FD40230B9A5361FEF701
:10845000D6FF3000FEF7E2FD0100FFF706FA9A4A68
:108460002B9B9146102D00DCF3E13A0021000B9F7D
:108470004C46B1465E4604E00832103D102D00DC4B
:10848000E2E1102010310133146050602C912B93E5
:10849000072BF1DD390030002AAA02F0ADFA0028DE
:1084A00001D0FFF721F82C992B9B2DAAE5E7159B0E
:1084B0000B999C46B44463460A93834B2200994629
:1084C000534610934346884611931399189B2C00EA
:1084D0009A4612963B001A9F002935D05146002932
:1084E00036D11399013F01391391209919601F99D1
:1084F0008C4659602B996244079101312C922B9143
:10850000072900DD86E008330A99081B39780D0039
:10851000814200DD0500002D0CDD2B9952190791D9
:1085200001311C605D602C922B91072900DDEDE08C
:1085300039780833E843C01705404D1B002D0CDC8B
:10854000641813990029C9D15146002900D1DDE1F1
:10855000012149428C46E244C7E748462B990790DF
:10856000102D27DD5846A34644461026B84627005E
:10857000040003E0103D0833102D15DD484610328D
:10858000013118605E602C922B910729F2DD3900D1
:1085900020002AAA02F030FA002847D1103D2C9A78
:1085A0002B992DAB102DE9DC260038005C464746A0
:1085B000B346804607985219013118605D602C92CD
:1085C0002B91072900DDE9E1397808336418B8E711
:1085D0001F9B2099F61A1A00300002F0D7F91A9959
:1085E00020004B788C465A1E93419C4463460A22D5
:1085F0001A9329000023FCF7F5F90027FFF7C8FBC1
:108600004346DB064ED50F9C08CC0C9300230F94F9
:108610000D93CCE6414658462AAA02F0EDF900280F
:1086200001D0FEF762FF2C9A2DAB6DE7A346FEF753
:108630005CFF264B01343B6001237B602B9B2C9419
:10864000079301332B93072B00DD13E10837002933
:1086500000D097E0424601231340159A134301D1FD
:10866000FEF7C9FF1C9B3B601B9B9C467B602B9BC2
:108670006444079301332C942B93072B00DD23E1F3
:108680003A00083291E058460B992AAA02F0B4F950
:10869000002801D0FEF729FF1CABDB7E2C9C2DAF00
:1086A000FEF767FF43465B0600D49DE00F9C08CCB5
:1086B0009BB20C9300230F940D9378E6FFFBFFFF12
:1086C00008C600101CC60010B4C70010B8C40010C3
:1086D00058460B992AAA02F08FF9002801D0FEF71C
:1086E00004FF2C9C2DAFFFF74BFABB46A1461700A9
:1086F0000C004A46641901333A607D602C942B9338
:10870000072B01DCFEF776FFFFF788F84146584655
:108710002AAA02F071F9002801D0FEF7E6FE3978A6
:108720002C9A2DAB06E758460B992AAA02F064F959
:10873000002801D0FEF7D9FE2C9C2DAFFEF743FF99
:108740004446012B01D0FFF7D2F9FFF77FF90F9CC8
:10875000099A08CC56461A600F94FEF76EFF079BE5
:108760000693062B00D998E0002300220E93069B67
:10877000E34E0A930F9400230792189213921492D7
:10878000FEF7DFFE1C9B3B601B9B9C467B602B9B8C
:108790006444079301332C942B93072B00DD93E063
:1087A0003A000832002900DA79E2159901338C4643
:1087B0006444166051602C942B93072B01DDFFF766
:1087C0002DF808321700FEF716FFA1461C004B4695
:1087D000A41901353B607E602C942B95072D01DC9C
:1087E000FFF70FF8FFF7EEFB43460F9C9B0500D405
:1087F0000AE708CCDBB20C9300230F940D93D6E567
:1088000043460F9C9B0500D444E408CC5BB20C9318
:10881000DB170D930F94FFF702F9BA4EFEF767FFCF
:1088200043460F9C9B0500D41FE408CCDBB20C939D
:1088300000230F940D93FFF7D1F8A30500D41DE496
:108840000F9B04CBD2B21BE4B34617004E46A146A1
:108850000C004A46641901333A607D602C942B93D6
:10886000072B3FDC0837FFF734FB2D231CAAD376F8
:10887000FEF737FF58460B992AAA02F0BDF80028E8
:1088800001D0FEF732FE24992C9C2DAFDFE6092C97
:1088900001D9FFF77DFAFFF798FA0623069363E7FD
:1088A000159A94466644D31A761B9E4201DCFFF764
:1088B00049FB1E00FFF746FB0F9C099A08CC564661
:1088C0001A800F94FEF7B9FE58460B992AAA02F0B7
:1088D00093F8002801D0FEF708FE24992C9C2B9BCE
:1088E0002DAA5FE758460B992AAA02F085F80028BE
:1088F00001D0FEF7FAFD2C9C2DAFFFF7EAFA2023FA
:10890000129A9A431A3B0A92079368E41099129EAE
:108910001A971F00159B8A461199F318200025000D
:1089200088461400984201D8FFF7DBFA1D00FFF7D4
:10893000D8FA249B1493DA1C02DB079A934207DDD2
:10894000129B023B1A00129320239A430A928AE454
:10895000149B159A934200DAAFE0069A0A93D20765
:1089600003D51B9A944663440A93069B5B0503D583
:10897000149B002B00DD7CE20A9AD343DB171A40DC
:10898000672306921293002318931393EFE42D2389
:108990001CAAD37600220792FFF709F841465846F1
:1089A0002AAA02F029F8002801D0FEF79EFD3978A6
:1089B0002C9A2DAB6418C4E558460B992AAA02F0EC
:1089C0001BF8002801D0FEF790FD2C9C2DAFFFF77F
:1089D00078FABB46FEF789FD58460B992AAA02F0A1
:1089E0000BF8002801D0FEF780FD249B2C9C2DAFB6
:1089F000FFF790FA28AB049325AB039324AB0293C3
:108A0000079B2A0001930323584600934B4600F02E
:108A100067FB03780600302B21D0249C079B9C46E3
:108A2000644443460693189B341998460023002259
:108A300028004946FCF752FA2300002801D0FFF72E
:108A400005FC289BA34201D3FFF700FC30215A1CF0
:108A500028921970289B9C42F9D8FFF7F7FB002257
:108A6000002328004946FCF739FA0028D5D1012413
:108A7000079BE41A2494D1E7079A1CABDB7E06928D
:108A80000F94FEF73DFE249A01231492002A00DC85
:108A900036E206990B4007990B4300D0A6E1149BE0
:108AA0000A9366231293069B5B0500D5E3E10A9ABD
:108AB000D343DB171A40069265E71B9A159B944631
:108AC00067221292149A63440A93002AEBDC981AE4
:108AD000421CD343DB170A921A40069253E75846CA
:108AE0000B992AAA01F088FF002801D0FEF7FDFCAF
:108AF000159B249A2C9C9B1A2DAFFFF723FAC04696
:108B000030C60010FCC50010302223AB1A7028328A
:108B100002245A7043461C43079B632B00DDE3E0AD
:108B200000233DAE0E9381231698179942465B00B1
:108B30001A431892002900DA99E02022129D00239E
:108B400095430A95A046050089461993129B612B0F
:108B500000D177E1412B01D0FFF751FB280024AA77
:108B6000494601F0E1FEFF2300229B05FCF773F963
:108B70000022002304000D00FCF7B0F9002801D00A
:108B800001232493D84B0693079BB1469C46B444DB
:108B900063461393013B1493534615934346BA46D9
:108BA000219306E000220023FCF798F9002800D06A
:108BB000DAE00022CD4B20002900FCF74CF90D0033
:108BC0000400FCF7D9F90700FCF7BEF9B046020033
:108BD0000B0020002900FCF70EF94246069B0136E7
:108BE000DB5D04001370149B0D009B1A1093139B04
:108BF00011969845D6D1159B139757469A46219BB7
:108C0000149298464B46B1461E0001235B421093D6
:108C1000002220002900B64BFCF77EF900286CD119
:108C2000002220002900B24BFCF758F9002802D09E
:108C3000139BDB0761D4109B302219004944002BA1
:108C40000CDB4B4618001A7001338142FAD1119A9D
:108C5000109B944601339C4463461193119B9B1BCC
:108C6000159343460693189B9846FFF7F1FA202385
:108C7000A046129A9A430A928022169B179C1206CB
:108C80001D0094462300634499462D2319935DE704
:108C9000079BF41843460693189B9846C6E64D4238
:108CA000103100DB60E193491027894621004C46D2
:108CB000B1465E4603E00832103D102D60DD1031F4
:108CC0000133146057602C912B93072BF3DD300098
:108CD0000B992AAA01F090FE002801D0FEF704FCAF
:108CE0002C992B9B2DAAE7E75846591CFDF7C4FC8D
:108CF000061E00D131E10E9015E7149B06992893CA
:108D00004B46013B1A78C97B8A4207D13020187044
:108D1000289B013B28931A789142F8D0392A00D138
:108D2000DEE00132D2B21A7098E700230E93A3E777
:108D3000302223AB1A704832EAE6079B2A005C1CFB
:108D400028AB049325AB039324AB0293022358462C
:108D5000009301944B4600F0C3F9060061E601233D
:108D60005B420993FEF7CEFB159B139757469A4635
:108D700043461493219B98464B46B1461E0047E755
:108D8000B3464E46A1460C004946641901331160B2
:108D900055602C942B93072B00DC72E458460B99FA
:108DA0002AAA01F029FE002801D0FEF79EFB2C9C88
:108DB0002B9B2DAAF9E4079B002B01D101230793DC
:108DC000802342465B001A4318921699179A002A8C
:108DD000ABDB00230D0091460E931993FFF717FAB2
:108DE000129B01220F33DBB2FFF74BFA1B9B9C4611
:108DF00062448C46944463460A936623129352E677
:108E00001CA92A238C466344002A06D10A002A2181
:108E1000302352181370053B6344404630301870BD
:108E200026AA01339B1A1E93FFF782FA179B002B89
:108E300000DA81E01CABDB7E129A472A79DD2E4EE8
:108E4000FEF755FC280024AA494601F06DFDFF23DA
:108E500000229B05FBF7FFFF0022002304000D000A
:108E6000FCF73CF8002801D001232493234B069300
:108E70008AE6672312931A990B78FF2B00D17DE0C5
:108E8000002218921392149A05E0139801310130D0
:108E90001390FF2B0AD0934208DAD21A4B78002B9A
:108EA000F3D1189B013318930B78F2E71A911492BF
:108EB000189A139B94461F9A634453430A9A944604
:108EC0009C446246D343DB170A921A400692FFF78E
:108ED0004EFA069BDB0701D4FFF738FAFFF731FAA9
:108EE000069A927A1A70B9E61CC60010000030404B
:108EF0000000E03FB4C7001008C1001008C6001011
:108F0000069A1340079A134306D10123069365334B
:108F10001293653B0A9336E594461B9B581C844488
:108F20006246D343DB170A921A40662306921293D5
:108F300029E5174EFEF7DBFB2D231CAAD3767BE732
:108F40000F9A08CA0793002B02DA01235B420793AA
:108F500063780F920400FEF785FA40230B998A8903
:108F600013438B81FEF7C8FA0A4989460CE70C23A4
:108F70005A4613600D3B0993FEF7C4FA0023189379
:108F8000139395E7079C4CE502231E93FFF7D0F956
:108F900004C60010B4C70010F0B54546DE4657467B
:108FA0004E46E0B503690D6985B080460A0001911F
:108FB000AB4200DA91E0142141448C46013D143269
:108FC000AB00D618634403931B6800919A4633683C
:108FD00050465F1C39000292FBF7C6FC0400BA45FC
:108FE0003CD30023002118008C46A946009F029A1A
:108FF00008CA1904090C61431B0C634309180D0CC2
:109000005D193B6809041B041B0C6344090C591AC5
:109010003B68280C2D042D0C1B0C5B1B0D145B19DD
:1090200009041D14090C1B040B43AC4608C79642E7
:10903000DED2039B4D461A680392002A0ED1009A95
:10904000043B934208D9009A03E0043B013D93425C
:1090500002D919680029F8D043461D61404601999C
:1090600001F016FB002830DB002301341F00A4466A
:10907000009902980B6810C81A04120CD719220420
:10908000120CBA1A1B0C270CDB1B1714DB19120469
:109090001F14120C1B04134308C18642EAD2009A23
:1090A00064469446AB006344196800290DD1043B23
:1090B000934208D9009A03E0043B013D934202D950
:1090C00019680029F8D043461D61200005B0F0BCA6
:1090D000BB46B246A946A046F0BD0020F6E7C04612
:1090E000F0B557464E464546DE461400E0B51D0035
:1090F000016C9BB0824604940595279E002909D0F7
:109100000123426C93404A608B6001F02DF80023EC
:10911000524613642F1E00DA6BE100233A003360DD
:10912000CE4B1A409A4200D16EE1049A059B100082
:109130001900002200230A900B91FBF7CFFE0028B4
:1091400012D00123269A1360289B002B00D1B5E290
:10915000C3481860431E039303981BB0F0BCBB4682
:10916000B246A946A046F0BD18AB019319AB0093D7
:1091700050460A9A0B9B01F06BFB3E0D834600D0D4
:1091800054E1189B199E9846B64B4644F318202B81
:1091900000DC96E340223800D31A9840B24BF21814
:1091A000D4402043FBF7CCFE0123B04C013E09190B
:1091B0000F930022AE4BFBF71EFEAE4AAE4BFBF701
:1091C0004AFEAE4AAE4BFBF71FFE040030000D0016
:1091D000FBF7BAFEAB4AAC4BFBF73DFE02000B00BF
:1091E00020002900FBF710FE04000D00FBF7C4FE71
:1091F000002207000690002320002900FBF776FEDE
:1092000000280AD03800FBF79FFE2B002200FBF756
:1092100065FE434258413B1A0693069C162C00D922
:1092200028E20A980B99994BE2009B181A685B6830
:10923000FBF75CFE002800D1F7E100230E934346C4
:109240009E1B00230C933300013C0694013B0893C2
:1092500000D51AE2069B002B00DBF0E1069B0C9A7E
:109260000993D21A0C925A4200230693249B9146EA
:109270000124092B00D9EFE1052B02DD0024043B7A
:109280002493249B042B01D100F05BFC052B01D11E
:1092900000F0F2FB022B00D0FDE100230D93259B93
:1092A000002B01DC00F0F5FB1D0014930793002355
:1092B00052465364172D01DC00F0D4FE0122043322
:1092C0005B001800143011000132A842F8D953464F
:1092D0005964504600F020FF0390002801D100F0AF
:1092E000AFFE5346039A1A64079B0E2B00D9E5E0A4
:1092F000002C00D1E2E00998002801DC00F00BFD11
:109300000F210200614B0A40D2009B1806111C6815
:109310005D68C30501D500F006FC0A9A0B9B10920C
:10932000119302239846002E11D0594F0123334246
:1093300009D09C463A687B6820002900E044FBF78E
:109340008AFD04000D0076100837002EEED110982B
:10935000119922002B00FBF760FD06000F000E9B09
:10936000002B09D00022300039004A4BFBF7BEFD2C
:10937000002801D000F0FDFB4046FBF7E5FD320080
:109380003B00FBF768FD0022434BFBF73DFD434AE2
:109390000B0094466344129013911393099B159309
:1093A000079B1093002B01D000F00AFC0022300034
:1093B00039003B4BFBF71FFD129E139F32003B0011
:1093C00004000D00FBF7A8FD002801D000F0E0FD2F
:1093D000802000068446390061440B0032002000E2
:1093E0002900FBF783FD002868D000230027994659
:1093F0008DE001236F007F083A003360174B05971B
:109400001A409A4200D090E6269A264B13603A03FF
:10941000120B14431AD1289B002B01D100F01EFE21
:10942000214B03930833289A136095E60A9B0B9C03
:10943000184A180023031B0B1A431C4B11009C46AF
:10944000189B6644984600230F93B2E6289B002B96
:1094500000D00DE3164B03937EE6C0460000F07F7C
:10946000B9C400103204000012040000000010FE15
:109470000000F83F61436F63A787D23FB3C8608B9A
:10948000288AC63FFB799F501344D33F10C9001070
:10949000E8C800100000F03F00001C400000C0FCC5
:1094A000000014400F270000C8C7001001FCFFFF98
:1094B000C4C70010179B9946169B9B46199B002B0F
:1094C00000DA8BE0099A0E2A00DD87E0DC4BD2003F
:1094D0009B181E685F68259B002B1CDA079B002BDE
:1094E00019DC079B002B00D07FE700223900D54B09
:1094F0003000FBF7B0FC0B0002000A980B99FBF759
:10950000FBFC002300279946002800D1DCE2259BC4
:10951000039DDC43E0E232000A9C0B9D3B002000EF
:109520002900FBF77AFCFBF727FD8146FBF70CFDD2
:1095300032003B00FBF78FFC02000B0020002900EB
:10954000FBF759FC039A531C98464B463033137073
:10955000079B012B01D100F04CFC013A012304923E
:109560005246C2460692984624E001239C463200A9
:109570003B0020002900E044FBF74FFCFBF7FCFC1C
:109580008146FBF7E1FC32003B00FBF764FC020084
:109590000B0020002900FBF72EFC01239C464B46C4
:1095A0004446049A30331355079BE244984501D151
:1095B00000F01CFC0022A44BFBF74DFC0022002312
:1095C00004000D00FBF78AFC0028CED0069BD04695
:1095D0009A46099B44460133099356E10D9A002AA5
:1095E0006FD0249A012A00DCAFE2079B5D1E4B4638
:1095F000A94500DB95E2069AEB1A94469C44634623
:10960000A946002506930C99079BCC1A002B06DB74
:109610009C4608980C006044614408900C9101211C
:10962000504600F049FE07004EE043469E1B3300C3
:10963000013B089300D56BE300230E930C93069A2D
:10964000089B94466344089300239946249B012475
:109650000992092B00D80FE6012200230D92023A4D
:10966000249307922593002352465364079B0021BD
:1096700014932EE601230E9343469E1B00230C9366
:109680003300013B089300D4E4E501239B1B0C93BA
:1096900000230893DEE500230D93249B032B01D0C8
:1096A00000F0B8FC099A259B944663441493013357
:1096B0001D1E079300DDFAE50125F8E5634B0393D2
:1096C0004AE54D4600270C9C002C0DDD089A002A27
:1096D0000ADD2300944200DD0AE20C9AE41AD21A51
:1096E0000C92089AD31A08934B46002B1BD00D9B63
:1096F000002B00D1B5E1002D10DD39002A005046C5
:1097000000F0DCFE5A4601000700504600F004FE5F
:1097100006005946504600F027FDB3464B465A1BFB
:10972000A94500D09EE10121504600F0C5FD069AF2
:109730008146002A00DDC9E0249B0025012B00DCC6
:109740009DE1069B0120002B00D0C9E01F23089952
:109750001A008C4660440240034200D1A4E0013369
:109760009B1A042B01DC00F072FC1C239B1A0C9A40
:10977000E41894469C4462468C469C4463460C9292
:1097800008930C9B002B05DD59461A00504600F04B
:1097900001FF8346089B002B05DD49461A00504611
:1097A00000F0F8FE81460E9B002B00D040E1079BA5
:1097B000002B00DC26E10D9B002B00D0A8E0099BCC
:1097C00001330993039B079A5D1E4B46A846B94691
:1097D000554601245E4692461F0007E031000023F3
:1097E0000A22280000F0CAFC0600013439003000CB
:1097F000FFF7D2FB4346303018555445EEDB3B00B3
:109800004F469946079BB346AA4601240690002B73
:1098100000DD1C00039B00269C466444594601223F
:10982000504600F0B7FE4946834600F031FF00285D
:1098300000DC60E2651E2A782B0003990FE0C04629
:1098400010C900100000144000002440B8C40010EB
:10985000013B8D4200D147E21A782C00013D392AA4
:10986000F6D001322A704946504600F07DFC002FA8
:109870000BD0002E05D0BE4203D03100504600F080
:1098800073FC3900504600F06FFC5946504600F01A
:109890006BFC0023099A2370269B1A60289B002BDF
:1098A00000D159E41C6057E41C230C9AE418944638
:1098B0009C4462460C92089A94469C4463460893E2
:1098C0005FE720222000D31A98406BE40100504645
:1098D00000F0F4FD249B8146012B00DC0AE1002509
:1098E0004B461B6903339B004B44586800F09AFCBD
:1098F0002023181A2AE7002339000A22504600F0D4
:109900003DFC149B0700002B00DC77E309960793CE
:10991000002C05DD39002200504600F03BFE070018
:10992000B846002D00D082E2079A039B94461D00A2
:10993000013B9C446346089301232E005D46CB46C1
:10994000049A1A40079259462800FFF725FB0300A6
:10995000390030330C902800069300F099FE5946E8
:1099600004004246504600F0ADFEC3688146010047
:10997000002B3BD1280000F08BFE49460490504656
:1099800000F0F2FB249A049B1343079A134300D17F
:1099900002E3002C00DAF2E1249B1C43079B1C43EA
:1099A00000D1ECE1049B002B00DDC9E2069A741C97
:1099B0003270089A964200D1CCE2290000230A2294
:1099C000504600F0DBFB002305000A223900504618
:1099D000474511D000F0D2FB4146070000230A2280
:1099E000504600F0CBFB26008046ACE7504600F026
:1099F000BBFB01230493CCE700F0C0FB260007006B
:109A00008046A0E7249B022B4DDC0D9B002B00D051
:109A10007EE749465846FFF7BFFA0300039A303302
:109A200006931370099B00260133541C0993F5E635
:109A30004946584600F02CFE002800DBB7E6099B9B
:109A400059460A2250465E1E002300F097FB0D9BEC
:109A50008346002B00D04EE7149B002B1DDD07939F
:109A6000B0E64A465946504600F028FD83465AE67D
:109A7000D44B03930333D6E401230D9312E60499E8
:109A8000059A002900D05CE61300120300D058E6C6
:109A90003AE0012307932593E5E5149B0996079384
:109AA000249B022BB5DD079B002B00D02FE54946F8
:109AB0000522504600F062FB81460100584600F046
:109AC000E7FD002800DC22E5039A31231500099CFC
:109AD0001370531C013403934946504600F044FB75
:109AE000631C0993039C0395002F00D0C9E6CCE6C4
:109AF0001300F2E5049B002B00D0F0E60499059AD0
:109B00001300120300D0EAE6AF4A0025134200D149
:109B100017E60C9B013501330C93089B0133089326
:109B20000FE65D1B6FE5A94B0E401A6A5B6A0A9847
:109B30000B99FBF772F90323109011919846FFF7E8
:109B4000F2FB01230D93FFF7AAFB0F9A002A00D125
:109B5000F2E19F4A94466344089A4D4694469C44D9
:109B6000624608920C9A94469C44634614000C93F7
:109B700055E5079B002B00D118E2149C002C00DC5B
:109B80009CE4099B0022013B300039001593914B66
:109B9000FBF761F9060040460F000130FBF7D4F9EE
:109BA00032003B00FBF757F900228B4BFBF72CF9F7
:109BB0008A4A0B00944663441290139110941393B5
:109BC0000D9B002B00D148E1109B00205A1E844BB6
:109BD000D2009B181A685B688249FBF71EF9129A3B
:109BE000139BFBF708F91290139130003900FBF733
:109BF000C3F91690FBF7A8F902000B0030003900FA
:109C0000FBF7F9F8039B169E5A1C303604000D0032
:109C100090461E7002000B0012981399FBF77CF916
:109C2000002800D0DDE14B46002717935B46BB467A
:109C3000129E139F169333E001239C46109BE3442E
:109C40009B4500DB36E4002230003900614BFBF716
:109C500002F900225F4B06000F0020002900FBF7ED
:109C6000FAF80D000400FBF787F98146FBF76CF961
:109C700002000B0020002900FBF7BDF801230400BF
:109C800048465A469C46039B3030985432003B006D
:109C900020000D00E044FBF729F9002800D09EE1E8
:109CA00022002B0000205049FBF7A5F832003B00B2
:109CB000FBF71CF90028BFD0169B42469B46159B1C
:109CC0000399099302E08A4200D151E11400013A5C
:109CD0001378392BF7D090460133DBB2424613702C
:109CE000099B01330993D0E53123039A1370099B33
:109CF00001330993B7E5002803D1069BDB0700D5A4
:109D000098E523001C00013B1A78302AFAD0AAE516
:109D100000230E93B9E4099B002B00D122E10A989D
:109D20000B995C420F232E4A2340DB00D3181A689C
:109D30005B68FBF790F8241106000F00002C00D19F
:109D400064E1022210961197002317001F4D012293
:109D5000224205D02A686B68FBF77DF801230137A2
:109D600064100835002CF2D1B846109E119F002BCC
:109D700001D1FFF7F4FA06000F00FFF7F0FA049B99
:109D8000D946AB463500002B12DD5946012250461C
:109D900000F000FC4946834600F07AFC002800DC15
:109DA00024E1069B392B00D1E8E00C9B313306936C
:109DB000069B6C1C2B70099B3E00013347460993A0
:109DC00051E5C046C4C700100000F07FE8C800108D
:109DD000330400000000244000001C400000C0FCD0
:109DE00010C900100000E03F0000F03F069BD04685
:109DF0009A4602000B00FBF707F832003B00040014
:109E00000D00FBF789F800280ED132003B0020003E
:109E10002900FBF763F8002801D1FFF7DAFB4B4676
:109E2000DB0701D4FFF7D5FB424603994EE75046C6
:109E3000796800F071F9041E00D116E139003B6920
:109E40000C319A1C92000C30FBF7FEFF012221001E
:109E5000504600F09FFB804666E5109B8649013B1B
:109E6000DB00C91808684968129A139BFAF7F3FFD8
:109E70001290139130003900FBF77EF81690FBF733
:109E800063F802000B0030003900FAF7B4FF039AC0
:109E90000D00511C88461100169E109B303616701E
:109EA0008C461A006244040046461092012B1DD0D5
:109EB000109B98460022714B20002900FAF7CBFF37
:109EC0000D000400FBF758F80700FBF73DF802000F
:109ED0000B0020002900FAF78EFF3037377001366B
:109EE00004000D00B045E5D1109B9846129E139FCB
:109EF0000022634B30003900FAF786FF22002B0066
:109F0000FAF7F4FF002865D132003B0000205C49DD
:109F1000FAF771FF22002B00FAF7FEFF002801D1AB
:109F2000FFF7CCFA43461C00013B1A78302AFAD0DE
:109F3000159B01330993A8E43623189A9B1A0BE664
:109F4000069BD946AB463500392B17D0069B741CAF
:109F500001332FE7099BD94601333E00AB46474604
:109F600009935BE402230A9E0B9F9846FFF7F7F9DB
:109F7000099B9046013309933123AFE639232B70B7
:109F8000099B3E000133474639226C1C099353E478
:109F900000230027994697E5069BD946AB46350036
:109FA000392BEBD0002C00DDFFE601E74046FAF745
:109FB000CBFF32003B00FAF74EFF0022314BFAF79D
:109FC00023FF314A0B00944663441290139113937C
:109FD000FFF7ECF9159B42460399099376E6169B29
:109FE0009B46159B4446013309934EE4002800D05C
:109FF000DEE6069BDB0700D5D3E6D9E6149B09967F
:10A000000793249B022B00DD4DE581E40223984653
:10A01000FFF7A5F953460D9A002150465A6400F007
:10A020007BF8039000280BD05346039A1A64002350
:10A0300001222593013B14930D920793FFF73EFAFB
:10A04000D5210022114B12484900F9F7DFFA042B01
:10A0500001D1FFF796FB3C239B1A26E40D4B03939B
:10A06000FFF77AF80021FFF734F90022074B0A497D
:10A070000748F9F7CBFAC04610C900100000244089
:10A080000000E03F00001C400000C0FCD4C70010EE
:10A09000E8C70010C8C70010EA0200000048704777
:10A0A000200C002070B5CCB283070DD0531E002ABF
:10A0B0000FD0032504E00130284206D0013B08D32D
:10A0C0000278A242F7D170BD1300032B0CD8002BED
:10A0D00001D10020F7E7C31802E001308342F8D035
:10A0E0000278A242F9D1EEE7FF2529400D0229436B
:10A0F0000D04074E0D43026806496A40511891430A
:10A100003142E8D1043B0430032BF4D8DFE7C046EA
:10A1100080808080FFFEFEFEC36C70B504000D00E1
:10A12000002B0AD0A8001B18186800280ED002685F
:10A130001A6000230361C36070BD21220421FCF773
:10A1400047FA031EE064EDD10020F5E70126AE409A
:10A15000721D012120009200FCF73AFA0028F3D08A
:10A1600045608660E5E7C046002906D04B689A0046
:10A17000C36C9B181A680A6019607047F0B5C64630
:10A180001F008046002300B50E000D6914310C68D5
:10A1900001332004000C5043240C5443C019070C15
:10A1A000E4190004270C000C2404241810C19D425B
:10A1B000EDDC002F08D0B368AB4209DD2B1D9B00FE
:10A1C000F31801355F603561300080BCB846F0BDE2
:10A1D00073684046591CFFF79FFF041E17D03100DB
:10A1E00033690C319A1C92000C30FBF72DFE73681A
:10A1F0009A004346DB6C9B181A6832601E6026008A
:10A200002B1D9B00F31801355F603561DCE70022F0
:10A21000B521024B0248F9F7F9F9C046D4C700103E
:10A2200068C800100300020C0020002A01D11B04A2
:10A2300010301A0E01D108301B021A0F01D1043060
:10A240001B019A0F01D102309B00002B02DB013071
:10A250005B0000D570472020FCE7C0460368020081
:10A26000590707D0D9071ED4990720D55B0803608A
:10A27000012070470020190401D11B0C1030FF2170
:10A28000194201D108301B0A190701D104301B09FA
:10A29000990701D102309B08D90702D401305B082D
:10A2A00003D01360E5E70020E3E72020E1E79B0807
:10A2B00003600220DDE7C046C36C70B504000D00EA
:10A2C000002B0AD05868002815D002685A60002375
:10A2D000C36001334561036170BD21220421FCF795
:10A2E00077F9031EE064EDD1A0210022084B094854
:10A2F0004900F9F78BF91C2201212000FCF768F9CD
:10A300000028F1D00123436001338360DFE7C046BA
:10A31000D4C7001068C80010F0B54E464546DE466A
:10A320005746E0B50D6916698946140087B0B542F5
:10A3300004DB33000C002E0091461D00A368771942
:10A340006168BB4200DA0131FFF7E6FE05900028A4
:10A3500000D1A7E014229446059B002263449B464B
:10A36000BB005B449A465B465146D34503D204C3C7
:10A370009942FCD88A4614239C46A444634604931D
:10A380001423B6006644AD009C462B00E1444B44C8
:10A39000029399456ED204230393230015339E4202
:10A3A00000D27CE0331B153B9B0801339B00B84671
:10A3B0000393019608E0000C31D104239C46029BD4
:10A3C000E144E3444B4554D94B46186803041E0C42
:10A3D000002BF0D0019B5D4600279C46049C04CCDA
:10A3E000296813041B0C73430804000C1B18D819AC
:10A3F000130C7343090C020C5B189B1802041F0C0E
:10A40000120C1B04134308C5A445E8D86346019306
:10A410005B46039A9F504B461868000CCDD05B46B4
:10A4200000271B685C4619003E00049D019A2F8896
:10A43000090C47437F18BF191B0439041B0C0B433D
:10A44000236008CD61681B0C43430E04360C9B1936
:10A450003F0CDB191E0C0434AA42E8D801925A467C
:10A460000399535004239C46029BE144E3444B452B
:10A47000AAD847465346002F03DC06E0013F002FD1
:10A4800003D0043B1A68002AF8D0059B18001F610E
:10A4900007B0F0BCBB46B246A946A046F0BDB846E0
:10A4A000019691E75E210022024B0348FF31F9F744
:10A4B000ADF8C046D4C7001068C80010F8B5032333
:10A4C00047461400CE461A0080B50E000700224011
:10A4D000234238D1A41025D0BD6C002D3CD00123DF
:10A4E0009846002399464346234208D1641019D068
:10A4F000286800281BD0050043462342F6D02A00D6
:10A5000031003800FFF708FF002E1AD0FA6C73688C
:10A5100094469B0063441A68641032601E60060013
:10A52000002CE5D13000C0BCB946B046F8BD2A00C9
:10A5300029003800FFF7F0FE4B4628600500036055
:10A54000DAE70600D2E70F4B013A9200D258002317
:10A55000FFF714FE0600BDE701213800FFF7DCFD20
:10A56000051E07D0084B4361012303610023B86433
:10A570000360B4E7A0210022044B05484900F9F725
:10A5800045F8C046D8C9001071020000D4C70010B9
:10A5900068C80010F0B50C0023694546DE465746F2
:10A5A0004E469846E0B55711B84443465D1CA36833
:10A5B00083461600496883B09D4203DD01315B008C
:10A5C0009D42FBDC5846FFF7A7FD8446002853D088
:10A5D000143003000190002F0CDDBF003A00002171
:10A5E0001432624402C39342FCD1019B9946B944A0
:10A5F0004B4601932269230091001F22100014335F
:10A60000304081465918324230D00132121A9246F7
:10A610000026019F48461A688240324304C75246CA
:10A6200040CBD6409942F5D82200153204239142FE
:10A6300004D30B1B153B9B0801339B00019AD6509A
:10A64000002E00D0A846634642461A616368604601
:10A650009A005B46DB6C9B181A6822601C6003B092
:10A66000F0BCBB46B246A946A046F0BD019804CB5B
:10A6700004C09942FBD8E6E7DA210022024B0348E6
:10A68000FF31F8F7C3FFC046D4C7001068C80010F8
:10A6900003690A6930B50500981A934211D19200F6
:10A6A00014351431AB18891801E09D4209D2043BDE
:10A6B00004391A680C68A242F7D0A24292410120E4
:10A6C000104330BDF0B54E464546DE465746E0B530
:10A6D0000B6988461169914683B05C1A8B4200D0A1
:10A6E00095E046468900143614327318521802E079
:10A6F0009E4200D38FE0043B043A1D6811688D42EE
:10A70000F6D000D27EE043465968FFF705FD0028E9
:10A7100000D18AE043461A69142343449C46C4602E
:10A720001C004B461B6991009B0061449C4614230E
:10A730004F469A46143782445346BC448B46A24641
:10A74000142664460021944642468046019393595C
:10A7500001CF1D042D0C691805042D0C4D1B010C97
:10A7600040461B0C5B1A29145B182D0419142D0C80
:10A770001B042B4383510436BC42E8D86246A446EE
:10A780004D461C0063464E465D1B153D15360023A5
:10A79000AD08B44500D3AB00019FB846042743443D
:10A7A000B44501D30135AF00019DBA44AC46BC4469
:10A7B000D34518D9654657465E4610CF23041B0C77
:10A7C0005B181914240C64181B0421141B0C24049A
:10A7D0001C4310C5BE42F0D8310053460139CB1A94
:10A7E0009B089B006344002C04D1043B1968013A88
:10A7F0000029FAD0026103B0F0BCBB46B246A946BC
:10A80000A046F0BD43460124C84699467BE7002C8C
:10A81000F8DB002477E70021FFF77EFC00280BD04F
:10A820000123036100234361E5E790210022054BEA
:10A8300005488900F8F7EAFE0022024B0349024866
:10A84000F8F7E4FED4C7001068C800103202000018
:10A8500070B5012182B015001C00FFF75DFC061EDB
:10A860004FD0230364001B0B640D02D080225203DF
:10A8700013430193002D17D101A8FFF7EFFC019BB3
:10A8800001257361012320303361002C24D0204B3B
:10A890009C46069B644424181C603523181A079BA9
:10A8A0001860300002B070BD68460095FFF7D6FC16
:10A8B000002822D0019D20232A001B1A9A40130051
:10A8C000C540009A019513437361B5616B1E9D41AC
:10A8D00001353561002CDAD10E4B9C46069B604455
:10A8E00018600D4BEB189B00F3185869FFF79AFCA2
:10A8F0006D01079B2D1A1D60D3E7009B019D7361BD
:10A90000E3E70022054B06490648F8F77FFEC046FC
:10A91000CDFBFFFFCEFBFFFFFFFFFF3FD4C70010C3
:10A920000A03000068C8001070B5140000252560F7
:10A93000104D4B000A005B08AB4219DC1D000543BB
:10A9400016D00D4E0025314207D100220B4BFAF7ED
:10A9500082FA0A004B005B08363D094E1B15B446CF
:10A9600063445B192360074B1A40074B13431900DC
:10A9700070BDC046FFFFEF7F0000F07F0000504336
:10A9800002FCFFFFFFFF0F800000E03FF0B50C006E
:10A99000044303000700A40712D1032A10D9144C62
:10A9A000A44667460D68134C1E002C19AC433C426C
:10A9B0001BD10433043A1F0004313560032AF0D858
:10A9C0000024BE1806E00D5D013A3D55B31A01346E
:10A9D000002D02D0002AF6D1F0BD0021002AFBD0C4
:10A9E000197001339E42FBD1F6E71F00E8E7C0462D
:10A9F00080808080FFFEFEFEF0B54E464546DE4676
:10AA00005746E0B5936883B00D0091460190002B46
:10AA10006AD0176808688C6843E09022AB89D2003E
:10AA200013422ED02969421A9346686942001218CF
:10AA3000D00F8218701C521058449046904201D991
:10AA4000804602008020C000034236D011000198E9
:10AA5000FBF712FE041E52D05A462969FBF7F4F99F
:10AA6000AB89294A134080221343AB81434620001F
:10AA70005A462C61B046340058446B619B1A2860DA
:10AA8000AB6042465146FCF747FCAB6828681C1B8C
:10AA90004B469B6840449E1B4B46AC6028609E60C2
:10AAA00022D03B687E689A460837002EF9D0A0462F
:10AAB000B442B2D93400B046E3E70198FCF7AEF8EF
:10AAC000041ED3D1019C29692000FCF73FFB0C2315
:10AAD00023604022AB8901201343AB814A46002307
:10AAE00040429360536003E000234A4600205360D5
:10AAF00003B0F0BCBB46B246A946A046F0BD0C234D
:10AB0000019A1360E5E7C0467FFBFFFF82B0002992
:10AB10000AD0002A0BD0002B0BD013780B601078D2
:10AB2000431E984102B0704701A9002AF3D10020CA
:10AB3000F8E702204042F5E7002909D0FF2A02D8B1
:10AB400001200A7070478A23036001204042F9E720
:10AB50000020F7E7F8B5C04601B40248844601BCBE
:10AB6000604700BFC901002001B40248844601BC0F
:10AB7000604700BF1502002001B40248844601BCB2
:10AB8000604700BF1502002001B40248844601BCA2
:08AB9000604700BF95010020A1
:10AB980048656C6C6F20576F726C64210000000070
:10ABA800C4E3BAC3CAC0BDE70000000048656C6CC6
:10ABB8006F2C202564000000AED580A83FD300404C
:10ABC8008D142000A1C8DA1281FFD9F1DB40A4A6B8
:10ABD800AF000000080052501A520A00FF0101019C
:10ABE800F1F1F1F1F1F1F1F1F1F1F1F1F1F1F1F14D
:10ABF800F1F1F1F1F1F1F1F1010101FFFF000000C4
:10AC080000000000F0F0F0F000000000000000007C
:10AC1800F0F0F0F000000000000000FFFF0000006E
:10AC280000000000F0F0F0F000000000000000005C
:10AC3800F0F0F0F000000000000000FFFF808080CE
:10AC4800808080808F8F8F8F8F8F8F8F8F8F8F8F48
:10AC58008F8F8F8F80808080808080FFEFBC8C00FA
:10AC680000000000000000000000000000000000DC
:10AC7800000058380000000000000000000000003C
:10AC8800E3808200000000000000000000000000D7
:10AC98000000000000001824241800000000000034
:10ACA80000000000E4BDA000008060F80740201804
:10ACB8000F08C80808281800010000FF00100C033E
:10ACC80040807F0001061800E5A5BD001010F01FA8
:10ACD80010F000808282E2928A8680004022150865
:10ACE8001661000040807F0000000000E4B8960074
:10ACF800202020FE2020FF202020FF2020202000D0
:10AD08000000007F40404744444447404040000022
:10AD1800E7958C00000000FE929292FE929292FEBD
:10AD28000000000008080484621E010001FE0204FD
:10AD38000408080000000000FF01010131090909A9
:10AD480009897101010101FFFF8080808080809660
:10AD580081808080808080FF00000000000000006B
:10AD6800002F000000000700070000147F147F1464
:10AD780000242A7F2A1200231308646200364955EA
:10AD8800225000000007000000001C2241000000C3
:10AD980041221C000014083E08140008083E080858
:10ADA800000000A0600000080808080800006060B3
:10ADB8000000002010080402003E5149453E0000F2
:10ADC800427F4000004261514946002141454B31D4
:10ADD800001814127F10002745454539003C4A49A0
:10ADE8004930000171090503003649494936000612
:10ADF8004949291E0000363600000000563600007A
:10AE080000081422410000141414141400004122F4
:10AE18001408000201510906003E4955592E007CCC
:10AE28001211127C007F49494936003E41414122B6
:10AE3800007F4141221C007F49494941007F09099F
:10AE48000901003E4149497A007F0808087F00004F
:10AE5800417F4100002040413F01007F081422410A
:10AE6800007F40404040007F020C027F007F0408C2
:10AE7800107F003E4141413E007F09090906003E1E
:10AE88004151215E007F0919294600464949493147
:10AE98000001017F0101003F4040403F001F20406A
:10AEA800201F003F4038403F006314081463000728
:10AEB8000870080700615149454300007F4141007F
:10AEC800000204081020000041417F000004020134
:10AED80002040040404040400000010204000020FD
:10AEE80054545478007F484444380038444444203B
:10AEF80000384444487F00385454541800087E09E8
:10AF080001020018A4A4A47C007F080404780000AF
:10AF1800447D4000004080847D00007F102844006C
:10AF28000000417F4000007C04180478007C08047D
:10AF3800047800384444443800FC242424180018B9
:10AF4800242418FC007C08040408004854545420A5
:10AF580000043F444020003C4040207C001C20402E
:10AF6800201C003C4030403C004428102844001C71
:10AF7800A0A0A07C004464544C440000087F410019
:10AF88000000007F00000000417F0800000804085E
:10AF98001008000000000000000000000000000091
:10AFA80000000000000000F800000000000000336E
:10AFB8003000000000160E00160E00000000000011
:10AFC8000000000040C07840C0784000043F0404FE
:10AFD8003F040400007088FC08300000001820FFBF
:10AFE800211E0000F008F000E018000000211C03FA
:10AFF8001E211E0000F00888700000001E21232476
:10B0080019272110000000160E00000000000000A3
:10B0180000000000000000E0180402000000000723
:10B028001820400000020418E0000000004020182A
:10B0380007000000404080F0804040000202010FFD
:10B0480001020200000000F0000000000101011FE1
:10B0580001010100000000000000000000B07000C5
:10B0680000000000000000000000000000010101D5
:10B078000101010100000000000000000030300064
:10B08800000000000000000080601804006018063E
:10B098000100000000E010080810E000000F102078
:10B0A80020100F00001010F8000000000020203FC2
:10B0B800202000000070080808887000003028244C
:10B0C80022213000003008888848300000182020ED
:10B0D80020110E000000C02010F800000007042412
:10B0E800243F240000F80888880808000019212057
:10B0F80020110E0000E0108888180000000F1120B1
:10B1080020110E0000380808C83808000000003F69
:10B11800000000000070880808887000001C2221C8
:10B1280021221C0000E010080810E0000000312275
:10B1380022110F00000000C0C00000000000003015
:10B1480030000000000000C0C0000000000080B017
:10B158007000000000008040201008000001020478
:10B1680008102000404040404040400004040404CF
:10B17800040404000008102040800000002010088B
:10B1880004020100007048080808F00000000030C0
:10B1980036010000C030C828E810E000071827244E
:10B1A80023140B000000C038E0000000203C2302FC
:10B1B8000227382008F8888888700000203F20205F
:10B1C80020110E00C0300808080838000718202091
:10B1D8002010080008F808080810E000203F202088
:10B1E80020100F0008F88888E8081000203F202069
:10B1F8002320180008F88888E8081000203F20005D
:10B2080003000000C0300808083800000718202094
:10B21800221E020008F808000008F808203F210153
:10B2280001213F20000808F8080800000020203FFE
:10B238002020000000000808F8080800C08080806E
:10B248007F00000008F888C028180800203F200167
:10B258002638200008F8080000000000203F2020C1
:10B268002020300008F8F800F8F80800203F003FD8
:10B27800003F200008F830C00008F808203F2000F0
:10B2880007183F00E01008080810E0000F10202001
:10B2980020100F0008F808080808F000203F2101D6
:10B2A80001010000E01008080810E0000F1824242D
:10B2B80038504F0008F8888888887000203F2000A0
:10B2C800030C302000708808080838000038202156
:10B2D80021221C00180808F8080818000000203F60
:10B2E8002000000008F808000008F808001F2020C7
:10B2F80020201F000878880000C838080000073898
:10B308000E010000F80800F80008F800033C0700E8
:10B31800073C0300081868808068180820302C0350
:10B32800032C30200838C800C83808000000203F27
:10B338002000000010080808C83808002038262116
:10B3480020201800000000FE020202000000007F1A
:10B3580040404000000C30C0000000000000000128
:10B368000638C00000020202FE0000000040404013
:10B378007F000000002010080408102000000000D2
:10B3880000000000000000000000000080808080B5
:10B398008080808000020408000000000000000097
:10B3A8000000000000008080808000000019242236
:10B3B80022223F2008F8008080000000003F112072
:10B3C80020110E000000008080800000000E112077
:10B3D80020201100000000808088F800000E112055
:10B3E80020103F200000808080800000001F222263
:10B3F80022221300008080F0888888180020203FCF
:10B40800202000000000808080808000006B9494E1
:10B418009493600008F8008080800000203F21009D
:10B4280000203F2000809898000000000020203F66
:10B4380020200000000000809898000000C0808054
:10B44800807F000008F8000080808000203F2402F0
:10B458002D302000000808F8000000000020203FE0
:10B46800202000008080808080808000203F200095
:10B478003F20003F008080008080000000203F21A6
:10B4880000203F200000808080800000001F2020D6
:10B4980020201F00808000808000000080FFA12005
:10B4A80020110E000000008080808000000E112016
:10B4B80020A0FF80808080008080800020203F21A5
:10B4C8002000010000008080808080000033242458
:10B4D80024241900008080E0808000000000001F04
:10B4E800202000008080000000808000001F2020B5
:10B4F80020103F20808080000080808000010E3076
:10B508000806010080800080008080800F300C03D6
:10B518000C300F0000808000808080000020312ED9
:10B528000E312000808080000080808080818E70B5
:10B538001806010000808080808080000021302C67
:10B548002221300000000000807C02020000000080
:10B55800003F404000000000FF0000000000000025
:10B56800FF0000000002027C800000000040403F15
:10B5780000000000008040408000008000000000C3
:10B588000001010064656C7461203E3D202D32305D
:10B5980034382026262064656C7461203C3D2032B6
:10B5A80030343620262620212864656C74612026D4
:10B5B80020312900473A5C52617370626572727972
:10B5C8002050695C5069636F2053444B2076312EBC
:10B5D800352E315C7069636F2D73646B5C737263B5
:10B5E8005C7270325F636F6D6D6F6E5C6861726400
:10B5F800776172655F6972715C6972712E630000B0
:10B60800212864656C7461203E3E20313175290023
:10B6180063757272656E74203D3D205F5F756E685C
:10B62800616E646C65645F757365725F69727120C1
:10B638007C7C2063757272656E74203D3D20686164
:10B648006E646C65720000006972715F68616E6497
:10B6580065725F636861696E5F667265655F736C6A
:10B668006F745F68656164203E3D20300000000013
:10B67800767461626C655F68616E646C6572203DAA
:10B688003D205F5F756E68616E646C65645F75739D
:10B6980065725F6972710000212828282875696E13
:10B6A800747074725F7429767461626C655F686126
:10B6B8006E646C657229202D20282875696E747057
:10B6C80074725F74296972715F68616E646C657207
:10B6D8005F636861696E5F736C6F747329202D20D6
:10B6E80031292573697A656F662873747275637476
:10B6F800206972715F68616E646C65725F6368610E
:10B70800696E5F736C6F74292900000030783163AB
:10B71800203D3D20282A696E7374293E3E313175DB
:10B728000000000021657863657074696F6E207C85
:10B738007C20657863657074696F6E203D3D206E6E
:10B74800756D202B20565441424C455F4649525353
:10B75800545F49525100000066616C736500000037
:10B7680069735F7368617265645F6972715F726142
:10B77800775F68616E646C657228736C6F745F685C
:10B78800616E646C65722900657863657074696FB1
:10B798006E000000666F756E640000006972715F6C
:10B7A8006164645F7461696C5F746F5F667265651C
:10B7B8005F6C697374000000696E736572745F6210
:10B7C80072616E63685F616E645F6C696E6B0000C6
:10B7D8006972715F72656D6F76655F68616E646CC2
:10B7E800657200006D616B655F6272616E6368000F
:10B7F8007265736F6C76655F6272616E6368000074
:10B808006972715F7365745F6578636C7573697667
:10B81800655F68616E646C6572000000746F7461C6
:10B828006C000000473A5C5261737062657272790D
:10B838002050695C5069636F2053444B2076312E49
:10B84800352E315C7069636F2D73646B5C73726342
:10B858005C636F6D6D6F6E5C7069636F5F73796E3B
:10B86800635C6D757465782E630000006D74782DC7
:10B878003E636F72652E7370696E5F6C6F636B00E9
:10B8880075735F73696E63655F626F6F74203C3DAB
:10B8980020494E5436345F4D41580000473A5C52B7
:10B8A80041535042457E315C5049434F53447E31A9
:10B8B8002E315C7069636F2D73646B5C7372635CAB
:10B8C800636F6D6D6F6E5C5049434F5F427E315CB4
:10B8D800696E636C7564652F7069636F2F74797016
:10B8E80065732E68000000006C6F636B5F69735F9F
:10B8F8006F776E65725F69645F76616C6964286DE5
:10B9080074782D3E6F776E65722900006D74782DFE
:10B918003E656E7465725F636F756E74000000003B
:10B928006D757465785F6578697400006D75746508
:10B93800785F656E7465725F626C6F636B5F756E5E
:10B9480074696C0072742D3E616C61726D5F69641C
:10B95800203D3D2069640000473A5C526173706283
:10B96800657272792050695C5069636F2053444B4B
:10B978002076312E352E315C7069636F2D73646BC0
:10B988005C7372635C636F6D6D6F6E5C7069636F1F
:10B998005F74696D655C74696D652E6300000000F5
:10B9A8006964202626206964203C3D20706F6F6CF6
:10B9B8002D3E686561702D3E6D61785F6E6F6465C0
:10B9C800730000006964202626206964203C3D201D
:10B9D800686561702D3E6D61785F6E6F6465730098
:10B9E800473A5C5241535042457E315C5049434F7F
:10B9F80053447E312E315C7069636F2D73646B5CC8
:10BA08007372635C636F6D6D6F6E5C5049434F5F1B
:10BA1800557E325C696E636C7564652F7069636FFF
:10BA28002F7574696C2F70686561702E680000004E
:10BA3800706172656E745F69640000006368696CA8
:10BA4800645F696400000000706172656E745F690C
:10BA58006420213D206368696C645F6964000000AC
:10BA68002170685F636F6E7461696E735F6E6F6477
:10BA78006528706F6F6C2D3E686561702C2072654B
:10BA88007573655F6964290072656D6F7665645FBB
:10BA98006964203D3D206E6578745F69640000002C
:10BAA80063616C6C6261636B00000000706F6F6CA7
:10BAB8002D3E616C61726D5F696E5F70726F677247
:10BAC800657373203D3D206D616B655F7075626CB9
:10BAD80069635F69642869645F686967682C206EB8
:10BAE8006578745F696429006964202626202170BE
:10BAF800685F636F6E7461696E735F6E6F646528EB
:10BB0800686561702C2069642900000021686561FE
:10BB1800702D3E667265655F7461696C5F6964006B
:10BB280064656661756C745F616C61726D5F706F7E
:10BB38006F6C5F696E697469616C697A65642829DC
:10BB480000000000616C61726D5F696420213D2016
:10BB5800706F6F6C2D3E616C61726D5F696E5F70A6
:10BB6800726F677265737300726300004174746565
:10BB78006D7074656420746F20736C6565702069DE
:10BB88006E73696465206F6620616E2065786365F1
:10BB98007074696F6E2068616E646C65723B2075A5
:10BBA800736520627573795F7761697420696620AF
:10BBB800796F75206D75737400000000616C617297
:10BBC8006D5F706F6F6C5F63616E63656C5F616CF6
:10BBD80061726D007570646174655F75735F736918
:10BBE8006E63655F626F6F7400000000616C617264
:10BBF8006D5F706F6F6C5F616C61726D5F63616CBC
:10BC08006C6261636B0000006765745F656E7472D7
:10BC180079000000616C61726D5F706F6F6C5F67B7
:10BC280065745F64656661756C7400006765745F50
:10BC3800656E7472795F69645F686967680000009F
:10BC480070685F667265655F6E6F6465000000000E
:10BC580070685F6164645F6368696C645F6E6F6479
:10BC68006500000070685F696E736572745F6E6F5F
:10BC78006465000070685F6765745F6E6F64650077
:10BC88006164645F616C61726D5F756E6465725F3B
:10BC98006C6F636B000000004861726477617265C5
:10BCA80020616C61726D20256420616C726561642D
:10BCB8007920636C61696D656400000074696D6565
:10BCC800725F68772D3E696E747320262031752067
:10BCD8003C3C20616C61726D5F6E756D0000000008
:10BCE800473A5C5261737062657272792050695C80
:10BCF8005069636F2053444B2076312E352E315CCA
:10BD08007069636F2D73646B5C7372635C727032FD
:10BD18005F636F6D6D6F6E5C686172647761726589
:10BD28005F74696D65725C74696D65722E6300007D
:10BD380068617264776172655F616C61726D5F736F
:10BD480065745F7461726765740000007570646182
:10BD580074655F75735F73696E63655F626F6F7437
:10BD680000000000726F6F745F696400473A5C52AC
:10BD780061737062657272792050695C5069636F93
:10BD88002053444B2076312E352E315C7069636F19
:10BD98002D73646B5C7372635C636F6D6D6F6E5C47
:10BDA8007069636F5F7574696C5C70686561702E2B
:10BDB800630000002170685F6765745F6E6F64657B
:10BDC80028686561702C20726F6F745F6964292D13
:10BDD8003E7369626C696E67000000002170685FDD
:10BDE8006765745F6E6F646528686561702C207282
:10BDF8006F6F745F6964292D3E706172656E74009F
:10BE08006E65775F7375625F7472656520213D208A
:10BE1800686561702D3E726F6F745F696400000021
:10BE280070685F72656D6F76655F616E645F66727C
:10BE380065655F6E6F64650070685F72656D6F76CB
:10BE4800655F616E795F68656164000070685F6155
:10BE580064645F6368696C645F6E6F6465000000AA
:10BE680070685F6765745F6E6F6465007372635FA7
:10BE780066726571203E3D206672657100000000A3
:10BE8800473A5C5261737062657272792050695CDE
:10BE98005069636F2053444B2076312E352E315C28
:10BEA8007069636F2D73646B5C7372635C7270325C
:10BEB8005F636F6D6D6F6E5C6861726477617265E8
:10BEC8005F636C6F636B735C636C6F636B732E6320
:10BED80000000000636C6F636B5F636F6E66696779
:10BEE8007572650076636F5F66726571203E3D20EE
:10BEF800285049434F5F504C4C5F56434F5F4D4964
:10BF08004E5F465245515F4B485A202A204B485AAB
:10BF1800292026262076636F5F66726571203C3D76
:10BF280020285049434F5F504C4C5F56434F5F4D5C
:10BF380041585F465245515F4B485A202A204B488A
:10BF48005A290000473A5C526173706265727279CF
:10BF58002050695C5069636F2053444B2076312E22
:10BF6800352E315C7069636F2D73646B5C7372631B
:10BF78005C7270325F636F6D6D6F6E5C6861726466
:10BF8800776172655F706C6C5C706C6C2E6300001E
:10BF98006662646976203E3D20313620262620667A
:10BFA80062646976203C3D203332300028706F731C
:10BFB800745F64697631203E3D203120262620704A
:10BFC8006F73745F64697631203C3D2037292026E1
:10BFD800262028706F73745F64697632203E3D2096
:10BFE8003120262620706F73745F64697632203C96
:10BFF8003D203729000000007265665F6672657132
:10C00800203C3D202876636F5F66726571202F2083
:10C0180031362900706C6C5F696E6974000000002D
:10C028002C2066756E6374696F6E3A2000000000FC
:10C03800617373657274696F6E202225732220669E
:10C0480061696C65643A2066696C652022257322F3
:10C058002C206C696E65202564257325730A000001
:10C0680031203D3D202875696E747074725F7429A3
:10C078006C2D3E7370696E5F6C6F636B000000001F
:10C08800473A5C5261737062657272792050695CDC
:10C098005069636F2053444B2076312E352E315C26
:10C0A8007069636F2D73646B5C7372635C7270325A
:10C0B8005F636F6D6D6F6E5C7069636F5F72756ED5
:10C0C80074696D655C72756E74696D652E630000C8
:10C0D8000A2A2A2A2050414E4943202A2A2A0A009D
:10C0E8000A00000072756E74696D655F696E697427
:10C0F80000000000666E6900666E692B0000000093
:10C108006E616E00666E692D000000001A43001013
:10C11800CA420010CA42001024430010CA4200104C
:10C12800CA420010CA420010CA420010CA42001097
:10C13800CA420010CA42001010430010CA42001040
:10C1480006430010CA420010CA420010FC42001008
:10C15800BC430010E2430010FA430010E243001011
:10C168009C430010E2430010E2430010E243001039
:10C17800E2430010E2430010E2430010E2430010E3
:10C18800D8430010E2430010E2430010E2430010DD
:10C19800E2430010E2430010064400103648001045
:10C1A8004C4800104C4800104C4800104C480010F7
:10C1B8004C4800104C4800104C4800104C480010E7
:10C1C8004C4800104C4800104C4800104C480010D7
:10C1D8004C4800104C4800104C4800104C480010C7
:10C1E8004C4800104C4800104C4800104C480010B7
:10C1F8004C4800104C4800104C4800104C480010A7
:10C208004C4800104C4800104C4800104C48001096
:10C218004C4800104C4800104C4800105E46001076
:10C228001E4600105E4600104C4800104C48001096
:10C238004C4800104C4800104C4800104C48001066
:10C248004C4800104C4800104C4800104C48001056
:10C258004C4800104C4800104C4800104C48001046
:10C268004C4800104C480010124400104C48001074
:10C278004C4800104C4800104C4800104C48001026
:10C288004C4800104C4800104C4800104C48001016
:10C2980012440010AE460010124400105E46001012
:10C2A8001E4600105E4600104C4800101244001054
:10C2B8004C4800104C4800104C4800104C480010E6
:10C2C8004C48001012440010004800104C48001060
:10C2D8004C480010264700104C480010124400102B
:10C2E8004C4800104C480010124400100000000098
:10C2F800000000000000F03F0000000000002440A3
:10C3080000000000000059400000000000408F407D
:10C31800000000000088C34000000000006AF840E8
:10C328000000000080842E4100000000D01263410C
:10C338000000000084D797410000000065CDCD4182
:10C348002A282875696E74385F74202A29726F6DDF
:10C358005F646174615F6C6F6F6B757028726F6D6D
:10C368005F7461626C655F636F6465282753272C6F
:10C378002027462729292D3229202A2034203E3DEE
:10C388002053465F5441424C455F56325F53495AE9
:10C3980045000000473A5C526173706265727279B9
:10C3A8002050695C5069636F2053444B2076312ECE
:10C3B800352E315C7069636F2D73646B5C737263C7
:10C3C8005C7270325F636F6D6D6F6E5C7069636F06
:10C3D8005F646F75626C655C646F75626C655F69DC
:10C3E8006E69745F726F6D2E630000005F5F616538
:10C3F8006162695F646F75626C655F696E6974001C
:10C408002A282875696E74385F74202A29726F6D1E
:10C418005F7461626C652D3229202A2034203E3DEC
:10C428002053465F5441424C455F56325F53495A48
:10C4380045000000473A5C52617370626572727918
:10C448002050695C5069636F2053444B2076312E2D
:10C45800352E315C7069636F2D73646B5C73726326
:10C468005C7270325F636F6D6D6F6E5C7069636F65
:10C478005F666C6F61745C666C6F61745F696E692E
:10C48800745F726F6D2E63005F5F61656162695FE3
:10C49800666C6F61745F696E6974000044656275EB
:10C4A80067000000626F6F74325F77323571303821
:10C4B80030000000302E3100312E352E31000000C2
:10C4C8007069636F000000005250323034305F49A9
:10C4D80032435F53483131303600000046656220F0
:10C4E800313320323032350006005250BBFF3CB6A3
:10C4F800C8C40010060052503ABCA911BCC40010B0
:10C5080006005250E182887FACC4001006005250E9
:10C51800D3F07542A4C400107570646174655F75CA
:10C52800735F73696E63655F626F6F74000000000C
:10C538000D0A00005541525420737464696E00005E
:10C5480055415254207374646F75740055415254A8
:10C5580020737464696E202F207374646F7574007F
:10C568000600525053B4F4A154C5001008005250AC
:10C57800920000007364615F74785F686F6C645F39
:10C58800636F756E74203C3D206C636E74202D20A3
:10C5980032000000473A5C526173706265727279CA
:10C5A8002050695C5069636F2053444B2076312ECC
:10C5B800352E315C7069636F2D73646B5C737263C5
:10C5C8005C7270325F636F6D6D6F6E5C6861726410
:10C5D800776172655F6932635C6932632E6300005C
:10C5E8006932635F7365745F6261756472617465F3
:10C5F80000000000494E4600696E66004E414E003C
:10C6080030313233343536373839616263646566C0
:10C618000000000030313233343536373839414282
:10C628004344454600000000286E756C6C290000E4
:10C638001479001014750010147500100C7900108E
:10C64800147500101475001014750010767400101D
:10C658001475001014750010A0780010BE78001032
:10C6680014750010B6780010D078001014750010FA
:10C67800C8780010587600105876001058760010C8
:10C68800587600105876001058760010587600102A
:10C6980058760010587600101475001014750010A4
:10C6A800147500101475001014750010147500101E
:10C6B800147500107C76001014750010887800102E
:10C6C800F07900107C7600107C7600107C760010E3
:10C6D80014750010147500101475001014750010EE
:10C6E800E87900101475001014750010B679001060
:10C6F80014750010147500101475001032780010AD
:10C7080014750010287900101475001014750010A5
:10C718001A84001014750010147500101475001098
:10C72800147500101475001014750010147500109D
:10C73800147500107C7600101475001088780010AD
:10C74800008100107C7600107C7600107C7600104A
:10C75800767A001000810010A27400101475001081
:10C76800667A001014750010B27A00101084001058
:10C77800867A0010A2740010147500103278001028
:10C788009E740010DE8300101475001014750010DC
:10C798008A830010147500109E7400102020202039
:10C7A8002020202020202020202020203030303041
:10C7B8003030303030303030303030304E614E0034
:10C7C800496E66696E6974790000000042616C6C9C
:10C7D8006F632073756363656564656400000000BA
:10C7E8002F6D6E742F776F726B73706163652F771F
:10C7F8006F726B73706163652F4743432D31302D22
:10C80800706970656C696E652F6A656E6B696E73A9
:10C818002D4743432D31302D706970656C696E6505
:10C828002D3333385F32303231313031385F313681
:10C8380033343531363230332F7372632F6E657768
:10C848006C69622F6E65776C69622F6C6962632F01
:10C858007374646C69622F64746F612E63000000E6
:10C868002F6D6E742F776F726B73706163652F779E
:10C878006F726B73706163652F4743432D31302DA1
:10C88800706970656C696E652F6A656E6B696E7329
:10C898002D4743432D31302D706970656C696E6585
:10C8A8002D3333385F32303231313031385F313601
:10C8B80033343531363230332F7372632F6E6577E8
:10C8C8006C69622F6E65776C69622F6C6962632F81
:10C8D8007374646C69622F6D707265632E630000F7
:10C8E8000080E03779C34143176E05B5B5B8934664
:10C8F800F5F93FE9034F384D321D30F94877825A30
:10C908003CBF737FDD4F1575000000000000F03F4D
:10C918000000000000002440000000000000594012
:10C928000000000000408F40000000000088C34065
:10C9380000000000006AF8400000000080842E41DA
:10C9480000000000D01263410000000084D7974126
:10C958000000000065CDCD41000000205FA002422C
:10C96800000000E876483742000000A2941A6D42A1
:10C97800000040E59C30A2420000901EC4BCD64294
:10C9880000003426F56B0C430080E03779C341433F
:10C9980000A0D8855734764300C84E676DC1AB43B5
:10C9A800003D9160E458E143408CB5781DAF1544D3
:10C9B80050EFE2D6E41A4B4492D54D06CFF08044AE
:10C9C800F64AE1C7022DB544B49DD9794378EA44C3
:10C9D80005000000190000007D0000004300000071
:10C9E800504F5349580000002E000000002020201E
:10C9F8002020202020202828282828202020202007
:10CA080020202020202020202020202020881010D6
:10CA18001010101010101010101010101004040432
:10CA280004040404040404101010101010104141F0
:10CA380041414141010101010101010101010101DE
:10CA480001010101010101011010101010104242F2
:10CA580042424242020202020202020202020202AE
:10CA6800020202020202020210101010200000004E
:10CA780000000000000000000000000000000000AE
:10CA8800000000000000000000000000000000009E
:10CA9800000000000000000000000000000000008E
:10CAA800000000000000000000000000000000007E
:10CAB800000000000000000000000000000000006E
:10CAC800000000000000000000000000000000005E
:10CAD800000000000000000000000000000000004E
:10CAE800000000000000000000000000000000003E
:10CAF800DCAB0010AC020010A00200109402001081
:10CB0800F0C4001088020010FCC4001008C5001012
:0CCB180014C5001068C5001074C50010A2
:10CB240003000068EFF3108C72B60268002AFCD090
:10CB3400BFF35F8F04229A56002A0BDB002910D022
:10CB44000A6000201B68BFF35F8F00221A608CF319
:10CB540010887047D0221206127852B21A7101203E
:10CB6400F0E70020EEE70000F8B5CE46474680B572
:10CB74000400170098460368002B20D0D0231B061E
:10CB84001B785BB299462668EFF3108C72B6356851
:10CB9400002DFCD0BFF35F8F04256557002D14DBF7
:10CBA4002368BFF35F8F00221A608CF3108838006B
:10CBB400414600F061F80028E5D000200FE00A4B60
:10CBC4000A4A85210A4800F05FF84B46237123681E
:10CBD400BFF35F8F00221A608CF310880120C0BC61
:10CBE400B946B046F8BDC04674B8001034B9001058
:10CBF4002CB8001070B582B0060015001C0001A905
:10CC0400FFF78EFF002807D1019B5BB2D0221206EA
:10CC1400127852B2934201D102B070BD2A002300AF
:10CC24003000FFF7A1FFF7E710B50268EFF31081BA
:10CC340072B61368002BFCD0BFF35F8F0423C35676
:10CC4400002B0ADBFF2303710368BFF35F8F00220D
:10CC54001A6081F3108840BF10BD034B034AB4210E
:10CC6400034800F011F8C046F0B8001028B90010CD
:10CC74002CB800107047C04601B40248844601BC79
:10CC8400604700BFED28001001B40248844601BC8F
:10CC9400604700BF0D3600101000000000000000C7
:10CCA400000001000000000000000000000002007D
:10CCB400000000000000000000000300000000006D
:10CCC400000000000000FF000000000001B54868FB
:10CCD40001318E460047704609380149884701BD35
:10CCE400E51C00109C02002000000000B80C00208D
:10CCF4004C12002000000000000000005C12002024
:10CD0400000000000000000010000000000000000F
:10CD1400503300004C330000543300005233000001
:10CD24004D5300004D4300005334000043340000D1
:10CD34001D610010000000009161001039620010B4
:10CD4400000000000001000000400440000000005A
:10CD5400F80200200000000000000000E4050020AC
:10CD64004C060020B4060020000000000000000073
:10CD740000000000000000000000000000000000AF
:10CD8400000000000000000000000000000000009F
:10CD9400000000000000000000000000000000008F
:10CDA400000000000000000000000000000000007F
:10CDB400000000000000000000000000000000006F
:10CDC400000000000000000000000000000000005F
:10CDD400000000000000000000000000000000004F
:10CDE400000000000000000000000000000000003F
:10CDF400000000000000000000000000000000002F
:10CE040001000000000000000E33CDAB34126DE6CB
:10CE1400ECDE05000B000000000000000000000034
:10CE240000000000000000000000000000000000FE
:10CE340000000000000000000000000000000000EE
:10CE440000000000000000000000000000000000DE
:10CE540000000000000000000000000000000000CE
:10CE640000000000000000000000000000000000BE
:10CE740000000000000000000000000000000000AE
:10CE8400000000000000000000000000000000009E
:10CE9400000000000000000000000000000000008E
:10CEA400000000000000000000000000000000007E
:10CEB400000000000000000000000000000000006E
:10CEC400000000000000000000000000000000005E
:10CED400000000000000000000000000000000004E
:10CEE400000000000000000000000000000000003E
:10CEF400000000000000000000000000000000002E
:10CF0400000000000000000000000000000000001D
:10CF1400000000000000000000000000000000000D
:10CF240000000000000000000000000000000000FD
:10CF340000000000000000000000000000000000ED
:10CF440000000000000000000000000000000000DD
:10CF540000000000000000000000000000000000CD
:10CF640000000000000000000000000000000000BD
:10CF740000000000000000000000000000000000AD
:10CF8400000000000000000000000000000000009D
:10CF9400000000000000000000000000000000008D
:10CFA400000000000000000000000000000000007D
:10CFB400000000000000000000000000000000006D
:10CFC400000000000000000000000000000000005D
:10CFD400000000000000000000000000000000004D
:10CFE400000000000000000000000000000000003D
:10CFF400000000000000000000000000000000002D
:10D00400000000000000000000000000000000001C
:10D01400000000000000000000000000000000000C
:10D0240000000000000000000000000000000000FC
:10D0340000000000000000000000000000000000EC
:10D0440000000000000000000000000000000000DC
:10D0540000000000000000000000000000000000CC
:10D0640000000000000000000000000000000000BC
:10D0740000000000000000000000000000000000AC
:10D08400000000000000000000000000000000009C
:10D09400000000000000000000000000000000008C
:10D0A400000000000000000000000000000000007C
:10D0B400000000000000000000000000000000006C
:10D0C400000000000000000000000000000000005C
:10D0D400000000000000000000000000000000004C
:10D0E400000000000000000000000000000000003C
:10D0F400000000000000000000000000000000002C
:10D10400000000000000000000000000000000001B
:10D11400000000000000000000000000000000000B
:10D1240000000000000000000000000000000000FB
:10D1340000000000000000000000000000000000EB
:10D1440000000000000000000000000000000000DB
:10D1540000000000000000000000000000000000CB
:10D1640000000000000000000000000000000000BB
:10D1740000000000000000000000000000000000AB
:10D18400000000000000000020070020200700200D
:10D19400280700202807002030070020300700203F
:10D1A40038070020380700204007002040070020EF
:10D1B400480700204807002050070020500700209F
:10D1C400580700205807002060070020600700204F
:10D1D40068070020680700207007002070070020FF
:10D1E40078070020780700208007002080070020AF
:10D1F400880700208807002090070020900700205F
:10D204009807002098070020A0070020A00700200E
:10D21400A8070020A8070020B0070020B0070020BE
:10D22400B8070020B8070020C0070020C00700206E
:10D23400C8070020C8070020D0070020D00700201E
:10D24400D8070020D8070020E0070020E0070020CE
:10D25400E8070020E8070020F0070020F00700207E
:10D26400F8070020F807002000080020000800202C
:10D2740008080020080800201008002010080020DA
:10D28400180800201808002020080020200800208A
:10D29400280800202808002030080020300800203A
:10D2A40038080020380800204008002040080020EA
:10D2B400480800204808002050080020500800209A
:10D2C400580800205808002060080020600800204A
:10D2D40068080020680800207008002070080020FA
:10D2E40078080020780800208008002080080020AA
:10D2F400880800208808002090080020900800205A
:10D304009808002098080020A0080020A008002009
:10D31400A8080020A8080020B0080020B0080020B9
:10D32400B8080020B8080020C0080020C008002069
:10D33400C8080020C8080020D0080020D008002019
:10D34400D8080020D8080020E0080020E0080020C9
:10D35400E8080020E8080020F0080020F008002079
:10D36400F8080020F8080020000900200009002027
:10D3740008090020080900201009002010090020D5
:10D384001809002018090020200900202009002085
:10D394002809002028090020300900203009002035
:10D3A40038090020380900204009002040090020E5
:10D3B4004809002048090020500900205009002095
:10D3C4005809002058090020600900206009002045
:10D3D40068090020680900207009002070090020F5
:10D3E40078090020780900208009002080090020A5
:10D3F4008809002088090020900900209009002055
:10D404009809002098090020A0090020A009002004
:10D41400A8090020A8090020B0090020B0090020B4
:10D42400B8090020B8090020C0090020C009002064
:10D43400C8090020C8090020D0090020D009002014
:10D44400D8090020D8090020E0090020E0090020C4
:10D45400E8090020E8090020F0090020F009002074
:10D46400F8090020F8090020000A0020000A002022
:10D47400080A0020080A0020100A0020100A0020D0
:10D48400180A0020180A0020200A0020200A002080
:10D49400280A0020280A0020300A0020300A002030
:10D4A400380A0020380A0020400A0020400A0020E0
:10D4B400480A0020480A0020500A0020500A002090
:10D4C400580A0020580A0020600A0020600A002040
:10D4D400680A0020680A0020700A0020700A0020F0
:10D4E400780A0020780A0020800A0020800A0020A0
:10D4F400880A0020880A0020900A0020900A002050
:10D50400980A0020980A0020A00A0020A00A0020FF
:10D51400A80A0020A80A0020B00A0020B00A0020AF
:10D52400B80A0020B80A0020C00A0020C00A00205F
:10D53400C80A0020C80A0020D00A0020D00A00200F
:10D54400D80A0020D80A0020E00A0020E00A0020BF
:10D55400E80A0020E80A0020F00A0020F00A00206F
:10D56400F80A0020F80A0020000B0020000B00201D
:10D57400080B0020080B0020100B0020100B0020CB
:10D58400180B0020180B0020FFFFFFFF0000020013
:10D594004300000000000000000000000000000044
:10D5A4000000000000000000000000000000000077
:10D5B4004300000000000000000000000000000024
:10D5C4000000000000000000000000000000000057
:10D5D4004300000000000000000000000000000004
:10D5E4000000000000000000000000000000000037
:10D5F40043000000000000000000000000000000E4
:10D604000000000000000000000000000000000016
:10D6140043000000000000000000000000000000C3
:10D6240000000000000000000000000000000000F6
:10D6340043000000000000000000000000000000A3
:10D6440000000000000000000000000000000000D6
:10D654004300000000000000000000000000000083
:10D6640000000000000000000000000000000000B6
:10D6740039AB00100DAB001000000000F4C900101D
:10D68400F0C9001034C0001034C0001034C00010C1
:10D6940034C0001034C0001034C0001034C0001076
:10D6A40034C0001034C00010FFFFFFFFFFFFFFFF76
:10D6B400FFFFFFFFFFFF0000010041534349490002
:10D6C4000000000000000000000000000000000056
:10D6D40000000000000000000000415343494900DD
:10D6E4000000000000000000000000000000000036
:10D6F4000000000000000000000000000000000026
:10D70400000000002D5E0010B14800100950001008
:08D71400FD5C0010E5020010AD
:04000005100001E9FD
:00000001FF
