
D:/RP2040/RP2040_C_SDK_Examples/RP2040_I2C_SSD1306/build/RP2040_I2C_SSD1306.elf:     file format elf32-littlearm

Sections:
Idx Name          Size      VMA       LMA       File off  Algn
  0 .boot2        00000100  10000000  10000000  00001000  2**0
                  CONTENTS, ALLOC, LOAD, READONLY, CODE
  1 .text         00005578  10000100  10000100  00001100  2**3
                  CONTENTS, ALLOC, LOAD, READONLY, CODE
  2 .rodata       00001564  10005678  10005678  00006678  2**3
                  CONTENTS, ALLOC, LOAD, READONLY, DATA
  3 .binary_info  0000002c  10006bdc  10006bdc  00007bdc  2**2
                  CONTENTS, ALLOC, LOAD, READONLY, DATA
  4 .ram_vector_table 000000c0  20000000  20000000  00009000  2**2
                  ALLOC
  5 .data         00000a8c  200000c0  10006c08  000080c0  2**4
                  CONTENTS, ALLOC, LOAD, READONLY, CODE
  6 .uninitialized_data 00000000  20000b4c  20000b4c  00008b4c  2**0
                  CONTENTS
  7 .scratch_x    00000000  20040000  20040000  00008b4c  2**0
                  CONTENTS
  8 .scratch_y    00000000  20041000  20041000  00008b4c  2**0
                  CONTENTS
  9 .bss          00000418  20000b50  20000b50  00009000  2**3
                  ALLOC
 10 .heap         00000800  20000f68  20000f68  00008b4c  2**2
                  CONTENTS, READONLY
 11 .stack_dummy  00000800  20041000  20041000  00009360  2**5
                  CONTENTS, READONLY
 12 .ARM.attributes 00000028  00000000  00000000  00009b60  2**0
                  CONTENTS, READONLY
 13 .comment      00000049  00000000  00000000  00009b88  2**0
                  CONTENTS, READONLY
 14 .debug_info   00019b27  00000000  00000000  00009bd1  2**0
                  CONTENTS, READONLY, DEBUGGING, OCTETS
 15 .debug_abbrev 00004d6e  00000000  00000000  000236f8  2**0
                  CONTENTS, READONLY, DEBUGGING, OCTETS
 16 .debug_loc    00011e8b  00000000  00000000  00028466  2**0
                  CONTENTS, READONLY, DEBUGGING, OCTETS
 17 .debug_aranges 00000ff0  00000000  00000000  0003a2f8  2**3
                  CONTENTS, READONLY, DEBUGGING, OCTETS
 18 .debug_ranges 00003908  00000000  00000000  0003b2e8  2**3
                  CONTENTS, READONLY, DEBUGGING, OCTETS
 19 .debug_line   00010278  00000000  00000000  0003ebf0  2**0
                  CONTENTS, READONLY, DEBUGGING, OCTETS
 20 .debug_str    000044c6  00000000  00000000  0004ee68  2**0
                  CONTENTS, READONLY, DEBUGGING, OCTETS
 21 .debug_frame  00001ff8  00000000  00000000  00053330  2**2
                  CONTENTS, READONLY, DEBUGGING, OCTETS

D:/RP2040/RP2040_C_SDK_Examples/RP2040_I2C_SSD1306/build/RP2040_I2C_SSD1306.elf:     file format elf32-littlearm


Disassembly of section .boot2:

10000000 <__boot2_start__>:
10000000:	4b32b500 	.word	0x4b32b500
10000004:	60582021 	.word	0x60582021
10000008:	21026898 	.word	0x21026898
1000000c:	60984388 	.word	0x60984388
10000010:	611860d8 	.word	0x611860d8
10000014:	4b2e6158 	.word	0x4b2e6158
10000018:	60992100 	.word	0x60992100
1000001c:	61592102 	.word	0x61592102
10000020:	22f02101 	.word	0x22f02101
10000024:	492b5099 	.word	0x492b5099
10000028:	21016019 	.word	0x21016019
1000002c:	20356099 	.word	0x20356099
10000030:	f844f000 	.word	0xf844f000
10000034:	42902202 	.word	0x42902202
10000038:	2106d014 	.word	0x2106d014
1000003c:	f0006619 	.word	0xf0006619
10000040:	6e19f834 	.word	0x6e19f834
10000044:	66192101 	.word	0x66192101
10000048:	66182000 	.word	0x66182000
1000004c:	f000661a 	.word	0xf000661a
10000050:	6e19f82c 	.word	0x6e19f82c
10000054:	6e196e19 	.word	0x6e196e19
10000058:	f0002005 	.word	0xf0002005
1000005c:	2101f82f 	.word	0x2101f82f
10000060:	d1f94208 	.word	0xd1f94208
10000064:	60992100 	.word	0x60992100
10000068:	6019491b 	.word	0x6019491b
1000006c:	60592100 	.word	0x60592100
10000070:	481b491a 	.word	0x481b491a
10000074:	21016001 	.word	0x21016001
10000078:	21eb6099 	.word	0x21eb6099
1000007c:	21a06619 	.word	0x21a06619
10000080:	f0006619 	.word	0xf0006619
10000084:	2100f812 	.word	0x2100f812
10000088:	49166099 	.word	0x49166099
1000008c:	60014814 	.word	0x60014814
10000090:	60992101 	.word	0x60992101
10000094:	2800bc01 	.word	0x2800bc01
10000098:	4700d000 	.word	0x4700d000
1000009c:	49134812 	.word	0x49134812
100000a0:	c8036008 	.word	0xc8036008
100000a4:	8808f380 	.word	0x8808f380
100000a8:	b5034708 	.word	0xb5034708
100000ac:	20046a99 	.word	0x20046a99
100000b0:	d0fb4201 	.word	0xd0fb4201
100000b4:	42012001 	.word	0x42012001
100000b8:	bd03d1f8 	.word	0xbd03d1f8
100000bc:	6618b502 	.word	0x6618b502
100000c0:	f7ff6618 	.word	0xf7ff6618
100000c4:	6e18fff2 	.word	0x6e18fff2
100000c8:	bd026e18 	.word	0xbd026e18
100000cc:	40020000 	.word	0x40020000
100000d0:	18000000 	.word	0x18000000
100000d4:	00070000 	.word	0x00070000
100000d8:	005f0300 	.word	0x005f0300
100000dc:	00002221 	.word	0x00002221
100000e0:	180000f4 	.word	0x180000f4
100000e4:	a0002022 	.word	0xa0002022
100000e8:	10000100 	.word	0x10000100
100000ec:	e000ed08 	.word	0xe000ed08
	...
100000fc:	7a4eb274 	.word	0x7a4eb274

Disassembly of section .text:

10000100 <__VECTOR_TABLE>:
10000100:	20042000 	.word	0x20042000
10000104:	100001f7 	.word	0x100001f7
10000108:	100001c3 	.word	0x100001c3
1000010c:	100001c5 	.word	0x100001c5
10000110:	100001c1 	.word	0x100001c1
10000114:	100001c1 	.word	0x100001c1
10000118:	100001c1 	.word	0x100001c1
1000011c:	100001c1 	.word	0x100001c1
10000120:	100001c1 	.word	0x100001c1
10000124:	100001c1 	.word	0x100001c1
10000128:	100001c1 	.word	0x100001c1
1000012c:	100001c7 	.word	0x100001c7
10000130:	100001c1 	.word	0x100001c1
10000134:	100001c1 	.word	0x100001c1
10000138:	100001c9 	.word	0x100001c9
1000013c:	100001cb 	.word	0x100001cb
10000140:	100001cd 	.word	0x100001cd
10000144:	100001cd 	.word	0x100001cd
10000148:	100001cd 	.word	0x100001cd
1000014c:	100001cd 	.word	0x100001cd
10000150:	100001cd 	.word	0x100001cd
10000154:	100001cd 	.word	0x100001cd
10000158:	100001cd 	.word	0x100001cd
1000015c:	100001cd 	.word	0x100001cd
10000160:	100001cd 	.word	0x100001cd
10000164:	100001cd 	.word	0x100001cd
10000168:	100001cd 	.word	0x100001cd
1000016c:	100001cd 	.word	0x100001cd
10000170:	100001cd 	.word	0x100001cd
10000174:	100001cd 	.word	0x100001cd
10000178:	100001cd 	.word	0x100001cd
1000017c:	100001cd 	.word	0x100001cd
10000180:	100001cd 	.word	0x100001cd
10000184:	100001cd 	.word	0x100001cd
10000188:	100001cd 	.word	0x100001cd
1000018c:	100001cd 	.word	0x100001cd
10000190:	100001cd 	.word	0x100001cd
10000194:	100001cd 	.word	0x100001cd
10000198:	100001cd 	.word	0x100001cd
1000019c:	100001cd 	.word	0x100001cd
100001a0:	100001cd 	.word	0x100001cd
100001a4:	100001cd 	.word	0x100001cd
100001a8:	100001cd 	.word	0x100001cd
100001ac:	100001cd 	.word	0x100001cd
100001b0:	100001cd 	.word	0x100001cd
100001b4:	100001cd 	.word	0x100001cd
100001b8:	100001cd 	.word	0x100001cd
100001bc:	100001cd 	.word	0x100001cd

100001c0 <isr_invalid>:
100001c0:	be00      	bkpt	0x0000

100001c2 <isr_nmi>:
100001c2:	be00      	bkpt	0x0000

100001c4 <isr_hardfault>:
100001c4:	be00      	bkpt	0x0000

100001c6 <isr_svcall>:
100001c6:	be00      	bkpt	0x0000

100001c8 <isr_pendsv>:
100001c8:	be00      	bkpt	0x0000

100001ca <isr_systick>:
100001ca:	be00      	bkpt	0x0000

100001cc <__unhandled_user_irq>:
100001cc:	f3ef 8005 	mrs	r0, IPSR
100001d0:	3810      	subs	r0, #16

100001d2 <unhandled_user_irq_num_in_r0>:
100001d2:	be00      	bkpt	0x0000

100001d4 <binary_info_header>:
100001d4:	7188ebf2 	.word	0x7188ebf2
100001d8:	10006bdc 	.word	0x10006bdc
100001dc:	10006c08 	.word	0x10006c08
100001e0:	10000234 	.word	0x10000234
100001e4:	e71aa390 	.word	0xe71aa390

100001e8 <_entry_point>:
100001e8:	2000      	movs	r0, #0
100001ea:	491f      	ldr	r1, [pc, #124]	; (10000268 <hold_non_core0_in_bootrom+0xa>)
100001ec:	6008      	str	r0, [r1, #0]
100001ee:	c806      	ldmia	r0!, {r1, r2}
100001f0:	f381 8808 	msr	MSP, r1
100001f4:	4710      	bx	r2

100001f6 <_reset_handler>:
100001f6:	481d      	ldr	r0, [pc, #116]	; (1000026c <hold_non_core0_in_bootrom+0xe>)
100001f8:	6800      	ldr	r0, [r0, #0]
100001fa:	2800      	cmp	r0, #0
100001fc:	d12f      	bne.n	1000025e <hold_non_core0_in_bootrom>
100001fe:	a40d      	add	r4, pc, #52	; (adr r4, 10000234 <data_cpy_table>)
10000200:	cc0e      	ldmia	r4!, {r1, r2, r3}
10000202:	2900      	cmp	r1, #0
10000204:	d002      	beq.n	1000020c <_reset_handler+0x16>
10000206:	f000 f812 	bl	1000022e <data_cpy>
1000020a:	e7f9      	b.n	10000200 <_reset_handler+0xa>
1000020c:	4918      	ldr	r1, [pc, #96]	; (10000270 <hold_non_core0_in_bootrom+0x12>)
1000020e:	4a19      	ldr	r2, [pc, #100]	; (10000274 <hold_non_core0_in_bootrom+0x16>)
10000210:	2000      	movs	r0, #0
10000212:	e000      	b.n	10000216 <bss_fill_test>

10000214 <bss_fill_loop>:
10000214:	c101      	stmia	r1!, {r0}

10000216 <bss_fill_test>:
10000216:	4291      	cmp	r1, r2
10000218:	d1fc      	bne.n	10000214 <bss_fill_loop>

1000021a <platform_entry>:
1000021a:	4917      	ldr	r1, [pc, #92]	; (10000278 <hold_non_core0_in_bootrom+0x1a>)
1000021c:	4788      	blx	r1
1000021e:	4917      	ldr	r1, [pc, #92]	; (1000027c <hold_non_core0_in_bootrom+0x1e>)
10000220:	4788      	blx	r1
10000222:	4917      	ldr	r1, [pc, #92]	; (10000280 <hold_non_core0_in_bootrom+0x22>)
10000224:	4788      	blx	r1
10000226:	be00      	bkpt	0x0000
10000228:	e7fd      	b.n	10000226 <platform_entry+0xc>

1000022a <data_cpy_loop>:
1000022a:	c901      	ldmia	r1!, {r0}
1000022c:	c201      	stmia	r2!, {r0}

1000022e <data_cpy>:
1000022e:	429a      	cmp	r2, r3
10000230:	d3fb      	bcc.n	1000022a <data_cpy_loop>
10000232:	4770      	bx	lr

10000234 <data_cpy_table>:
10000234:	10006c08 	.word	0x10006c08
10000238:	200000c0 	.word	0x200000c0
1000023c:	20000b4c 	.word	0x20000b4c
10000240:	10007694 	.word	0x10007694
10000244:	20040000 	.word	0x20040000
10000248:	20040000 	.word	0x20040000
1000024c:	10007694 	.word	0x10007694
10000250:	20041000 	.word	0x20041000
10000254:	20041000 	.word	0x20041000
10000258:	00000000 	.word	0x00000000
1000025c:	4770      	bx	lr

1000025e <hold_non_core0_in_bootrom>:
1000025e:	4809      	ldr	r0, [pc, #36]	; (10000284 <hold_non_core0_in_bootrom+0x26>)
10000260:	f003 fa70 	bl	10003744 <rom_func_lookup>
10000264:	4700      	bx	r0
10000266:	0000      	.short	0x0000
10000268:	e000ed08 	.word	0xe000ed08
1000026c:	d0000000 	.word	0xd0000000
10000270:	20000b50 	.word	0x20000b50
10000274:	20000f68 	.word	0x20000f68
10000278:	100024cd 	.word	0x100024cd
1000027c:	100003e5 	.word	0x100003e5
10000280:	10002489 	.word	0x10002489
10000284:	00005657 	.word	0x00005657

10000288 <__bi_50>:
10000288:	50520006 5360b3ab 10006aa0              ..RP..`S.j..

10000294 <__bi_38>:
10000294:	50520006 02031c86 10006ab0              ..RP.....j..

100002a0 <__bi_30>:
100002a0:	50520006 9da22254 10006ac4              ..RPT"...j..

100002ac <__bi_22>:
100002ac:	50520005 68f465de 10007694              ..RP.e.h.v..

100002b8 <_init>:
100002b8:	b5f8      	push	{r3, r4, r5, r6, r7, lr}
100002ba:	46c0      	nop			; (mov r8, r8)

100002bc <__do_global_dtors_aux>:
100002bc:	b510      	push	{r4, lr}
100002be:	4c06      	ldr	r4, [pc, #24]	; (100002d8 <__do_global_dtors_aux+0x1c>)
100002c0:	7823      	ldrb	r3, [r4, #0]
100002c2:	2b00      	cmp	r3, #0
100002c4:	d107      	bne.n	100002d6 <__do_global_dtors_aux+0x1a>
100002c6:	4b05      	ldr	r3, [pc, #20]	; (100002dc <__do_global_dtors_aux+0x20>)
100002c8:	2b00      	cmp	r3, #0
100002ca:	d002      	beq.n	100002d2 <__do_global_dtors_aux+0x16>
100002cc:	4804      	ldr	r0, [pc, #16]	; (100002e0 <__do_global_dtors_aux+0x24>)
100002ce:	e000      	b.n	100002d2 <__do_global_dtors_aux+0x16>
100002d0:	bf00      	nop
100002d2:	2301      	movs	r3, #1
100002d4:	7023      	strb	r3, [r4, #0]
100002d6:	bd10      	pop	{r4, pc}
100002d8:	20000c50 	.word	0x20000c50
100002dc:	00000000 	.word	0x00000000
100002e0:	10005678 	.word	0x10005678

100002e4 <frame_dummy>:
100002e4:	4b04      	ldr	r3, [pc, #16]	; (100002f8 <frame_dummy+0x14>)
100002e6:	b510      	push	{r4, lr}
100002e8:	2b00      	cmp	r3, #0
100002ea:	d003      	beq.n	100002f4 <frame_dummy+0x10>
100002ec:	4903      	ldr	r1, [pc, #12]	; (100002fc <frame_dummy+0x18>)
100002ee:	4804      	ldr	r0, [pc, #16]	; (10000300 <frame_dummy+0x1c>)
100002f0:	e000      	b.n	100002f4 <frame_dummy+0x10>
100002f2:	bf00      	nop
100002f4:	bd10      	pop	{r4, pc}
100002f6:	46c0      	nop			; (mov r8, r8)
100002f8:	00000000 	.word	0x00000000
100002fc:	20000c54 	.word	0x20000c54
10000300:	10005678 	.word	0x10005678

10000304 <i2c_setup>:
10000304:	b510      	push	{r4, lr}
10000306:	490b      	ldr	r1, [pc, #44]	; (10000334 <i2c_setup+0x30>)
10000308:	480b      	ldr	r0, [pc, #44]	; (10000338 <i2c_setup+0x34>)
1000030a:	f004 fd09 	bl	10004d20 <i2c_init>
1000030e:	2103      	movs	r1, #3
10000310:	2008      	movs	r0, #8
10000312:	f000 fa0f 	bl	10000734 <gpio_set_function>
10000316:	2103      	movs	r1, #3
10000318:	2009      	movs	r0, #9
1000031a:	f000 fa0b 	bl	10000734 <gpio_set_function>
1000031e:	2200      	movs	r2, #0
10000320:	2101      	movs	r1, #1
10000322:	2008      	movs	r0, #8
10000324:	f000 fa1e 	bl	10000764 <gpio_set_pulls>
10000328:	2200      	movs	r2, #0
1000032a:	2101      	movs	r1, #1
1000032c:	2009      	movs	r0, #9
1000032e:	f000 fa19 	bl	10000764 <gpio_set_pulls>
10000332:	bd10      	pop	{r4, pc}
10000334:	00061a80 	.word	0x00061a80
10000338:	200002e8 	.word	0x200002e8

1000033c <animation>:
1000033c:	b510      	push	{r4, lr}
1000033e:	b08a      	sub	sp, #40	; 0x28
10000340:	aa07      	add	r2, sp, #28
10000342:	4b22      	ldr	r3, [pc, #136]	; (100003cc <animation+0x90>)
10000344:	cb13      	ldmia	r3!, {r0, r1, r4}
10000346:	c213      	stmia	r2!, {r0, r1, r4}
10000348:	ac02      	add	r4, sp, #8
1000034a:	2300      	movs	r3, #0
1000034c:	7223      	strb	r3, [r4, #8]
1000034e:	4b20      	ldr	r3, [pc, #128]	; (100003d0 <animation+0x94>)
10000350:	9300      	str	r3, [sp, #0]
10000352:	233c      	movs	r3, #60	; 0x3c
10000354:	2240      	movs	r2, #64	; 0x40
10000356:	2180      	movs	r1, #128	; 0x80
10000358:	0020      	movs	r0, r4
1000035a:	f000 f853 	bl	10000404 <ssd1306_init>
1000035e:	0020      	movs	r0, r4
10000360:	f000 f89c 	bl	1000049c <ssd1306_clear>
10000364:	481b      	ldr	r0, [pc, #108]	; (100003d4 <animation+0x98>)
10000366:	f004 fa77 	bl	10004858 <__wrap_puts>
1000036a:	e008      	b.n	1000037e <animation+0x42>
1000036c:	23d0      	movs	r3, #208	; 0xd0
1000036e:	061b      	lsls	r3, r3, #24
10000370:	2280      	movs	r2, #128	; 0x80
10000372:	0492      	lsls	r2, r2, #18
10000374:	615a      	str	r2, [r3, #20]
10000376:	20fa      	movs	r0, #250	; 0xfa
10000378:	00c0      	lsls	r0, r0, #3
1000037a:	f001 f9ef 	bl	1000175c <sleep_ms>
1000037e:	4b16      	ldr	r3, [pc, #88]	; (100003d8 <animation+0x9c>)
10000380:	9301      	str	r3, [sp, #4]
10000382:	4b16      	ldr	r3, [pc, #88]	; (100003dc <animation+0xa0>)
10000384:	9300      	str	r3, [sp, #0]
10000386:	2302      	movs	r3, #2
10000388:	2218      	movs	r2, #24
1000038a:	2108      	movs	r1, #8
1000038c:	a802      	add	r0, sp, #8
1000038e:	f000 f91f 	bl	100005d0 <ssd1306_draw_string_with_font>
10000392:	4b13      	ldr	r3, [pc, #76]	; (100003e0 <animation+0xa4>)
10000394:	9300      	str	r3, [sp, #0]
10000396:	2301      	movs	r3, #1
10000398:	2200      	movs	r2, #0
1000039a:	2108      	movs	r1, #8
1000039c:	a802      	add	r0, sp, #8
1000039e:	f000 f93d 	bl	1000061c <ssd1306_draw_string>
100003a2:	a802      	add	r0, sp, #8
100003a4:	f000 f946 	bl	10000634 <ssd1306_show>
100003a8:	20c8      	movs	r0, #200	; 0xc8
100003aa:	0080      	lsls	r0, r0, #2
100003ac:	f001 f9d6 	bl	1000175c <sleep_ms>
100003b0:	a802      	add	r0, sp, #8
100003b2:	f000 f873 	bl	1000049c <ssd1306_clear>
100003b6:	23d0      	movs	r3, #208	; 0xd0
100003b8:	061b      	lsls	r3, r3, #24
100003ba:	685b      	ldr	r3, [r3, #4]
100003bc:	019b      	lsls	r3, r3, #6
100003be:	d5d5      	bpl.n	1000036c <animation+0x30>
100003c0:	23d0      	movs	r3, #208	; 0xd0
100003c2:	061b      	lsls	r3, r3, #24
100003c4:	2280      	movs	r2, #128	; 0x80
100003c6:	0492      	lsls	r2, r2, #18
100003c8:	619a      	str	r2, [r3, #24]
100003ca:	e7d4      	b.n	10000376 <animation+0x3a>
100003cc:	100056b4 	.word	0x100056b4
100003d0:	200002e8 	.word	0x200002e8
100003d4:	10005690 	.word	0x10005690
100003d8:	1000569c 	.word	0x1000569c
100003dc:	100056c8 	.word	0x100056c8
100003e0:	100056a4 	.word	0x100056a4

100003e4 <main>:
100003e4:	b510      	push	{r4, lr}
100003e6:	f004 fa73 	bl	100048d0 <stdio_init_all>
100003ea:	2019      	movs	r0, #25
100003ec:	f000 f9d4 	bl	10000798 <gpio_init>
100003f0:	23d0      	movs	r3, #208	; 0xd0
100003f2:	061b      	lsls	r3, r3, #24
100003f4:	2280      	movs	r2, #128	; 0x80
100003f6:	0492      	lsls	r2, r2, #18
100003f8:	625a      	str	r2, [r3, #36]	; 0x24
100003fa:	f7ff ff83 	bl	10000304 <i2c_setup>
100003fe:	f7ff ff9d 	bl	1000033c <animation>
	...

10000404 <ssd1306_init>:
10000404:	b530      	push	{r4, r5, lr}
10000406:	b08b      	sub	sp, #44	; 0x2c
10000408:	0005      	movs	r5, r0
1000040a:	b2c8      	uxtb	r0, r1
1000040c:	7028      	strb	r0, [r5, #0]
1000040e:	706a      	strb	r2, [r5, #1]
10000410:	08d2      	lsrs	r2, r2, #3
10000412:	b2d2      	uxtb	r2, r2
10000414:	70aa      	strb	r2, [r5, #2]
10000416:	70eb      	strb	r3, [r5, #3]
10000418:	9b0e      	ldr	r3, [sp, #56]	; 0x38
1000041a:	606b      	str	r3, [r5, #4]
1000041c:	4350      	muls	r0, r2
1000041e:	6128      	str	r0, [r5, #16]
10000420:	3001      	adds	r0, #1
10000422:	f004 f8d1 	bl	100045c8 <__wrap_malloc>
10000426:	60e8      	str	r0, [r5, #12]
10000428:	2800      	cmp	r0, #0
1000042a:	d00c      	beq.n	10000446 <ssd1306_init+0x42>
1000042c:	3001      	adds	r0, #1
1000042e:	60e8      	str	r0, [r5, #12]
10000430:	a903      	add	r1, sp, #12
10000432:	4b16      	ldr	r3, [pc, #88]	; (1000048c <ssd1306_init+0x88>)
10000434:	000a      	movs	r2, r1
10000436:	cb13      	ldmia	r3!, {r0, r1, r4}
10000438:	c213      	stmia	r2!, {r0, r1, r4}
1000043a:	cb13      	ldmia	r3!, {r0, r1, r4}
1000043c:	c213      	stmia	r2!, {r0, r1, r4}
1000043e:	781b      	ldrb	r3, [r3, #0]
10000440:	7013      	strb	r3, [r2, #0]
10000442:	2400      	movs	r4, #0
10000444:	e006      	b.n	10000454 <ssd1306_init+0x50>
10000446:	6128      	str	r0, [r5, #16]
10000448:	e01d      	b.n	10000486 <ssd1306_init+0x82>
1000044a:	4911      	ldr	r1, [pc, #68]	; (10000490 <ssd1306_init+0x8c>)
1000044c:	4811      	ldr	r0, [pc, #68]	; (10000494 <ssd1306_init+0x90>)
1000044e:	f004 fa33 	bl	100048b8 <__wrap_printf>
10000452:	3401      	adds	r4, #1
10000454:	2c18      	cmp	r4, #24
10000456:	d815      	bhi.n	10000484 <ssd1306_init+0x80>
10000458:	ab03      	add	r3, sp, #12
1000045a:	5d1a      	ldrb	r2, [r3, r4]
1000045c:	2300      	movs	r3, #0
1000045e:	4669      	mov	r1, sp
10000460:	720b      	strb	r3, [r1, #8]
10000462:	724a      	strb	r2, [r1, #9]
10000464:	78e9      	ldrb	r1, [r5, #3]
10000466:	9300      	str	r3, [sp, #0]
10000468:	3302      	adds	r3, #2
1000046a:	aa02      	add	r2, sp, #8
1000046c:	6868      	ldr	r0, [r5, #4]
1000046e:	f004 fc83 	bl	10004d78 <i2c_write_blocking>
10000472:	1c83      	adds	r3, r0, #2
10000474:	d0e9      	beq.n	1000044a <ssd1306_init+0x46>
10000476:	1c43      	adds	r3, r0, #1
10000478:	d1eb      	bne.n	10000452 <ssd1306_init+0x4e>
1000047a:	4905      	ldr	r1, [pc, #20]	; (10000490 <ssd1306_init+0x8c>)
1000047c:	4806      	ldr	r0, [pc, #24]	; (10000498 <ssd1306_init+0x94>)
1000047e:	f004 fa1b 	bl	100048b8 <__wrap_printf>
10000482:	e7e6      	b.n	10000452 <ssd1306_init+0x4e>
10000484:	2001      	movs	r0, #1
10000486:	b00b      	add	sp, #44	; 0x2c
10000488:	bd30      	pop	{r4, r5, pc}
1000048a:	46c0      	nop			; (mov r8, r8)
1000048c:	10005960 	.word	0x10005960
10000490:	10005910 	.word	0x10005910
10000494:	10005920 	.word	0x10005920
10000498:	10005940 	.word	0x10005940

1000049c <ssd1306_clear>:
1000049c:	b510      	push	{r4, lr}
1000049e:	0003      	movs	r3, r0
100004a0:	68c0      	ldr	r0, [r0, #12]
100004a2:	691a      	ldr	r2, [r3, #16]
100004a4:	2100      	movs	r1, #0
100004a6:	f004 f8a9 	bl	100045fc <__wrap_memset>
100004aa:	bd10      	pop	{r4, pc}

100004ac <ssd1306_draw_pixel>:
100004ac:	b510      	push	{r4, lr}
100004ae:	7803      	ldrb	r3, [r0, #0]
100004b0:	428b      	cmp	r3, r1
100004b2:	d90d      	bls.n	100004d0 <ssd1306_draw_pixel+0x24>
100004b4:	7844      	ldrb	r4, [r0, #1]
100004b6:	4294      	cmp	r4, r2
100004b8:	d90a      	bls.n	100004d0 <ssd1306_draw_pixel+0x24>
100004ba:	68c0      	ldr	r0, [r0, #12]
100004bc:	08d4      	lsrs	r4, r2, #3
100004be:	4363      	muls	r3, r4
100004c0:	185b      	adds	r3, r3, r1
100004c2:	2107      	movs	r1, #7
100004c4:	400a      	ands	r2, r1
100004c6:	3906      	subs	r1, #6
100004c8:	4091      	lsls	r1, r2
100004ca:	5cc2      	ldrb	r2, [r0, r3]
100004cc:	430a      	orrs	r2, r1
100004ce:	54c2      	strb	r2, [r0, r3]
100004d0:	bd10      	pop	{r4, pc}

100004d2 <ssd1306_draw_square>:
100004d2:	b5f0      	push	{r4, r5, r6, r7, lr}
100004d4:	46d6      	mov	lr, sl
100004d6:	464f      	mov	r7, r9
100004d8:	4646      	mov	r6, r8
100004da:	b5c0      	push	{r6, r7, lr}
100004dc:	4681      	mov	r9, r0
100004de:	4688      	mov	r8, r1
100004e0:	0017      	movs	r7, r2
100004e2:	469a      	mov	sl, r3
100004e4:	9e08      	ldr	r6, [sp, #32]
100004e6:	2500      	movs	r5, #0
100004e8:	e009      	b.n	100004fe <ssd1306_draw_square+0x2c>
100004ea:	19e2      	adds	r2, r4, r7
100004ec:	4643      	mov	r3, r8
100004ee:	18e9      	adds	r1, r5, r3
100004f0:	4648      	mov	r0, r9
100004f2:	f7ff ffdb 	bl	100004ac <ssd1306_draw_pixel>
100004f6:	3401      	adds	r4, #1
100004f8:	42b4      	cmp	r4, r6
100004fa:	d3f6      	bcc.n	100004ea <ssd1306_draw_square+0x18>
100004fc:	3501      	adds	r5, #1
100004fe:	4555      	cmp	r5, sl
10000500:	d201      	bcs.n	10000506 <ssd1306_draw_square+0x34>
10000502:	2400      	movs	r4, #0
10000504:	e7f8      	b.n	100004f8 <ssd1306_draw_square+0x26>
10000506:	bce0      	pop	{r5, r6, r7}
10000508:	46ba      	mov	sl, r7
1000050a:	46b1      	mov	r9, r6
1000050c:	46a8      	mov	r8, r5
1000050e:	bdf0      	pop	{r4, r5, r6, r7, pc}

10000510 <ssd1306_draw_char_with_font>:
10000510:	b5f0      	push	{r4, r5, r6, r7, lr}
10000512:	46de      	mov	lr, fp
10000514:	4657      	mov	r7, sl
10000516:	464e      	mov	r6, r9
10000518:	4645      	mov	r5, r8
1000051a:	b5e0      	push	{r5, r6, r7, lr}
1000051c:	b089      	sub	sp, #36	; 0x24
1000051e:	4681      	mov	r9, r0
10000520:	468a      	mov	sl, r1
10000522:	4693      	mov	fp, r2
10000524:	001e      	movs	r6, r3
10000526:	ab12      	add	r3, sp, #72	; 0x48
10000528:	cb04      	ldmia	r3!, {r2}
1000052a:	9204      	str	r2, [sp, #16]
1000052c:	7819      	ldrb	r1, [r3, #0]
1000052e:	9107      	str	r1, [sp, #28]
10000530:	78d3      	ldrb	r3, [r2, #3]
10000532:	428b      	cmp	r3, r1
10000534:	d845      	bhi.n	100005c2 <ssd1306_draw_char_with_font+0xb2>
10000536:	7913      	ldrb	r3, [r2, #4]
10000538:	428b      	cmp	r3, r1
1000053a:	d342      	bcc.n	100005c2 <ssd1306_draw_char_with_font+0xb2>
1000053c:	7812      	ldrb	r2, [r2, #0]
1000053e:	08d1      	lsrs	r1, r2, #3
10000540:	2307      	movs	r3, #7
10000542:	4013      	ands	r3, r2
10000544:	1e5a      	subs	r2, r3, #1
10000546:	4193      	sbcs	r3, r2
10000548:	18cb      	adds	r3, r1, r3
1000054a:	9305      	str	r3, [sp, #20]
1000054c:	2300      	movs	r3, #0
1000054e:	9306      	str	r3, [sp, #24]
10000550:	e023      	b.n	1000059a <ssd1306_draw_char_with_font+0x8a>
10000552:	3401      	adds	r4, #1
10000554:	b264      	sxtb	r4, r4
10000556:	086d      	lsrs	r5, r5, #1
10000558:	2c07      	cmp	r4, #7
1000055a:	dc0e      	bgt.n	1000057a <ssd1306_draw_char_with_font+0x6a>
1000055c:	07eb      	lsls	r3, r5, #31
1000055e:	d5f8      	bpl.n	10000552 <ssd1306_draw_char_with_font+0x42>
10000560:	00fa      	lsls	r2, r7, #3
10000562:	18a2      	adds	r2, r4, r2
10000564:	4372      	muls	r2, r6
10000566:	445a      	add	r2, fp
10000568:	9903      	ldr	r1, [sp, #12]
1000056a:	4371      	muls	r1, r6
1000056c:	4451      	add	r1, sl
1000056e:	9600      	str	r6, [sp, #0]
10000570:	0033      	movs	r3, r6
10000572:	4648      	mov	r0, r9
10000574:	f7ff ffad 	bl	100004d2 <ssd1306_draw_square>
10000578:	e7eb      	b.n	10000552 <ssd1306_draw_char_with_font+0x42>
1000057a:	2301      	movs	r3, #1
1000057c:	469c      	mov	ip, r3
1000057e:	44e0      	add	r8, ip
10000580:	3701      	adds	r7, #1
10000582:	9b05      	ldr	r3, [sp, #20]
10000584:	429f      	cmp	r7, r3
10000586:	d204      	bcs.n	10000592 <ssd1306_draw_char_with_font+0x82>
10000588:	9b04      	ldr	r3, [sp, #16]
1000058a:	4642      	mov	r2, r8
1000058c:	5c9d      	ldrb	r5, [r3, r2]
1000058e:	2400      	movs	r4, #0
10000590:	e7e2      	b.n	10000558 <ssd1306_draw_char_with_font+0x48>
10000592:	9b06      	ldr	r3, [sp, #24]
10000594:	3301      	adds	r3, #1
10000596:	b2db      	uxtb	r3, r3
10000598:	9306      	str	r3, [sp, #24]
1000059a:	9b04      	ldr	r3, [sp, #16]
1000059c:	785b      	ldrb	r3, [r3, #1]
1000059e:	9a06      	ldr	r2, [sp, #24]
100005a0:	4293      	cmp	r3, r2
100005a2:	d90e      	bls.n	100005c2 <ssd1306_draw_char_with_font+0xb2>
100005a4:	9a04      	ldr	r2, [sp, #16]
100005a6:	78d2      	ldrb	r2, [r2, #3]
100005a8:	9907      	ldr	r1, [sp, #28]
100005aa:	1a8a      	subs	r2, r1, r2
100005ac:	4353      	muls	r3, r2
100005ae:	9a06      	ldr	r2, [sp, #24]
100005b0:	9203      	str	r2, [sp, #12]
100005b2:	4694      	mov	ip, r2
100005b4:	4463      	add	r3, ip
100005b6:	9a05      	ldr	r2, [sp, #20]
100005b8:	4353      	muls	r3, r2
100005ba:	3305      	adds	r3, #5
100005bc:	4698      	mov	r8, r3
100005be:	2700      	movs	r7, #0
100005c0:	e7df      	b.n	10000582 <ssd1306_draw_char_with_font+0x72>
100005c2:	b009      	add	sp, #36	; 0x24
100005c4:	bcf0      	pop	{r4, r5, r6, r7}
100005c6:	46bb      	mov	fp, r7
100005c8:	46b2      	mov	sl, r6
100005ca:	46a9      	mov	r9, r5
100005cc:	46a0      	mov	r8, r4
100005ce:	bdf0      	pop	{r4, r5, r6, r7, pc}

100005d0 <ssd1306_draw_string_with_font>:
100005d0:	b5f0      	push	{r4, r5, r6, r7, lr}
100005d2:	46d6      	mov	lr, sl
100005d4:	464f      	mov	r7, r9
100005d6:	4646      	mov	r6, r8
100005d8:	b5c0      	push	{r6, r7, lr}
100005da:	b082      	sub	sp, #8
100005dc:	4682      	mov	sl, r0
100005de:	4691      	mov	r9, r2
100005e0:	4698      	mov	r8, r3
100005e2:	9f0a      	ldr	r7, [sp, #40]	; 0x28
100005e4:	9e0b      	ldr	r6, [sp, #44]	; 0x2c
100005e6:	000d      	movs	r5, r1
100005e8:	e00e      	b.n	10000608 <ssd1306_draw_string_with_font+0x38>
100005ea:	3601      	adds	r6, #1
100005ec:	9301      	str	r3, [sp, #4]
100005ee:	9700      	str	r7, [sp, #0]
100005f0:	4643      	mov	r3, r8
100005f2:	464a      	mov	r2, r9
100005f4:	0029      	movs	r1, r5
100005f6:	4650      	mov	r0, sl
100005f8:	f7ff ff8a 	bl	10000510 <ssd1306_draw_char_with_font>
100005fc:	787c      	ldrb	r4, [r7, #1]
100005fe:	78bb      	ldrb	r3, [r7, #2]
10000600:	18e4      	adds	r4, r4, r3
10000602:	4643      	mov	r3, r8
10000604:	435c      	muls	r4, r3
10000606:	192d      	adds	r5, r5, r4
10000608:	7833      	ldrb	r3, [r6, #0]
1000060a:	2b00      	cmp	r3, #0
1000060c:	d1ed      	bne.n	100005ea <ssd1306_draw_string_with_font+0x1a>
1000060e:	b002      	add	sp, #8
10000610:	bce0      	pop	{r5, r6, r7}
10000612:	46ba      	mov	sl, r7
10000614:	46b1      	mov	r9, r6
10000616:	46a8      	mov	r8, r5
10000618:	bdf0      	pop	{r4, r5, r6, r7, pc}
	...

1000061c <ssd1306_draw_string>:
1000061c:	b510      	push	{r4, lr}
1000061e:	b082      	sub	sp, #8
10000620:	9c04      	ldr	r4, [sp, #16]
10000622:	9401      	str	r4, [sp, #4]
10000624:	4c02      	ldr	r4, [pc, #8]	; (10000630 <ssd1306_draw_string+0x14>)
10000626:	9400      	str	r4, [sp, #0]
10000628:	f7ff ffd2 	bl	100005d0 <ssd1306_draw_string_with_font>
1000062c:	b002      	add	sp, #8
1000062e:	bd10      	pop	{r4, pc}
10000630:	1000597c 	.word	0x1000597c

10000634 <ssd1306_show>:
10000634:	b530      	push	{r4, r5, lr}
10000636:	b085      	sub	sp, #20
10000638:	0004      	movs	r4, r0
1000063a:	2500      	movs	r5, #0
1000063c:	e037      	b.n	100006ae <ssd1306_show+0x7a>
1000063e:	4939      	ldr	r1, [pc, #228]	; (10000724 <ssd1306_show+0xf0>)
10000640:	4839      	ldr	r0, [pc, #228]	; (10000728 <ssd1306_show+0xf4>)
10000642:	f004 f939 	bl	100048b8 <__wrap_printf>
10000646:	2300      	movs	r3, #0
10000648:	466a      	mov	r2, sp
1000064a:	7313      	strb	r3, [r2, #12]
1000064c:	2202      	movs	r2, #2
1000064e:	4669      	mov	r1, sp
10000650:	734a      	strb	r2, [r1, #13]
10000652:	78e1      	ldrb	r1, [r4, #3]
10000654:	9300      	str	r3, [sp, #0]
10000656:	3302      	adds	r3, #2
10000658:	aa03      	add	r2, sp, #12
1000065a:	6860      	ldr	r0, [r4, #4]
1000065c:	f004 fb8c 	bl	10004d78 <i2c_write_blocking>
10000660:	1c83      	adds	r3, r0, #2
10000662:	d03e      	beq.n	100006e2 <ssd1306_show+0xae>
10000664:	1c43      	adds	r3, r0, #1
10000666:	d041      	beq.n	100006ec <ssd1306_show+0xb8>
10000668:	2300      	movs	r3, #0
1000066a:	466a      	mov	r2, sp
1000066c:	7313      	strb	r3, [r2, #12]
1000066e:	2210      	movs	r2, #16
10000670:	4669      	mov	r1, sp
10000672:	734a      	strb	r2, [r1, #13]
10000674:	78e1      	ldrb	r1, [r4, #3]
10000676:	9300      	str	r3, [sp, #0]
10000678:	3302      	adds	r3, #2
1000067a:	aa03      	add	r2, sp, #12
1000067c:	6860      	ldr	r0, [r4, #4]
1000067e:	f004 fb7b 	bl	10004d78 <i2c_write_blocking>
10000682:	1c83      	adds	r3, r0, #2
10000684:	d037      	beq.n	100006f6 <ssd1306_show+0xc2>
10000686:	1c43      	adds	r3, r0, #1
10000688:	d03a      	beq.n	10000700 <ssd1306_show+0xcc>
1000068a:	7823      	ldrb	r3, [r4, #0]
1000068c:	001a      	movs	r2, r3
1000068e:	436a      	muls	r2, r5
10000690:	68e1      	ldr	r1, [r4, #12]
10000692:	468c      	mov	ip, r1
10000694:	4462      	add	r2, ip
10000696:	78e1      	ldrb	r1, [r4, #3]
10000698:	2000      	movs	r0, #0
1000069a:	9000      	str	r0, [sp, #0]
1000069c:	6860      	ldr	r0, [r4, #4]
1000069e:	f004 fb6b 	bl	10004d78 <i2c_write_blocking>
100006a2:	1c83      	adds	r3, r0, #2
100006a4:	d031      	beq.n	1000070a <ssd1306_show+0xd6>
100006a6:	1c43      	adds	r3, r0, #1
100006a8:	d034      	beq.n	10000714 <ssd1306_show+0xe0>
100006aa:	3501      	adds	r5, #1
100006ac:	b2ed      	uxtb	r5, r5
100006ae:	78a3      	ldrb	r3, [r4, #2]
100006b0:	42ab      	cmp	r3, r5
100006b2:	d934      	bls.n	1000071e <ssd1306_show+0xea>
100006b4:	2350      	movs	r3, #80	; 0x50
100006b6:	425b      	negs	r3, r3
100006b8:	432b      	orrs	r3, r5
100006ba:	2200      	movs	r2, #0
100006bc:	4669      	mov	r1, sp
100006be:	730a      	strb	r2, [r1, #12]
100006c0:	734b      	strb	r3, [r1, #13]
100006c2:	78e1      	ldrb	r1, [r4, #3]
100006c4:	9200      	str	r2, [sp, #0]
100006c6:	2302      	movs	r3, #2
100006c8:	aa03      	add	r2, sp, #12
100006ca:	6860      	ldr	r0, [r4, #4]
100006cc:	f004 fb54 	bl	10004d78 <i2c_write_blocking>
100006d0:	1c83      	adds	r3, r0, #2
100006d2:	d0b4      	beq.n	1000063e <ssd1306_show+0xa>
100006d4:	1c43      	adds	r3, r0, #1
100006d6:	d1b6      	bne.n	10000646 <ssd1306_show+0x12>
100006d8:	4912      	ldr	r1, [pc, #72]	; (10000724 <ssd1306_show+0xf0>)
100006da:	4814      	ldr	r0, [pc, #80]	; (1000072c <ssd1306_show+0xf8>)
100006dc:	f004 f8ec 	bl	100048b8 <__wrap_printf>
100006e0:	e7b1      	b.n	10000646 <ssd1306_show+0x12>
100006e2:	4910      	ldr	r1, [pc, #64]	; (10000724 <ssd1306_show+0xf0>)
100006e4:	4810      	ldr	r0, [pc, #64]	; (10000728 <ssd1306_show+0xf4>)
100006e6:	f004 f8e7 	bl	100048b8 <__wrap_printf>
100006ea:	e7bd      	b.n	10000668 <ssd1306_show+0x34>
100006ec:	490d      	ldr	r1, [pc, #52]	; (10000724 <ssd1306_show+0xf0>)
100006ee:	480f      	ldr	r0, [pc, #60]	; (1000072c <ssd1306_show+0xf8>)
100006f0:	f004 f8e2 	bl	100048b8 <__wrap_printf>
100006f4:	e7b8      	b.n	10000668 <ssd1306_show+0x34>
100006f6:	490b      	ldr	r1, [pc, #44]	; (10000724 <ssd1306_show+0xf0>)
100006f8:	480b      	ldr	r0, [pc, #44]	; (10000728 <ssd1306_show+0xf4>)
100006fa:	f004 f8dd 	bl	100048b8 <__wrap_printf>
100006fe:	e7c4      	b.n	1000068a <ssd1306_show+0x56>
10000700:	4908      	ldr	r1, [pc, #32]	; (10000724 <ssd1306_show+0xf0>)
10000702:	480a      	ldr	r0, [pc, #40]	; (1000072c <ssd1306_show+0xf8>)
10000704:	f004 f8d8 	bl	100048b8 <__wrap_printf>
10000708:	e7bf      	b.n	1000068a <ssd1306_show+0x56>
1000070a:	4909      	ldr	r1, [pc, #36]	; (10000730 <ssd1306_show+0xfc>)
1000070c:	4806      	ldr	r0, [pc, #24]	; (10000728 <ssd1306_show+0xf4>)
1000070e:	f004 f8d3 	bl	100048b8 <__wrap_printf>
10000712:	e7ca      	b.n	100006aa <ssd1306_show+0x76>
10000714:	4906      	ldr	r1, [pc, #24]	; (10000730 <ssd1306_show+0xfc>)
10000716:	4805      	ldr	r0, [pc, #20]	; (1000072c <ssd1306_show+0xf8>)
10000718:	f004 f8ce 	bl	100048b8 <__wrap_printf>
1000071c:	e7c5      	b.n	100006aa <ssd1306_show+0x76>
1000071e:	b005      	add	sp, #20
10000720:	bd30      	pop	{r4, r5, pc}
10000722:	46c0      	nop			; (mov r8, r8)
10000724:	10005910 	.word	0x10005910
10000728:	10005920 	.word	0x10005920
1000072c:	10005940 	.word	0x10005940
10000730:	10005950 	.word	0x10005950

10000734 <gpio_set_function>:
10000734:	b510      	push	{r4, lr}
10000736:	0083      	lsls	r3, r0, #2
10000738:	4a08      	ldr	r2, [pc, #32]	; (1000075c <gpio_set_function+0x28>)
1000073a:	4694      	mov	ip, r2
1000073c:	4463      	add	r3, ip
1000073e:	681c      	ldr	r4, [r3, #0]
10000740:	2240      	movs	r2, #64	; 0x40
10000742:	4062      	eors	r2, r4
10000744:	24c0      	movs	r4, #192	; 0xc0
10000746:	4014      	ands	r4, r2
10000748:	2280      	movs	r2, #128	; 0x80
1000074a:	0152      	lsls	r2, r2, #5
1000074c:	4313      	orrs	r3, r2
1000074e:	601c      	str	r4, [r3, #0]
10000750:	00c0      	lsls	r0, r0, #3
10000752:	4b03      	ldr	r3, [pc, #12]	; (10000760 <gpio_set_function+0x2c>)
10000754:	469c      	mov	ip, r3
10000756:	4460      	add	r0, ip
10000758:	6041      	str	r1, [r0, #4]
1000075a:	bd10      	pop	{r4, pc}
1000075c:	4001c004 	.word	0x4001c004
10000760:	40014000 	.word	0x40014000

10000764 <gpio_set_pulls>:
10000764:	0080      	lsls	r0, r0, #2
10000766:	4b0b      	ldr	r3, [pc, #44]	; (10000794 <gpio_set_pulls+0x30>)
10000768:	469c      	mov	ip, r3
1000076a:	4460      	add	r0, ip
1000076c:	2900      	cmp	r1, #0
1000076e:	d00d      	beq.n	1000078c <gpio_set_pulls+0x28>
10000770:	2308      	movs	r3, #8
10000772:	2a00      	cmp	r2, #0
10000774:	d00c      	beq.n	10000790 <gpio_set_pulls+0x2c>
10000776:	2204      	movs	r2, #4
10000778:	4313      	orrs	r3, r2
1000077a:	6802      	ldr	r2, [r0, #0]
1000077c:	4053      	eors	r3, r2
1000077e:	220c      	movs	r2, #12
10000780:	4013      	ands	r3, r2
10000782:	2280      	movs	r2, #128	; 0x80
10000784:	0152      	lsls	r2, r2, #5
10000786:	4310      	orrs	r0, r2
10000788:	6003      	str	r3, [r0, #0]
1000078a:	4770      	bx	lr
1000078c:	2300      	movs	r3, #0
1000078e:	e7f0      	b.n	10000772 <gpio_set_pulls+0xe>
10000790:	2200      	movs	r2, #0
10000792:	e7f1      	b.n	10000778 <gpio_set_pulls+0x14>
10000794:	4001c004 	.word	0x4001c004

10000798 <gpio_init>:
10000798:	b510      	push	{r4, lr}
1000079a:	2301      	movs	r3, #1
1000079c:	4083      	lsls	r3, r0
1000079e:	22d0      	movs	r2, #208	; 0xd0
100007a0:	0612      	lsls	r2, r2, #24
100007a2:	6293      	str	r3, [r2, #40]	; 0x28
100007a4:	6193      	str	r3, [r2, #24]
100007a6:	2105      	movs	r1, #5
100007a8:	f7ff ffc4 	bl	10000734 <gpio_set_function>
100007ac:	bd10      	pop	{r4, pc}
	...

100007b0 <running_on_fpga>:
100007b0:	4b03      	ldr	r3, [pc, #12]	; (100007c0 <running_on_fpga+0x10>)
100007b2:	681b      	ldr	r3, [r3, #0]
100007b4:	2002      	movs	r0, #2
100007b6:	4018      	ands	r0, r3
100007b8:	1e43      	subs	r3, r0, #1
100007ba:	4198      	sbcs	r0, r3
100007bc:	b2c0      	uxtb	r0, r0
100007be:	4770      	bx	lr
100007c0:	4006c000 	.word	0x4006c000

100007c4 <hw_claim_lock>:
100007c4:	f3ef 8010 	mrs	r0, PRIMASK
100007c8:	b672      	cpsid	i
100007ca:	4b03      	ldr	r3, [pc, #12]	; (100007d8 <hw_claim_lock+0x14>)
100007cc:	681b      	ldr	r3, [r3, #0]
100007ce:	2b00      	cmp	r3, #0
100007d0:	d0fb      	beq.n	100007ca <hw_claim_lock+0x6>
100007d2:	f3bf 8f5f 	dmb	sy
100007d6:	4770      	bx	lr
100007d8:	d000012c 	.word	0xd000012c

100007dc <hw_claim_unlock>:
100007dc:	f3bf 8f5f 	dmb	sy
100007e0:	4b02      	ldr	r3, [pc, #8]	; (100007ec <hw_claim_unlock+0x10>)
100007e2:	2200      	movs	r2, #0
100007e4:	601a      	str	r2, [r3, #0]
100007e6:	f380 8810 	msr	PRIMASK, r0
100007ea:	4770      	bx	lr
100007ec:	d000012c 	.word	0xd000012c

100007f0 <hw_claim_or_assert>:
100007f0:	b5f8      	push	{r3, r4, r5, r6, r7, lr}
100007f2:	0006      	movs	r6, r0
100007f4:	000c      	movs	r4, r1
100007f6:	0015      	movs	r5, r2
100007f8:	f7ff ffe4 	bl	100007c4 <hw_claim_lock>
100007fc:	08e3      	lsrs	r3, r4, #3
100007fe:	18f7      	adds	r7, r6, r3
10000800:	5cf1      	ldrb	r1, [r6, r3]
10000802:	2207      	movs	r2, #7
10000804:	4022      	ands	r2, r4
10000806:	2301      	movs	r3, #1
10000808:	4093      	lsls	r3, r2
1000080a:	420b      	tst	r3, r1
1000080c:	d105      	bne.n	1000081a <hw_claim_or_assert+0x2a>
1000080e:	b2db      	uxtb	r3, r3
10000810:	430b      	orrs	r3, r1
10000812:	703b      	strb	r3, [r7, #0]
10000814:	f7ff ffe2 	bl	100007dc <hw_claim_unlock>
10000818:	bdf8      	pop	{r3, r4, r5, r6, r7, pc}
1000081a:	0021      	movs	r1, r4
1000081c:	0028      	movs	r0, r5
1000081e:	f001 fed1 	bl	100025c4 <panic>
	...

10000824 <spin_locks_reset>:
10000824:	2300      	movs	r3, #0
10000826:	e007      	b.n	10000838 <spin_locks_reset+0x14>
10000828:	4a05      	ldr	r2, [pc, #20]	; (10000840 <spin_locks_reset+0x1c>)
1000082a:	189a      	adds	r2, r3, r2
1000082c:	0092      	lsls	r2, r2, #2
1000082e:	f3bf 8f5f 	dmb	sy
10000832:	2100      	movs	r1, #0
10000834:	6011      	str	r1, [r2, #0]
10000836:	3301      	adds	r3, #1
10000838:	2b1f      	cmp	r3, #31
1000083a:	d9f5      	bls.n	10000828 <spin_locks_reset+0x4>
1000083c:	4770      	bx	lr
1000083e:	46c0      	nop			; (mov r8, r8)
10000840:	34000040 	.word	0x34000040

10000844 <next_striped_spin_lock_num>:
10000844:	4a05      	ldr	r2, [pc, #20]	; (1000085c <next_striped_spin_lock_num+0x18>)
10000846:	7810      	ldrb	r0, [r2, #0]
10000848:	1c43      	adds	r3, r0, #1
1000084a:	b2db      	uxtb	r3, r3
1000084c:	7013      	strb	r3, [r2, #0]
1000084e:	2b17      	cmp	r3, #23
10000850:	d902      	bls.n	10000858 <next_striped_spin_lock_num+0x14>
10000852:	0013      	movs	r3, r2
10000854:	2210      	movs	r2, #16
10000856:	701a      	strb	r2, [r3, #0]
10000858:	4770      	bx	lr
1000085a:	46c0      	nop			; (mov r8, r8)
1000085c:	20000238 	.word	0x20000238

10000860 <set_raw_irq_handler_and_unlock>:
10000860:	4b07      	ldr	r3, [pc, #28]	; (10000880 <set_raw_irq_handler_and_unlock+0x20>)
10000862:	689b      	ldr	r3, [r3, #8]
10000864:	3010      	adds	r0, #16
10000866:	0080      	lsls	r0, r0, #2
10000868:	5019      	str	r1, [r3, r0]
1000086a:	f3bf 8f5f 	dmb	sy
1000086e:	f3bf 8f5f 	dmb	sy
10000872:	4b04      	ldr	r3, [pc, #16]	; (10000884 <set_raw_irq_handler_and_unlock+0x24>)
10000874:	2100      	movs	r1, #0
10000876:	6019      	str	r1, [r3, #0]
10000878:	f382 8810 	msr	PRIMASK, r2
1000087c:	4770      	bx	lr
1000087e:	46c0      	nop			; (mov r8, r8)
10000880:	e000ed00 	.word	0xe000ed00
10000884:	d0000124 	.word	0xd0000124

10000888 <make_branch>:
10000888:	b510      	push	{r4, lr}
1000088a:	1a09      	subs	r1, r1, r0
1000088c:	1f08      	subs	r0, r1, #4
1000088e:	4b0a      	ldr	r3, [pc, #40]	; (100008b8 <make_branch+0x30>)
10000890:	469c      	mov	ip, r3
10000892:	4461      	add	r1, ip
10000894:	4a09      	ldr	r2, [pc, #36]	; (100008bc <make_branch+0x34>)
10000896:	4291      	cmp	r1, r2
10000898:	d808      	bhi.n	100008ac <make_branch+0x24>
1000089a:	07c3      	lsls	r3, r0, #31
1000089c:	d406      	bmi.n	100008ac <make_branch+0x24>
1000089e:	1040      	asrs	r0, r0, #1
100008a0:	0540      	lsls	r0, r0, #21
100008a2:	0d40      	lsrs	r0, r0, #21
100008a4:	4b06      	ldr	r3, [pc, #24]	; (100008c0 <make_branch+0x38>)
100008a6:	4318      	orrs	r0, r3
100008a8:	b280      	uxth	r0, r0
100008aa:	bd10      	pop	{r4, pc}
100008ac:	4b05      	ldr	r3, [pc, #20]	; (100008c4 <make_branch+0x3c>)
100008ae:	4a06      	ldr	r2, [pc, #24]	; (100008c8 <make_branch+0x40>)
100008b0:	21a3      	movs	r1, #163	; 0xa3
100008b2:	4806      	ldr	r0, [pc, #24]	; (100008cc <make_branch+0x44>)
100008b4:	f001 fdec 	bl	10002490 <__assert_func>
100008b8:	000007fc 	.word	0x000007fc
100008bc:	00000ffe 	.word	0x00000ffe
100008c0:	ffffe000 	.word	0xffffe000
100008c4:	10005b5c 	.word	0x10005b5c
100008c8:	10005dbc 	.word	0x10005dbc
100008cc:	10005b8c 	.word	0x10005b8c

100008d0 <insert_branch_and_link>:
100008d0:	b510      	push	{r4, lr}
100008d2:	1a09      	subs	r1, r1, r0
100008d4:	3904      	subs	r1, #4
100008d6:	084c      	lsrs	r4, r1, #1
100008d8:	0b09      	lsrs	r1, r1, #12
100008da:	d108      	bne.n	100008ee <insert_branch_and_link+0x1e>
100008dc:	0549      	lsls	r1, r1, #21
100008de:	0d49      	lsrs	r1, r1, #21
100008e0:	4a06      	ldr	r2, [pc, #24]	; (100008fc <insert_branch_and_link+0x2c>)
100008e2:	4311      	orrs	r1, r2
100008e4:	8001      	strh	r1, [r0, #0]
100008e6:	4b06      	ldr	r3, [pc, #24]	; (10000900 <insert_branch_and_link+0x30>)
100008e8:	4323      	orrs	r3, r4
100008ea:	8043      	strh	r3, [r0, #2]
100008ec:	bd10      	pop	{r4, pc}
100008ee:	4b05      	ldr	r3, [pc, #20]	; (10000904 <insert_branch_and_link+0x34>)
100008f0:	4a05      	ldr	r2, [pc, #20]	; (10000908 <insert_branch_and_link+0x38>)
100008f2:	21ab      	movs	r1, #171	; 0xab
100008f4:	4805      	ldr	r0, [pc, #20]	; (1000090c <insert_branch_and_link+0x3c>)
100008f6:	f001 fdcb 	bl	10002490 <__assert_func>
100008fa:	46c0      	nop			; (mov r8, r8)
100008fc:	fffff000 	.word	0xfffff000
10000900:	fffff800 	.word	0xfffff800
10000904:	10005bd8 	.word	0x10005bd8
10000908:	10005d90 	.word	0x10005d90
1000090c:	10005b8c 	.word	0x10005b8c

10000910 <irq_is_enabled>:
10000910:	2301      	movs	r3, #1
10000912:	4083      	lsls	r3, r0
10000914:	4a03      	ldr	r2, [pc, #12]	; (10000924 <irq_is_enabled+0x14>)
10000916:	6810      	ldr	r0, [r2, #0]
10000918:	4018      	ands	r0, r3
1000091a:	1e43      	subs	r3, r0, #1
1000091c:	4198      	sbcs	r0, r3
1000091e:	b2c0      	uxtb	r0, r0
10000920:	4770      	bx	lr
10000922:	46c0      	nop			; (mov r8, r8)
10000924:	e000e100 	.word	0xe000e100

10000928 <irq_set_mask_enabled>:
10000928:	2900      	cmp	r1, #0
1000092a:	d004      	beq.n	10000936 <irq_set_mask_enabled+0xe>
1000092c:	4b03      	ldr	r3, [pc, #12]	; (1000093c <irq_set_mask_enabled+0x14>)
1000092e:	6018      	str	r0, [r3, #0]
10000930:	4b03      	ldr	r3, [pc, #12]	; (10000940 <irq_set_mask_enabled+0x18>)
10000932:	6018      	str	r0, [r3, #0]
10000934:	4770      	bx	lr
10000936:	4b03      	ldr	r3, [pc, #12]	; (10000944 <irq_set_mask_enabled+0x1c>)
10000938:	6018      	str	r0, [r3, #0]
1000093a:	e7fb      	b.n	10000934 <irq_set_mask_enabled+0xc>
1000093c:	e000e280 	.word	0xe000e280
10000940:	e000e100 	.word	0xe000e100
10000944:	e000e180 	.word	0xe000e180

10000948 <irq_set_enabled>:
10000948:	b510      	push	{r4, lr}
1000094a:	2301      	movs	r3, #1
1000094c:	4083      	lsls	r3, r0
1000094e:	0018      	movs	r0, r3
10000950:	f7ff ffea 	bl	10000928 <irq_set_mask_enabled>
10000954:	bd10      	pop	{r4, pc}
	...

10000958 <irq_get_vtable_handler>:
10000958:	4b02      	ldr	r3, [pc, #8]	; (10000964 <irq_get_vtable_handler+0xc>)
1000095a:	689b      	ldr	r3, [r3, #8]
1000095c:	3010      	adds	r0, #16
1000095e:	0080      	lsls	r0, r0, #2
10000960:	58c0      	ldr	r0, [r0, r3]
10000962:	4770      	bx	lr
10000964:	e000ed00 	.word	0xe000ed00

10000968 <irq_set_exclusive_handler>:
10000968:	b570      	push	{r4, r5, r6, lr}
1000096a:	0004      	movs	r4, r0
1000096c:	000d      	movs	r5, r1
1000096e:	f3ef 8610 	mrs	r6, PRIMASK
10000972:	b672      	cpsid	i
10000974:	4b0c      	ldr	r3, [pc, #48]	; (100009a8 <irq_set_exclusive_handler+0x40>)
10000976:	681b      	ldr	r3, [r3, #0]
10000978:	2b00      	cmp	r3, #0
1000097a:	d0fb      	beq.n	10000974 <irq_set_exclusive_handler+0xc>
1000097c:	f3bf 8f5f 	dmb	sy
10000980:	0020      	movs	r0, r4
10000982:	f7ff ffe9 	bl	10000958 <irq_get_vtable_handler>
10000986:	4b09      	ldr	r3, [pc, #36]	; (100009ac <irq_set_exclusive_handler+0x44>)
10000988:	4298      	cmp	r0, r3
1000098a:	d001      	beq.n	10000990 <irq_set_exclusive_handler+0x28>
1000098c:	42a8      	cmp	r0, r5
1000098e:	d105      	bne.n	1000099c <irq_set_exclusive_handler+0x34>
10000990:	0032      	movs	r2, r6
10000992:	0029      	movs	r1, r5
10000994:	0020      	movs	r0, r4
10000996:	f7ff ff63 	bl	10000860 <set_raw_irq_handler_and_unlock>
1000099a:	bd70      	pop	{r4, r5, r6, pc}
1000099c:	4b04      	ldr	r3, [pc, #16]	; (100009b0 <irq_set_exclusive_handler+0x48>)
1000099e:	4a05      	ldr	r2, [pc, #20]	; (100009b4 <irq_set_exclusive_handler+0x4c>)
100009a0:	2186      	movs	r1, #134	; 0x86
100009a2:	4805      	ldr	r0, [pc, #20]	; (100009b8 <irq_set_exclusive_handler+0x50>)
100009a4:	f001 fd74 	bl	10002490 <__assert_func>
100009a8:	d0000124 	.word	0xd0000124
100009ac:	100001cd 	.word	0x100001cd
100009b0:	10005be8 	.word	0x10005be8
100009b4:	10005dd8 	.word	0x10005dd8
100009b8:	10005b8c 	.word	0x10005b8c

100009bc <irq_remove_handler>:
100009bc:	b5f0      	push	{r4, r5, r6, r7, lr}
100009be:	46ce      	mov	lr, r9
100009c0:	4647      	mov	r7, r8
100009c2:	b580      	push	{r7, lr}
100009c4:	b083      	sub	sp, #12
100009c6:	0006      	movs	r6, r0
100009c8:	000d      	movs	r5, r1
100009ca:	f3ef 8810 	mrs	r8, PRIMASK
100009ce:	b672      	cpsid	i
100009d0:	4b56      	ldr	r3, [pc, #344]	; (10000b2c <irq_remove_handler+0x170>)
100009d2:	681b      	ldr	r3, [r3, #0]
100009d4:	2b00      	cmp	r3, #0
100009d6:	d0fb      	beq.n	100009d0 <irq_remove_handler+0x14>
100009d8:	f3bf 8f5f 	dmb	sy
100009dc:	4b54      	ldr	r3, [pc, #336]	; (10000b30 <irq_remove_handler+0x174>)
100009de:	689a      	ldr	r2, [r3, #8]
100009e0:	0034      	movs	r4, r6
100009e2:	3410      	adds	r4, #16
100009e4:	00a3      	lsls	r3, r4, #2
100009e6:	58d7      	ldr	r7, [r2, r3]
100009e8:	4b52      	ldr	r3, [pc, #328]	; (10000b34 <irq_remove_handler+0x178>)
100009ea:	429f      	cmp	r7, r3
100009ec:	d007      	beq.n	100009fe <irq_remove_handler+0x42>
100009ee:	42af      	cmp	r7, r5
100009f0:	d100      	bne.n	100009f4 <irq_remove_handler+0x38>
100009f2:	e098      	b.n	10000b26 <irq_remove_handler+0x16a>
100009f4:	9701      	str	r7, [sp, #4]
100009f6:	4b50      	ldr	r3, [pc, #320]	; (10000b38 <irq_remove_handler+0x17c>)
100009f8:	1afb      	subs	r3, r7, r3
100009fa:	2b2f      	cmp	r3, #47	; 0x2f
100009fc:	d909      	bls.n	10000a12 <irq_remove_handler+0x56>
100009fe:	4642      	mov	r2, r8
10000a00:	0039      	movs	r1, r7
10000a02:	0030      	movs	r0, r6
10000a04:	f7ff ff2c 	bl	10000860 <set_raw_irq_handler_and_unlock>
10000a08:	b003      	add	sp, #12
10000a0a:	bcc0      	pop	{r6, r7}
10000a0c:	46b9      	mov	r9, r7
10000a0e:	46b0      	mov	r8, r6
10000a10:	bdf0      	pop	{r4, r5, r6, r7, pc}
10000a12:	0030      	movs	r0, r6
10000a14:	f7ff ff7c 	bl	10000910 <irq_is_enabled>
10000a18:	4681      	mov	r9, r0
10000a1a:	2100      	movs	r1, #0
10000a1c:	0030      	movs	r0, r6
10000a1e:	f7ff ff93 	bl	10000948 <irq_set_enabled>
10000a22:	f3bf 8f5f 	dmb	sy
10000a26:	f3ef 8105 	mrs	r1, IPSR
10000a2a:	2900      	cmp	r1, #0
10000a2c:	d001      	beq.n	10000a32 <irq_remove_handler+0x76>
10000a2e:	428c      	cmp	r4, r1
10000a30:	d111      	bne.n	10000a56 <irq_remove_handler+0x9a>
10000a32:	2301      	movs	r3, #1
10000a34:	9c01      	ldr	r4, [sp, #4]
10000a36:	439c      	bics	r4, r3
10000a38:	2200      	movs	r2, #0
10000a3a:	68a3      	ldr	r3, [r4, #8]
10000a3c:	42ab      	cmp	r3, r5
10000a3e:	d012      	beq.n	10000a66 <irq_remove_handler+0xaa>
10000a40:	2206      	movs	r2, #6
10000a42:	56a2      	ldrsb	r2, [r4, r2]
10000a44:	2a00      	cmp	r2, #0
10000a46:	db0d      	blt.n	10000a64 <irq_remove_handler+0xa8>
10000a48:	0053      	lsls	r3, r2, #1
10000a4a:	189b      	adds	r3, r3, r2
10000a4c:	009b      	lsls	r3, r3, #2
10000a4e:	0022      	movs	r2, r4
10000a50:	4c39      	ldr	r4, [pc, #228]	; (10000b38 <irq_remove_handler+0x17c>)
10000a52:	18e4      	adds	r4, r4, r3
10000a54:	e7f1      	b.n	10000a3a <irq_remove_handler+0x7e>
10000a56:	2136      	movs	r1, #54	; 0x36
10000a58:	4b38      	ldr	r3, [pc, #224]	; (10000b3c <irq_remove_handler+0x180>)
10000a5a:	4a39      	ldr	r2, [pc, #228]	; (10000b40 <irq_remove_handler+0x184>)
10000a5c:	31ff      	adds	r1, #255	; 0xff
10000a5e:	4839      	ldr	r0, [pc, #228]	; (10000b44 <irq_remove_handler+0x188>)
10000a60:	f001 fd16 	bl	10002490 <__assert_func>
10000a64:	0022      	movs	r2, r4
10000a66:	42ab      	cmp	r3, r5
10000a68:	d156      	bne.n	10000b18 <irq_remove_handler+0x15c>
10000a6a:	2506      	movs	r5, #6
10000a6c:	5765      	ldrsb	r5, [r4, r5]
10000a6e:	2d00      	cmp	r5, #0
10000a70:	db38      	blt.n	10000ae4 <irq_remove_handler+0x128>
10000a72:	006b      	lsls	r3, r5, #1
10000a74:	195b      	adds	r3, r3, r5
10000a76:	009a      	lsls	r2, r3, #2
10000a78:	4b2f      	ldr	r3, [pc, #188]	; (10000b38 <irq_remove_handler+0x17c>)
10000a7a:	189b      	adds	r3, r3, r2
10000a7c:	689a      	ldr	r2, [r3, #8]
10000a7e:	60a2      	str	r2, [r4, #8]
10000a80:	79da      	ldrb	r2, [r3, #7]
10000a82:	71e2      	strb	r2, [r4, #7]
10000a84:	2206      	movs	r2, #6
10000a86:	569a      	ldrsb	r2, [r3, r2]
10000a88:	71a2      	strb	r2, [r4, #6]
10000a8a:	799b      	ldrb	r3, [r3, #6]
10000a8c:	b25b      	sxtb	r3, r3
10000a8e:	2b00      	cmp	r3, #0
10000a90:	da0f      	bge.n	10000ab2 <irq_remove_handler+0xf6>
10000a92:	482d      	ldr	r0, [pc, #180]	; (10000b48 <irq_remove_handler+0x18c>)
10000a94:	80a0      	strh	r0, [r4, #4]
10000a96:	006b      	lsls	r3, r5, #1
10000a98:	195b      	adds	r3, r3, r5
10000a9a:	009b      	lsls	r3, r3, #2
10000a9c:	4a26      	ldr	r2, [pc, #152]	; (10000b38 <irq_remove_handler+0x17c>)
10000a9e:	18d3      	adds	r3, r2, r3
10000aa0:	4a2a      	ldr	r2, [pc, #168]	; (10000b4c <irq_remove_handler+0x190>)
10000aa2:	7811      	ldrb	r1, [r2, #0]
10000aa4:	7199      	strb	r1, [r3, #6]
10000aa6:	7015      	strb	r5, [r2, #0]
10000aa8:	4649      	mov	r1, r9
10000aaa:	0030      	movs	r0, r6
10000aac:	f7ff ff4c 	bl	10000948 <irq_set_enabled>
10000ab0:	e7a5      	b.n	100009fe <irq_remove_handler+0x42>
10000ab2:	1d20      	adds	r0, r4, #4
10000ab4:	006b      	lsls	r3, r5, #1
10000ab6:	195b      	adds	r3, r3, r5
10000ab8:	009b      	lsls	r3, r3, #2
10000aba:	4a1f      	ldr	r2, [pc, #124]	; (10000b38 <irq_remove_handler+0x17c>)
10000abc:	189b      	adds	r3, r3, r2
10000abe:	1d1a      	adds	r2, r3, #4
10000ac0:	889b      	ldrh	r3, [r3, #4]
10000ac2:	0ad9      	lsrs	r1, r3, #11
10000ac4:	291c      	cmp	r1, #28
10000ac6:	d107      	bne.n	10000ad8 <irq_remove_handler+0x11c>
10000ac8:	055b      	lsls	r3, r3, #21
10000aca:	155b      	asrs	r3, r3, #21
10000acc:	3302      	adds	r3, #2
10000ace:	0059      	lsls	r1, r3, #1
10000ad0:	1851      	adds	r1, r2, r1
10000ad2:	f7ff fed9 	bl	10000888 <make_branch>
10000ad6:	e7dd      	b.n	10000a94 <irq_remove_handler+0xd8>
10000ad8:	4b1d      	ldr	r3, [pc, #116]	; (10000b50 <irq_remove_handler+0x194>)
10000ada:	4a1e      	ldr	r2, [pc, #120]	; (10000b54 <irq_remove_handler+0x198>)
10000adc:	21b1      	movs	r1, #177	; 0xb1
10000ade:	4819      	ldr	r0, [pc, #100]	; (10000b44 <irq_remove_handler+0x188>)
10000ae0:	f001 fcd6 	bl	10002490 <__assert_func>
10000ae4:	2900      	cmp	r1, #0
10000ae6:	d112      	bne.n	10000b0e <irq_remove_handler+0x152>
10000ae8:	2a00      	cmp	r2, #0
10000aea:	d00e      	beq.n	10000b0a <irq_remove_handler+0x14e>
10000aec:	23ff      	movs	r3, #255	; 0xff
10000aee:	7193      	strb	r3, [r2, #6]
10000af0:	4b19      	ldr	r3, [pc, #100]	; (10000b58 <irq_remove_handler+0x19c>)
10000af2:	8093      	strh	r3, [r2, #4]
10000af4:	4a15      	ldr	r2, [pc, #84]	; (10000b4c <irq_remove_handler+0x190>)
10000af6:	7813      	ldrb	r3, [r2, #0]
10000af8:	71a3      	strb	r3, [r4, #6]
10000afa:	4b18      	ldr	r3, [pc, #96]	; (10000b5c <irq_remove_handler+0x1a0>)
10000afc:	490e      	ldr	r1, [pc, #56]	; (10000b38 <irq_remove_handler+0x17c>)
10000afe:	1a64      	subs	r4, r4, r1
10000b00:	4164      	adcs	r4, r4
10000b02:	4363      	muls	r3, r4
10000b04:	0d1b      	lsrs	r3, r3, #20
10000b06:	7013      	strb	r3, [r2, #0]
10000b08:	e7ce      	b.n	10000aa8 <irq_remove_handler+0xec>
10000b0a:	4f0a      	ldr	r7, [pc, #40]	; (10000b34 <irq_remove_handler+0x178>)
10000b0c:	e7f2      	b.n	10000af4 <irq_remove_handler+0x138>
10000b0e:	1d20      	adds	r0, r4, #4
10000b10:	4913      	ldr	r1, [pc, #76]	; (10000b60 <irq_remove_handler+0x1a4>)
10000b12:	f7ff fedd 	bl	100008d0 <insert_branch_and_link>
10000b16:	e7c7      	b.n	10000aa8 <irq_remove_handler+0xec>
10000b18:	216a      	movs	r1, #106	; 0x6a
10000b1a:	4b12      	ldr	r3, [pc, #72]	; (10000b64 <irq_remove_handler+0x1a8>)
10000b1c:	4a08      	ldr	r2, [pc, #32]	; (10000b40 <irq_remove_handler+0x184>)
10000b1e:	31ff      	adds	r1, #255	; 0xff
10000b20:	4808      	ldr	r0, [pc, #32]	; (10000b44 <irq_remove_handler+0x188>)
10000b22:	f001 fcb5 	bl	10002490 <__assert_func>
10000b26:	4f03      	ldr	r7, [pc, #12]	; (10000b34 <irq_remove_handler+0x178>)
10000b28:	e769      	b.n	100009fe <irq_remove_handler+0x42>
10000b2a:	46c0      	nop			; (mov r8, r8)
10000b2c:	d0000124 	.word	0xd0000124
10000b30:	e000ed00 	.word	0xe000ed00
10000b34:	100001cd 	.word	0x100001cd
10000b38:	2000023c 	.word	0x2000023c
10000b3c:	10005cfc 	.word	0x10005cfc
10000b40:	10005da8 	.word	0x10005da8
10000b44:	10005b8c 	.word	0x10005b8c
10000b48:	0000bd01 	.word	0x0000bd01
10000b4c:	20000f65 	.word	0x20000f65
10000b50:	10005ce4 	.word	0x10005ce4
10000b54:	10005dc8 	.word	0x10005dc8
10000b58:	ffffbd01 	.word	0xffffbd01
10000b5c:	0000aaaa 	.word	0x0000aaaa
10000b60:	20000276 	.word	0x20000276
10000b64:	10005d30 	.word	0x10005d30

10000b68 <irq_add_tail_to_free_list>:
10000b68:	b570      	push	{r4, r5, r6, lr}
10000b6a:	2101      	movs	r1, #1
10000b6c:	4301      	orrs	r1, r0
10000b6e:	4b2e      	ldr	r3, [pc, #184]	; (10000c28 <irq_add_tail_to_free_list+0xc0>)
10000b70:	1acb      	subs	r3, r1, r3
10000b72:	2b2f      	cmp	r3, #47	; 0x2f
10000b74:	d828      	bhi.n	10000bc8 <irq_add_tail_to_free_list+0x60>
10000b76:	f3ef 8305 	mrs	r3, IPSR
10000b7a:	2b00      	cmp	r3, #0
10000b7c:	d02b      	beq.n	10000bd6 <irq_add_tail_to_free_list+0x6e>
10000b7e:	f3ef 8c10 	mrs	ip, PRIMASK
10000b82:	b672      	cpsid	i
10000b84:	4a29      	ldr	r2, [pc, #164]	; (10000c2c <irq_add_tail_to_free_list+0xc4>)
10000b86:	6812      	ldr	r2, [r2, #0]
10000b88:	2a00      	cmp	r2, #0
10000b8a:	d0fb      	beq.n	10000b84 <irq_add_tail_to_free_list+0x1c>
10000b8c:	f3bf 8f5f 	dmb	sy
10000b90:	4a27      	ldr	r2, [pc, #156]	; (10000c30 <irq_add_tail_to_free_list+0xc8>)
10000b92:	0004      	movs	r4, r0
10000b94:	4d24      	ldr	r5, [pc, #144]	; (10000c28 <irq_add_tail_to_free_list+0xc0>)
10000b96:	1b64      	subs	r4, r4, r5
10000b98:	4164      	adcs	r4, r4
10000b9a:	4362      	muls	r2, r4
10000b9c:	0d12      	lsrs	r2, r2, #20
10000b9e:	b254      	sxtb	r4, r2
10000ba0:	4a24      	ldr	r2, [pc, #144]	; (10000c34 <irq_add_tail_to_free_list+0xcc>)
10000ba2:	6892      	ldr	r2, [r2, #8]
10000ba4:	009b      	lsls	r3, r3, #2
10000ba6:	58d2      	ldr	r2, [r2, r3]
10000ba8:	428a      	cmp	r2, r1
10000baa:	d01b      	beq.n	10000be4 <irq_add_tail_to_free_list+0x7c>
10000bac:	2200      	movs	r2, #0
10000bae:	2a03      	cmp	r2, #3
10000bb0:	d832      	bhi.n	10000c18 <irq_add_tail_to_free_list+0xb0>
10000bb2:	0053      	lsls	r3, r2, #1
10000bb4:	189b      	adds	r3, r3, r2
10000bb6:	009b      	lsls	r3, r3, #2
10000bb8:	491b      	ldr	r1, [pc, #108]	; (10000c28 <irq_add_tail_to_free_list+0xc0>)
10000bba:	18cb      	adds	r3, r1, r3
10000bbc:	799b      	ldrb	r3, [r3, #6]
10000bbe:	b25b      	sxtb	r3, r3
10000bc0:	42a3      	cmp	r3, r4
10000bc2:	d01f      	beq.n	10000c04 <irq_add_tail_to_free_list+0x9c>
10000bc4:	3201      	adds	r2, #1
10000bc6:	e7f2      	b.n	10000bae <irq_add_tail_to_free_list+0x46>
10000bc8:	21c7      	movs	r1, #199	; 0xc7
10000bca:	4b1b      	ldr	r3, [pc, #108]	; (10000c38 <irq_add_tail_to_free_list+0xd0>)
10000bcc:	4a1b      	ldr	r2, [pc, #108]	; (10000c3c <irq_add_tail_to_free_list+0xd4>)
10000bce:	0049      	lsls	r1, r1, #1
10000bd0:	481b      	ldr	r0, [pc, #108]	; (10000c40 <irq_add_tail_to_free_list+0xd8>)
10000bd2:	f001 fc5d 	bl	10002490 <__assert_func>
10000bd6:	2192      	movs	r1, #146	; 0x92
10000bd8:	4b1a      	ldr	r3, [pc, #104]	; (10000c44 <irq_add_tail_to_free_list+0xdc>)
10000bda:	4a18      	ldr	r2, [pc, #96]	; (10000c3c <irq_add_tail_to_free_list+0xd4>)
10000bdc:	31ff      	adds	r1, #255	; 0xff
10000bde:	4818      	ldr	r0, [pc, #96]	; (10000c40 <irq_add_tail_to_free_list+0xd8>)
10000be0:	f001 fc56 	bl	10002490 <__assert_func>
10000be4:	4a13      	ldr	r2, [pc, #76]	; (10000c34 <irq_add_tail_to_free_list+0xcc>)
10000be6:	6892      	ldr	r2, [r2, #8]
10000be8:	4917      	ldr	r1, [pc, #92]	; (10000c48 <irq_add_tail_to_free_list+0xe0>)
10000bea:	50d1      	str	r1, [r2, r3]
10000bec:	4b17      	ldr	r3, [pc, #92]	; (10000c4c <irq_add_tail_to_free_list+0xe4>)
10000bee:	781a      	ldrb	r2, [r3, #0]
10000bf0:	7182      	strb	r2, [r0, #6]
10000bf2:	701c      	strb	r4, [r3, #0]
10000bf4:	f3bf 8f5f 	dmb	sy
10000bf8:	4b0c      	ldr	r3, [pc, #48]	; (10000c2c <irq_add_tail_to_free_list+0xc4>)
10000bfa:	2200      	movs	r2, #0
10000bfc:	601a      	str	r2, [r3, #0]
10000bfe:	f38c 8810 	msr	PRIMASK, ip
10000c02:	bd70      	pop	{r4, r5, r6, pc}
10000c04:	000d      	movs	r5, r1
10000c06:	0053      	lsls	r3, r2, #1
10000c08:	1899      	adds	r1, r3, r2
10000c0a:	0089      	lsls	r1, r1, #2
10000c0c:	1869      	adds	r1, r5, r1
10000c0e:	26ff      	movs	r6, #255	; 0xff
10000c10:	718e      	strb	r6, [r1, #6]
10000c12:	4a0f      	ldr	r2, [pc, #60]	; (10000c50 <irq_add_tail_to_free_list+0xe8>)
10000c14:	808a      	strh	r2, [r1, #4]
10000c16:	e7e9      	b.n	10000bec <irq_add_tail_to_free_list+0x84>
10000c18:	21d1      	movs	r1, #209	; 0xd1
10000c1a:	4b0e      	ldr	r3, [pc, #56]	; (10000c54 <irq_add_tail_to_free_list+0xec>)
10000c1c:	4a07      	ldr	r2, [pc, #28]	; (10000c3c <irq_add_tail_to_free_list+0xd4>)
10000c1e:	0049      	lsls	r1, r1, #1
10000c20:	4807      	ldr	r0, [pc, #28]	; (10000c40 <irq_add_tail_to_free_list+0xd8>)
10000c22:	f001 fc35 	bl	10002490 <__assert_func>
10000c26:	46c0      	nop			; (mov r8, r8)
10000c28:	2000023c 	.word	0x2000023c
10000c2c:	d0000124 	.word	0xd0000124
10000c30:	0000aaaa 	.word	0x0000aaaa
10000c34:	e000ed00 	.word	0xe000ed00
10000c38:	10005d38 	.word	0x10005d38
10000c3c:	10005d74 	.word	0x10005d74
10000c40:	10005b8c 	.word	0x10005b8c
10000c44:	10005d60 	.word	0x10005d60
10000c48:	100001cd 	.word	0x100001cd
10000c4c:	20000f65 	.word	0x20000f65
10000c50:	ffffbd01 	.word	0xffffbd01
10000c54:	10005d6c 	.word	0x10005d6c

10000c58 <irq_init_priorities>:
10000c58:	2200      	movs	r2, #0
10000c5a:	4b04      	ldr	r3, [pc, #16]	; (10000c6c <irq_init_priorities+0x14>)
10000c5c:	e002      	b.n	10000c64 <irq_init_priorities+0xc>
10000c5e:	4904      	ldr	r1, [pc, #16]	; (10000c70 <irq_init_priorities+0x18>)
10000c60:	c302      	stmia	r3!, {r1}
10000c62:	3201      	adds	r2, #1
10000c64:	2a07      	cmp	r2, #7
10000c66:	d9fa      	bls.n	10000c5e <irq_init_priorities+0x6>
10000c68:	4770      	bx	lr
10000c6a:	46c0      	nop			; (mov r8, r8)
10000c6c:	e000e400 	.word	0xe000e400
10000c70:	80808080 	.word	0x80808080

10000c74 <lock_init>:
10000c74:	4b02      	ldr	r3, [pc, #8]	; (10000c80 <lock_init+0xc>)
10000c76:	469c      	mov	ip, r3
10000c78:	4461      	add	r1, ip
10000c7a:	0089      	lsls	r1, r1, #2
10000c7c:	6001      	str	r1, [r0, #0]
10000c7e:	4770      	bx	lr
10000c80:	34000040 	.word	0x34000040

10000c84 <mutex_init>:
10000c84:	b510      	push	{r4, lr}
10000c86:	0004      	movs	r4, r0
10000c88:	f7ff fddc 	bl	10000844 <next_striped_spin_lock_num>
10000c8c:	0001      	movs	r1, r0
10000c8e:	0020      	movs	r0, r4
10000c90:	f7ff fff0 	bl	10000c74 <lock_init>
10000c94:	23ff      	movs	r3, #255	; 0xff
10000c96:	7123      	strb	r3, [r4, #4]
10000c98:	f3bf 8f5f 	dmb	sy
10000c9c:	bd10      	pop	{r4, pc}

10000c9e <recursive_mutex_init>:
10000c9e:	b510      	push	{r4, lr}
10000ca0:	0004      	movs	r4, r0
10000ca2:	f7ff fdcf 	bl	10000844 <next_striped_spin_lock_num>
10000ca6:	0001      	movs	r1, r0
10000ca8:	0020      	movs	r0, r4
10000caa:	f7ff ffe3 	bl	10000c74 <lock_init>
10000cae:	23ff      	movs	r3, #255	; 0xff
10000cb0:	7123      	strb	r3, [r4, #4]
10000cb2:	2300      	movs	r3, #0
10000cb4:	7163      	strb	r3, [r4, #5]
10000cb6:	f3bf 8f5f 	dmb	sy
10000cba:	bd10      	pop	{r4, pc}

10000cbc <alarm_pool_post_alloc_init>:
10000cbc:	b570      	push	{r4, r5, r6, lr}
10000cbe:	0005      	movs	r5, r0
10000cc0:	000c      	movs	r4, r1
10000cc2:	0008      	movs	r0, r1
10000cc4:	f000 fefe 	bl	10001ac4 <hardware_alarm_cancel>
10000cc8:	4909      	ldr	r1, [pc, #36]	; (10000cf0 <alarm_pool_post_alloc_init+0x34>)
10000cca:	0020      	movs	r0, r4
10000ccc:	f000 fe3e 	bl	1000194c <hardware_alarm_set_callback>
10000cd0:	f7ff fdb8 	bl	10000844 <next_striped_spin_lock_num>
10000cd4:	4b07      	ldr	r3, [pc, #28]	; (10000cf4 <alarm_pool_post_alloc_init+0x38>)
10000cd6:	469c      	mov	ip, r3
10000cd8:	4460      	add	r0, ip
10000cda:	0080      	lsls	r0, r0, #2
10000cdc:	6068      	str	r0, [r5, #4]
10000cde:	752c      	strb	r4, [r5, #20]
10000ce0:	23d0      	movs	r3, #208	; 0xd0
10000ce2:	061b      	lsls	r3, r3, #24
10000ce4:	781b      	ldrb	r3, [r3, #0]
10000ce6:	756b      	strb	r3, [r5, #21]
10000ce8:	00a4      	lsls	r4, r4, #2
10000cea:	4b03      	ldr	r3, [pc, #12]	; (10000cf8 <alarm_pool_post_alloc_init+0x3c>)
10000cec:	50e5      	str	r5, [r4, r3]
10000cee:	bd70      	pop	{r4, r5, r6, pc}
10000cf0:	10001001 	.word	0x10001001
10000cf4:	34000040 	.word	0x34000040
10000cf8:	20000d34 	.word	0x20000d34

10000cfc <sleep_until_callback>:
10000cfc:	4b0a      	ldr	r3, [pc, #40]	; (10000d28 <sleep_until_callback+0x2c>)
10000cfe:	681a      	ldr	r2, [r3, #0]
10000d00:	f3ef 8110 	mrs	r1, PRIMASK
10000d04:	b672      	cpsid	i
10000d06:	6813      	ldr	r3, [r2, #0]
10000d08:	2b00      	cmp	r3, #0
10000d0a:	d0fc      	beq.n	10000d06 <sleep_until_callback+0xa>
10000d0c:	f3bf 8f5f 	dmb	sy
10000d10:	4b05      	ldr	r3, [pc, #20]	; (10000d28 <sleep_until_callback+0x2c>)
10000d12:	681b      	ldr	r3, [r3, #0]
10000d14:	f3bf 8f5f 	dmb	sy
10000d18:	2200      	movs	r2, #0
10000d1a:	601a      	str	r2, [r3, #0]
10000d1c:	f381 8810 	msr	PRIMASK, r1
10000d20:	bf40      	sev
10000d22:	2000      	movs	r0, #0
10000d24:	2100      	movs	r1, #0
10000d26:	4770      	bx	lr
10000d28:	20000f48 	.word	0x20000f48

10000d2c <timer_pool_entry_comparator>:
10000d2c:	b510      	push	{r4, lr}
10000d2e:	2900      	cmp	r1, #0
10000d30:	d022      	beq.n	10000d78 <timer_pool_entry_comparator+0x4c>
10000d32:	6803      	ldr	r3, [r0, #0]
10000d34:	7b1b      	ldrb	r3, [r3, #12]
10000d36:	4299      	cmp	r1, r3
10000d38:	d81e      	bhi.n	10000d78 <timer_pool_entry_comparator+0x4c>
10000d3a:	4b17      	ldr	r3, [pc, #92]	; (10000d98 <timer_pool_entry_comparator+0x6c>)
10000d3c:	469c      	mov	ip, r3
10000d3e:	4461      	add	r1, ip
10000d40:	0109      	lsls	r1, r1, #4
10000d42:	6883      	ldr	r3, [r0, #8]
10000d44:	469c      	mov	ip, r3
10000d46:	4461      	add	r1, ip
10000d48:	680c      	ldr	r4, [r1, #0]
10000d4a:	6849      	ldr	r1, [r1, #4]
10000d4c:	2a00      	cmp	r2, #0
10000d4e:	d019      	beq.n	10000d84 <timer_pool_entry_comparator+0x58>
10000d50:	6803      	ldr	r3, [r0, #0]
10000d52:	7b1b      	ldrb	r3, [r3, #12]
10000d54:	429a      	cmp	r2, r3
10000d56:	d815      	bhi.n	10000d84 <timer_pool_entry_comparator+0x58>
10000d58:	6883      	ldr	r3, [r0, #8]
10000d5a:	480f      	ldr	r0, [pc, #60]	; (10000d98 <timer_pool_entry_comparator+0x6c>)
10000d5c:	4684      	mov	ip, r0
10000d5e:	4462      	add	r2, ip
10000d60:	0112      	lsls	r2, r2, #4
10000d62:	189a      	adds	r2, r3, r2
10000d64:	6810      	ldr	r0, [r2, #0]
10000d66:	6853      	ldr	r3, [r2, #4]
10000d68:	0002      	movs	r2, r0
10000d6a:	2001      	movs	r0, #1
10000d6c:	428b      	cmp	r3, r1
10000d6e:	d801      	bhi.n	10000d74 <timer_pool_entry_comparator+0x48>
10000d70:	d00e      	beq.n	10000d90 <timer_pool_entry_comparator+0x64>
10000d72:	2000      	movs	r0, #0
10000d74:	b2c0      	uxtb	r0, r0
10000d76:	bd10      	pop	{r4, pc}
10000d78:	4b08      	ldr	r3, [pc, #32]	; (10000d9c <timer_pool_entry_comparator+0x70>)
10000d7a:	4a09      	ldr	r2, [pc, #36]	; (10000da0 <timer_pool_entry_comparator+0x74>)
10000d7c:	213c      	movs	r1, #60	; 0x3c
10000d7e:	4809      	ldr	r0, [pc, #36]	; (10000da4 <timer_pool_entry_comparator+0x78>)
10000d80:	f001 fb86 	bl	10002490 <__assert_func>
10000d84:	4b05      	ldr	r3, [pc, #20]	; (10000d9c <timer_pool_entry_comparator+0x70>)
10000d86:	4a06      	ldr	r2, [pc, #24]	; (10000da0 <timer_pool_entry_comparator+0x74>)
10000d88:	213c      	movs	r1, #60	; 0x3c
10000d8a:	4806      	ldr	r0, [pc, #24]	; (10000da4 <timer_pool_entry_comparator+0x78>)
10000d8c:	f001 fb80 	bl	10002490 <__assert_func>
10000d90:	42a2      	cmp	r2, r4
10000d92:	d8ef      	bhi.n	10000d74 <timer_pool_entry_comparator+0x48>
10000d94:	e7ed      	b.n	10000d72 <timer_pool_entry_comparator+0x46>
10000d96:	46c0      	nop			; (mov r8, r8)
10000d98:	0fffffff 	.word	0x0fffffff
10000d9c:	10005f78 	.word	0x10005f78
10000da0:	100061e0 	.word	0x100061e0
10000da4:	10005f30 	.word	0x10005f30

10000da8 <ph_add_child_node>:
10000da8:	b510      	push	{r4, lr}
10000daa:	2900      	cmp	r1, #0
10000dac:	d01e      	beq.n	10000dec <ph_add_child_node+0x44>
10000dae:	7b03      	ldrb	r3, [r0, #12]
10000db0:	4299      	cmp	r1, r3
10000db2:	d81b      	bhi.n	10000dec <ph_add_child_node+0x44>
10000db4:	004b      	lsls	r3, r1, #1
10000db6:	185b      	adds	r3, r3, r1
10000db8:	3b03      	subs	r3, #3
10000dba:	6804      	ldr	r4, [r0, #0]
10000dbc:	46a4      	mov	ip, r4
10000dbe:	4463      	add	r3, ip
10000dc0:	2900      	cmp	r1, #0
10000dc2:	d019      	beq.n	10000df8 <ph_add_child_node+0x50>
10000dc4:	2a00      	cmp	r2, #0
10000dc6:	d01d      	beq.n	10000e04 <ph_add_child_node+0x5c>
10000dc8:	4291      	cmp	r1, r2
10000dca:	d021      	beq.n	10000e10 <ph_add_child_node+0x68>
10000dcc:	2a00      	cmp	r2, #0
10000dce:	d025      	beq.n	10000e1c <ph_add_child_node+0x74>
10000dd0:	7b04      	ldrb	r4, [r0, #12]
10000dd2:	42a2      	cmp	r2, r4
10000dd4:	d822      	bhi.n	10000e1c <ph_add_child_node+0x74>
10000dd6:	6804      	ldr	r4, [r0, #0]
10000dd8:	0050      	lsls	r0, r2, #1
10000dda:	1880      	adds	r0, r0, r2
10000ddc:	3803      	subs	r0, #3
10000dde:	1820      	adds	r0, r4, r0
10000de0:	7081      	strb	r1, [r0, #2]
10000de2:	7819      	ldrb	r1, [r3, #0]
10000de4:	2900      	cmp	r1, #0
10000de6:	d11f      	bne.n	10000e28 <ph_add_child_node+0x80>
10000de8:	701a      	strb	r2, [r3, #0]
10000dea:	bd10      	pop	{r4, pc}
10000dec:	4b10      	ldr	r3, [pc, #64]	; (10000e30 <ph_add_child_node+0x88>)
10000dee:	4a11      	ldr	r2, [pc, #68]	; (10000e34 <ph_add_child_node+0x8c>)
10000df0:	2168      	movs	r1, #104	; 0x68
10000df2:	4811      	ldr	r0, [pc, #68]	; (10000e38 <ph_add_child_node+0x90>)
10000df4:	f001 fb4c 	bl	10002490 <__assert_func>
10000df8:	4b10      	ldr	r3, [pc, #64]	; (10000e3c <ph_add_child_node+0x94>)
10000dfa:	4a11      	ldr	r2, [pc, #68]	; (10000e40 <ph_add_child_node+0x98>)
10000dfc:	316f      	adds	r1, #111	; 0x6f
10000dfe:	480e      	ldr	r0, [pc, #56]	; (10000e38 <ph_add_child_node+0x90>)
10000e00:	f001 fb46 	bl	10002490 <__assert_func>
10000e04:	4b0f      	ldr	r3, [pc, #60]	; (10000e44 <ph_add_child_node+0x9c>)
10000e06:	4a0e      	ldr	r2, [pc, #56]	; (10000e40 <ph_add_child_node+0x98>)
10000e08:	2170      	movs	r1, #112	; 0x70
10000e0a:	480b      	ldr	r0, [pc, #44]	; (10000e38 <ph_add_child_node+0x90>)
10000e0c:	f001 fb40 	bl	10002490 <__assert_func>
10000e10:	4b0d      	ldr	r3, [pc, #52]	; (10000e48 <ph_add_child_node+0xa0>)
10000e12:	4a0b      	ldr	r2, [pc, #44]	; (10000e40 <ph_add_child_node+0x98>)
10000e14:	2171      	movs	r1, #113	; 0x71
10000e16:	4808      	ldr	r0, [pc, #32]	; (10000e38 <ph_add_child_node+0x90>)
10000e18:	f001 fb3a 	bl	10002490 <__assert_func>
10000e1c:	4b04      	ldr	r3, [pc, #16]	; (10000e30 <ph_add_child_node+0x88>)
10000e1e:	4a05      	ldr	r2, [pc, #20]	; (10000e34 <ph_add_child_node+0x8c>)
10000e20:	2168      	movs	r1, #104	; 0x68
10000e22:	4805      	ldr	r0, [pc, #20]	; (10000e38 <ph_add_child_node+0x90>)
10000e24:	f001 fb34 	bl	10002490 <__assert_func>
10000e28:	7041      	strb	r1, [r0, #1]
10000e2a:	701a      	strb	r2, [r3, #0]
10000e2c:	e7dd      	b.n	10000dea <ph_add_child_node+0x42>
10000e2e:	46c0      	nop			; (mov r8, r8)
10000e30:	10005f9c 	.word	0x10005f9c
10000e34:	1000624c 	.word	0x1000624c
10000e38:	10005fb8 	.word	0x10005fb8
10000e3c:	10006008 	.word	0x10006008
10000e40:	10006228 	.word	0x10006228
10000e44:	10006014 	.word	0x10006014
10000e48:	10006020 	.word	0x10006020

10000e4c <ph_merge_nodes>:
10000e4c:	b570      	push	{r4, r5, r6, lr}
10000e4e:	0006      	movs	r6, r0
10000e50:	000d      	movs	r5, r1
10000e52:	0014      	movs	r4, r2
10000e54:	2900      	cmp	r1, #0
10000e56:	d014      	beq.n	10000e82 <ph_merge_nodes+0x36>
10000e58:	2a00      	cmp	r2, #0
10000e5a:	d014      	beq.n	10000e86 <ph_merge_nodes+0x3a>
10000e5c:	6880      	ldr	r0, [r0, #8]
10000e5e:	6873      	ldr	r3, [r6, #4]
10000e60:	4798      	blx	r3
10000e62:	2800      	cmp	r0, #0
10000e64:	d006      	beq.n	10000e74 <ph_merge_nodes+0x28>
10000e66:	0022      	movs	r2, r4
10000e68:	0029      	movs	r1, r5
10000e6a:	0030      	movs	r0, r6
10000e6c:	f7ff ff9c 	bl	10000da8 <ph_add_child_node>
10000e70:	0028      	movs	r0, r5
10000e72:	e007      	b.n	10000e84 <ph_merge_nodes+0x38>
10000e74:	002a      	movs	r2, r5
10000e76:	0021      	movs	r1, r4
10000e78:	0030      	movs	r0, r6
10000e7a:	f7ff ff95 	bl	10000da8 <ph_add_child_node>
10000e7e:	0020      	movs	r0, r4
10000e80:	e000      	b.n	10000e84 <ph_merge_nodes+0x38>
10000e82:	0010      	movs	r0, r2
10000e84:	bd70      	pop	{r4, r5, r6, pc}
10000e86:	0008      	movs	r0, r1
10000e88:	e7fc      	b.n	10000e84 <ph_merge_nodes+0x38>
	...

10000e8c <add_alarm_under_lock>:
10000e8c:	b5f0      	push	{r4, r5, r6, r7, lr}
10000e8e:	b083      	sub	sp, #12
10000e90:	0005      	movs	r5, r0
10000e92:	9200      	str	r2, [sp, #0]
10000e94:	9301      	str	r3, [sp, #4]
10000e96:	ab0a      	add	r3, sp, #40	; 0x28
10000e98:	781c      	ldrb	r4, [r3, #0]
10000e9a:	ab0b      	add	r3, sp, #44	; 0x2c
10000e9c:	781f      	ldrb	r7, [r3, #0]
10000e9e:	2c00      	cmp	r4, #0
10000ea0:	d026      	beq.n	10000ef0 <add_alarm_under_lock+0x64>
10000ea2:	6803      	ldr	r3, [r0, #0]
10000ea4:	7b5a      	ldrb	r2, [r3, #13]
10000ea6:	4294      	cmp	r4, r2
10000ea8:	d107      	bne.n	10000eba <add_alarm_under_lock+0x2e>
10000eaa:	2301      	movs	r3, #1
10000eac:	2b00      	cmp	r3, #0
10000eae:	d119      	bne.n	10000ee4 <add_alarm_under_lock+0x58>
10000eb0:	2c00      	cmp	r4, #0
10000eb2:	d13b      	bne.n	10000f2c <add_alarm_under_lock+0xa0>
10000eb4:	0020      	movs	r0, r4
10000eb6:	b003      	add	sp, #12
10000eb8:	bdf0      	pop	{r4, r5, r6, r7, pc}
10000eba:	2c00      	cmp	r4, #0
10000ebc:	d00c      	beq.n	10000ed8 <add_alarm_under_lock+0x4c>
10000ebe:	7b1a      	ldrb	r2, [r3, #12]
10000ec0:	4294      	cmp	r4, r2
10000ec2:	d809      	bhi.n	10000ed8 <add_alarm_under_lock+0x4c>
10000ec4:	681a      	ldr	r2, [r3, #0]
10000ec6:	0063      	lsls	r3, r4, #1
10000ec8:	191b      	adds	r3, r3, r4
10000eca:	3b03      	subs	r3, #3
10000ecc:	18d3      	adds	r3, r2, r3
10000ece:	789b      	ldrb	r3, [r3, #2]
10000ed0:	2b00      	cmp	r3, #0
10000ed2:	d0eb      	beq.n	10000eac <add_alarm_under_lock+0x20>
10000ed4:	2301      	movs	r3, #1
10000ed6:	e7e9      	b.n	10000eac <add_alarm_under_lock+0x20>
10000ed8:	4b3e      	ldr	r3, [pc, #248]	; (10000fd4 <add_alarm_under_lock+0x148>)
10000eda:	4a3f      	ldr	r2, [pc, #252]	; (10000fd8 <add_alarm_under_lock+0x14c>)
10000edc:	2168      	movs	r1, #104	; 0x68
10000ede:	483f      	ldr	r0, [pc, #252]	; (10000fdc <add_alarm_under_lock+0x150>)
10000ee0:	f001 fad6 	bl	10002490 <__assert_func>
10000ee4:	4b3e      	ldr	r3, [pc, #248]	; (10000fe0 <add_alarm_under_lock+0x154>)
10000ee6:	4a3f      	ldr	r2, [pc, #252]	; (10000fe4 <add_alarm_under_lock+0x158>)
10000ee8:	2167      	movs	r1, #103	; 0x67
10000eea:	483f      	ldr	r0, [pc, #252]	; (10000fe8 <add_alarm_under_lock+0x15c>)
10000eec:	f001 fad0 	bl	10002490 <__assert_func>
10000ef0:	6803      	ldr	r3, [r0, #0]
10000ef2:	7b9c      	ldrb	r4, [r3, #14]
10000ef4:	2c00      	cmp	r4, #0
10000ef6:	d0db      	beq.n	10000eb0 <add_alarm_under_lock+0x24>
10000ef8:	d012      	beq.n	10000f20 <add_alarm_under_lock+0x94>
10000efa:	7b1a      	ldrb	r2, [r3, #12]
10000efc:	4294      	cmp	r4, r2
10000efe:	d80f      	bhi.n	10000f20 <add_alarm_under_lock+0x94>
10000f00:	0062      	lsls	r2, r4, #1
10000f02:	1912      	adds	r2, r2, r4
10000f04:	3a03      	subs	r2, #3
10000f06:	6819      	ldr	r1, [r3, #0]
10000f08:	468c      	mov	ip, r1
10000f0a:	4462      	add	r2, ip
10000f0c:	7851      	ldrb	r1, [r2, #1]
10000f0e:	7399      	strb	r1, [r3, #14]
10000f10:	2900      	cmp	r1, #0
10000f12:	d100      	bne.n	10000f16 <add_alarm_under_lock+0x8a>
10000f14:	73d9      	strb	r1, [r3, #15]
10000f16:	2300      	movs	r3, #0
10000f18:	7093      	strb	r3, [r2, #2]
10000f1a:	7053      	strb	r3, [r2, #1]
10000f1c:	7013      	strb	r3, [r2, #0]
10000f1e:	e7c7      	b.n	10000eb0 <add_alarm_under_lock+0x24>
10000f20:	4b2c      	ldr	r3, [pc, #176]	; (10000fd4 <add_alarm_under_lock+0x148>)
10000f22:	4a2d      	ldr	r2, [pc, #180]	; (10000fd8 <add_alarm_under_lock+0x14c>)
10000f24:	2168      	movs	r1, #104	; 0x68
10000f26:	482d      	ldr	r0, [pc, #180]	; (10000fdc <add_alarm_under_lock+0x150>)
10000f28:	f001 fab2 	bl	10002490 <__assert_func>
10000f2c:	2c00      	cmp	r4, #0
10000f2e:	d03a      	beq.n	10000fa6 <add_alarm_under_lock+0x11a>
10000f30:	682b      	ldr	r3, [r5, #0]
10000f32:	7b1b      	ldrb	r3, [r3, #12]
10000f34:	429c      	cmp	r4, r3
10000f36:	d836      	bhi.n	10000fa6 <add_alarm_under_lock+0x11a>
10000f38:	4b2c      	ldr	r3, [pc, #176]	; (10000fec <add_alarm_under_lock+0x160>)
10000f3a:	18e3      	adds	r3, r4, r3
10000f3c:	011b      	lsls	r3, r3, #4
10000f3e:	68aa      	ldr	r2, [r5, #8]
10000f40:	4694      	mov	ip, r2
10000f42:	4463      	add	r3, ip
10000f44:	9a00      	ldr	r2, [sp, #0]
10000f46:	601a      	str	r2, [r3, #0]
10000f48:	9a01      	ldr	r2, [sp, #4]
10000f4a:	605a      	str	r2, [r3, #4]
10000f4c:	9a08      	ldr	r2, [sp, #32]
10000f4e:	609a      	str	r2, [r3, #8]
10000f50:	9a09      	ldr	r2, [sp, #36]	; 0x24
10000f52:	60da      	str	r2, [r3, #12]
10000f54:	682e      	ldr	r6, [r5, #0]
10000f56:	2c00      	cmp	r4, #0
10000f58:	d02b      	beq.n	10000fb2 <add_alarm_under_lock+0x126>
10000f5a:	d030      	beq.n	10000fbe <add_alarm_under_lock+0x132>
10000f5c:	7b33      	ldrb	r3, [r6, #12]
10000f5e:	429c      	cmp	r4, r3
10000f60:	d82d      	bhi.n	10000fbe <add_alarm_under_lock+0x132>
10000f62:	0063      	lsls	r3, r4, #1
10000f64:	191b      	adds	r3, r3, r4
10000f66:	3b03      	subs	r3, #3
10000f68:	6832      	ldr	r2, [r6, #0]
10000f6a:	4694      	mov	ip, r2
10000f6c:	4463      	add	r3, ip
10000f6e:	2200      	movs	r2, #0
10000f70:	709a      	strb	r2, [r3, #2]
10000f72:	705a      	strb	r2, [r3, #1]
10000f74:	701a      	strb	r2, [r3, #0]
10000f76:	7b71      	ldrb	r1, [r6, #13]
10000f78:	0022      	movs	r2, r4
10000f7a:	0030      	movs	r0, r6
10000f7c:	f7ff ff66 	bl	10000e4c <ph_merge_nodes>
10000f80:	7370      	strb	r0, [r6, #13]
10000f82:	4284      	cmp	r4, r0
10000f84:	d000      	beq.n	10000f88 <add_alarm_under_lock+0xfc>
10000f86:	e795      	b.n	10000eb4 <add_alarm_under_lock+0x28>
10000f88:	7d28      	ldrb	r0, [r5, #20]
10000f8a:	9a00      	ldr	r2, [sp, #0]
10000f8c:	9b01      	ldr	r3, [sp, #4]
10000f8e:	f000 fd25 	bl	100019dc <hardware_alarm_set_target>
10000f92:	1e06      	subs	r6, r0, #0
10000f94:	d001      	beq.n	10000f9a <add_alarm_under_lock+0x10e>
10000f96:	2f00      	cmp	r7, #0
10000f98:	d017      	beq.n	10000fca <add_alarm_under_lock+0x13e>
10000f9a:	9b0c      	ldr	r3, [sp, #48]	; 0x30
10000f9c:	2b00      	cmp	r3, #0
10000f9e:	d100      	bne.n	10000fa2 <add_alarm_under_lock+0x116>
10000fa0:	e788      	b.n	10000eb4 <add_alarm_under_lock+0x28>
10000fa2:	701e      	strb	r6, [r3, #0]
10000fa4:	e786      	b.n	10000eb4 <add_alarm_under_lock+0x28>
10000fa6:	4b12      	ldr	r3, [pc, #72]	; (10000ff0 <add_alarm_under_lock+0x164>)
10000fa8:	4a12      	ldr	r2, [pc, #72]	; (10000ff4 <add_alarm_under_lock+0x168>)
10000faa:	213c      	movs	r1, #60	; 0x3c
10000fac:	480e      	ldr	r0, [pc, #56]	; (10000fe8 <add_alarm_under_lock+0x15c>)
10000fae:	f001 fa6f 	bl	10002490 <__assert_func>
10000fb2:	4b11      	ldr	r3, [pc, #68]	; (10000ff8 <add_alarm_under_lock+0x16c>)
10000fb4:	4a11      	ldr	r2, [pc, #68]	; (10000ffc <add_alarm_under_lock+0x170>)
10000fb6:	21a5      	movs	r1, #165	; 0xa5
10000fb8:	4808      	ldr	r0, [pc, #32]	; (10000fdc <add_alarm_under_lock+0x150>)
10000fba:	f001 fa69 	bl	10002490 <__assert_func>
10000fbe:	4b05      	ldr	r3, [pc, #20]	; (10000fd4 <add_alarm_under_lock+0x148>)
10000fc0:	4a05      	ldr	r2, [pc, #20]	; (10000fd8 <add_alarm_under_lock+0x14c>)
10000fc2:	2168      	movs	r1, #104	; 0x68
10000fc4:	4805      	ldr	r0, [pc, #20]	; (10000fdc <add_alarm_under_lock+0x150>)
10000fc6:	f001 fa63 	bl	10002490 <__assert_func>
10000fca:	6828      	ldr	r0, [r5, #0]
10000fcc:	0021      	movs	r1, r4
10000fce:	f000 ff3d 	bl	10001e4c <ph_remove_and_free_node>
10000fd2:	e7e2      	b.n	10000f9a <add_alarm_under_lock+0x10e>
10000fd4:	10005f9c 	.word	0x10005f9c
10000fd8:	1000624c 	.word	0x1000624c
10000fdc:	10005fb8 	.word	0x10005fb8
10000fe0:	10006038 	.word	0x10006038
10000fe4:	10006258 	.word	0x10006258
10000fe8:	10005f30 	.word	0x10005f30
10000fec:	0fffffff 	.word	0x0fffffff
10000ff0:	10005f78 	.word	0x10005f78
10000ff4:	100061e0 	.word	0x100061e0
10000ff8:	10005f2c 	.word	0x10005f2c
10000ffc:	1000623c 	.word	0x1000623c

10001000 <alarm_pool_alarm_callback>:
10001000:	b5f0      	push	{r4, r5, r6, r7, lr}
10001002:	46de      	mov	lr, fp
10001004:	4657      	mov	r7, sl
10001006:	464e      	mov	r6, r9
10001008:	4645      	mov	r5, r8
1000100a:	b5e0      	push	{r5, r6, r7, lr}
1000100c:	b08b      	sub	sp, #44	; 0x2c
1000100e:	9009      	str	r0, [sp, #36]	; 0x24
10001010:	2300      	movs	r3, #0
10001012:	9308      	str	r3, [sp, #32]
10001014:	0082      	lsls	r2, r0, #2
10001016:	4bb5      	ldr	r3, [pc, #724]	; (100012ec <alarm_pool_alarm_callback+0x2ec>)
10001018:	58d6      	ldr	r6, [r2, r3]
1000101a:	0037      	movs	r7, r6
1000101c:	e052      	b.n	100010c4 <alarm_pool_alarm_callback+0xc4>
1000101e:	4bb4      	ldr	r3, [pc, #720]	; (100012f0 <alarm_pool_alarm_callback+0x2f0>)
10001020:	4ab4      	ldr	r2, [pc, #720]	; (100012f4 <alarm_pool_alarm_callback+0x2f4>)
10001022:	213f      	movs	r1, #63	; 0x3f
10001024:	48b4      	ldr	r0, [pc, #720]	; (100012f8 <alarm_pool_alarm_callback+0x2f8>)
10001026:	f001 fa33 	bl	10002490 <__assert_func>
1000102a:	4bb4      	ldr	r3, [pc, #720]	; (100012fc <alarm_pool_alarm_callback+0x2fc>)
1000102c:	4ab4      	ldr	r2, [pc, #720]	; (10001300 <alarm_pool_alarm_callback+0x300>)
1000102e:	213c      	movs	r1, #60	; 0x3c
10001030:	48b4      	ldr	r0, [pc, #720]	; (10001304 <alarm_pool_alarm_callback+0x304>)
10001032:	f001 fa2d 	bl	10002490 <__assert_func>
10001036:	2900      	cmp	r1, #0
10001038:	d101      	bne.n	1000103e <alarm_pool_alarm_callback+0x3e>
1000103a:	2800      	cmp	r0, #0
1000103c:	d169      	bne.n	10001112 <alarm_pool_alarm_callback+0x112>
1000103e:	2100      	movs	r1, #0
10001040:	4640      	mov	r0, r8
10001042:	f000 fef9 	bl	10001e38 <ph_remove_head>
10001046:	42a0      	cmp	r0, r4
10001048:	d119      	bne.n	1000107e <alarm_pool_alarm_callback+0x7e>
1000104a:	682a      	ldr	r2, [r5, #0]
1000104c:	686b      	ldr	r3, [r5, #4]
1000104e:	9206      	str	r2, [sp, #24]
10001050:	9307      	str	r3, [sp, #28]
10001052:	68ab      	ldr	r3, [r5, #8]
10001054:	4698      	mov	r8, r3
10001056:	68eb      	ldr	r3, [r5, #12]
10001058:	469a      	mov	sl, r3
1000105a:	4643      	mov	r3, r8
1000105c:	2b00      	cmp	r3, #0
1000105e:	d014      	beq.n	1000108a <alarm_pool_alarm_callback+0x8a>
10001060:	2c00      	cmp	r4, #0
10001062:	d018      	beq.n	10001096 <alarm_pool_alarm_callback+0x96>
10001064:	683b      	ldr	r3, [r7, #0]
10001066:	7b1b      	ldrb	r3, [r3, #12]
10001068:	429c      	cmp	r4, r3
1000106a:	d814      	bhi.n	10001096 <alarm_pool_alarm_callback+0x96>
1000106c:	1e63      	subs	r3, r4, #1
1000106e:	68fa      	ldr	r2, [r7, #12]
10001070:	5cd3      	ldrb	r3, [r2, r3]
10001072:	9308      	str	r3, [sp, #32]
10001074:	021b      	lsls	r3, r3, #8
10001076:	4318      	orrs	r0, r3
10001078:	6138      	str	r0, [r7, #16]
1000107a:	2000      	movs	r0, #0
1000107c:	e015      	b.n	100010aa <alarm_pool_alarm_callback+0xaa>
1000107e:	4ba2      	ldr	r3, [pc, #648]	; (10001308 <alarm_pool_alarm_callback+0x308>)
10001080:	4aa2      	ldr	r2, [pc, #648]	; (1000130c <alarm_pool_alarm_callback+0x30c>)
10001082:	218e      	movs	r1, #142	; 0x8e
10001084:	489f      	ldr	r0, [pc, #636]	; (10001304 <alarm_pool_alarm_callback+0x304>)
10001086:	f001 fa03 	bl	10002490 <__assert_func>
1000108a:	4ba1      	ldr	r3, [pc, #644]	; (10001310 <alarm_pool_alarm_callback+0x310>)
1000108c:	4a9f      	ldr	r2, [pc, #636]	; (1000130c <alarm_pool_alarm_callback+0x30c>)
1000108e:	2192      	movs	r1, #146	; 0x92
10001090:	489c      	ldr	r0, [pc, #624]	; (10001304 <alarm_pool_alarm_callback+0x304>)
10001092:	f001 f9fd 	bl	10002490 <__assert_func>
10001096:	4b99      	ldr	r3, [pc, #612]	; (100012fc <alarm_pool_alarm_callback+0x2fc>)
10001098:	4a9e      	ldr	r2, [pc, #632]	; (10001314 <alarm_pool_alarm_callback+0x314>)
1000109a:	2141      	movs	r1, #65	; 0x41
1000109c:	4899      	ldr	r0, [pc, #612]	; (10001304 <alarm_pool_alarm_callback+0x304>)
1000109e:	f001 f9f7 	bl	10002490 <__assert_func>
100010a2:	2300      	movs	r3, #0
100010a4:	469a      	mov	sl, r3
100010a6:	4698      	mov	r8, r3
100010a8:	2000      	movs	r0, #0
100010aa:	687b      	ldr	r3, [r7, #4]
100010ac:	f3bf 8f5f 	dmb	sy
100010b0:	2200      	movs	r2, #0
100010b2:	601a      	str	r2, [r3, #0]
100010b4:	f386 8810 	msr	PRIMASK, r6
100010b8:	4643      	mov	r3, r8
100010ba:	2b00      	cmp	r3, #0
100010bc:	d132      	bne.n	10001124 <alarm_pool_alarm_callback+0x124>
100010be:	2800      	cmp	r0, #0
100010c0:	d100      	bne.n	100010c4 <alarm_pool_alarm_callback+0xc4>
100010c2:	e10c      	b.n	100012de <alarm_pool_alarm_callback+0x2de>
100010c4:	f000 fbfe 	bl	100018c4 <time_us_64>
100010c8:	0002      	movs	r2, r0
100010ca:	1e0b      	subs	r3, r1, #0
100010cc:	dba7      	blt.n	1000101e <alarm_pool_alarm_callback+0x1e>
100010ce:	2000      	movs	r0, #0
100010d0:	2100      	movs	r1, #0
100010d2:	9006      	str	r0, [sp, #24]
100010d4:	9107      	str	r1, [sp, #28]
100010d6:	6878      	ldr	r0, [r7, #4]
100010d8:	f3ef 8610 	mrs	r6, PRIMASK
100010dc:	b672      	cpsid	i
100010de:	6801      	ldr	r1, [r0, #0]
100010e0:	2900      	cmp	r1, #0
100010e2:	d0fc      	beq.n	100010de <alarm_pool_alarm_callback+0xde>
100010e4:	f3bf 8f5f 	dmb	sy
100010e8:	6839      	ldr	r1, [r7, #0]
100010ea:	4688      	mov	r8, r1
100010ec:	7b4c      	ldrb	r4, [r1, #13]
100010ee:	2c00      	cmp	r4, #0
100010f0:	d0d7      	beq.n	100010a2 <alarm_pool_alarm_callback+0xa2>
100010f2:	d09a      	beq.n	1000102a <alarm_pool_alarm_callback+0x2a>
100010f4:	7b09      	ldrb	r1, [r1, #12]
100010f6:	428c      	cmp	r4, r1
100010f8:	d897      	bhi.n	1000102a <alarm_pool_alarm_callback+0x2a>
100010fa:	4987      	ldr	r1, [pc, #540]	; (10001318 <alarm_pool_alarm_callback+0x318>)
100010fc:	1865      	adds	r5, r4, r1
100010fe:	012d      	lsls	r5, r5, #4
10001100:	68b9      	ldr	r1, [r7, #8]
10001102:	468c      	mov	ip, r1
10001104:	4465      	add	r5, ip
10001106:	6828      	ldr	r0, [r5, #0]
10001108:	6869      	ldr	r1, [r5, #4]
1000110a:	1a80      	subs	r0, r0, r2
1000110c:	4199      	sbcs	r1, r3
1000110e:	2900      	cmp	r1, #0
10001110:	dd91      	ble.n	10001036 <alarm_pool_alarm_callback+0x36>
10001112:	682a      	ldr	r2, [r5, #0]
10001114:	686b      	ldr	r3, [r5, #4]
10001116:	9809      	ldr	r0, [sp, #36]	; 0x24
10001118:	f000 fc60 	bl	100019dc <hardware_alarm_set_target>
1000111c:	2300      	movs	r3, #0
1000111e:	469a      	mov	sl, r3
10001120:	4698      	mov	r8, r3
10001122:	e7c2      	b.n	100010aa <alarm_pool_alarm_callback+0xaa>
10001124:	9b08      	ldr	r3, [sp, #32]
10001126:	021b      	lsls	r3, r3, #8
10001128:	4323      	orrs	r3, r4
1000112a:	4699      	mov	r9, r3
1000112c:	4651      	mov	r1, sl
1000112e:	0018      	movs	r0, r3
10001130:	47c0      	blx	r8
10001132:	0005      	movs	r5, r0
10001134:	000e      	movs	r6, r1
10001136:	687a      	ldr	r2, [r7, #4]
10001138:	f3ef 8b10 	mrs	fp, PRIMASK
1000113c:	b672      	cpsid	i
1000113e:	6813      	ldr	r3, [r2, #0]
10001140:	4259      	negs	r1, r3
10001142:	414b      	adcs	r3, r1
10001144:	b2d9      	uxtb	r1, r3
10001146:	2b00      	cmp	r3, #0
10001148:	d1f9      	bne.n	1000113e <alarm_pool_alarm_callback+0x13e>
1000114a:	f3bf 8f5f 	dmb	sy
1000114e:	2e00      	cmp	r6, #0
10001150:	db1e      	blt.n	10001190 <alarm_pool_alarm_callback+0x190>
10001152:	2e00      	cmp	r6, #0
10001154:	dd46      	ble.n	100011e4 <alarm_pool_alarm_callback+0x1e4>
10001156:	693b      	ldr	r3, [r7, #16]
10001158:	2b00      	cmp	r3, #0
1000115a:	d047      	beq.n	100011ec <alarm_pool_alarm_callback+0x1ec>
1000115c:	454b      	cmp	r3, r9
1000115e:	d16d      	bne.n	1000123c <alarm_pool_alarm_callback+0x23c>
10001160:	f000 fbb0 	bl	100018c4 <time_us_64>
10001164:	0002      	movs	r2, r0
10001166:	1e0b      	subs	r3, r1, #0
10001168:	db6e      	blt.n	10001248 <alarm_pool_alarm_callback+0x248>
1000116a:	1952      	adds	r2, r2, r5
1000116c:	4173      	adcs	r3, r6
1000116e:	2b00      	cmp	r3, #0
10001170:	db70      	blt.n	10001254 <alarm_pool_alarm_callback+0x254>
10001172:	2b00      	cmp	r3, #0
10001174:	db72      	blt.n	1000125c <alarm_pool_alarm_callback+0x25c>
10001176:	2100      	movs	r1, #0
10001178:	9104      	str	r1, [sp, #16]
1000117a:	3101      	adds	r1, #1
1000117c:	9103      	str	r1, [sp, #12]
1000117e:	9402      	str	r4, [sp, #8]
10001180:	4651      	mov	r1, sl
10001182:	9101      	str	r1, [sp, #4]
10001184:	4641      	mov	r1, r8
10001186:	9100      	str	r1, [sp, #0]
10001188:	0038      	movs	r0, r7
1000118a:	f7ff fe7f 	bl	10000e8c <add_alarm_under_lock>
1000118e:	e04c      	b.n	1000122a <alarm_pool_alarm_callback+0x22a>
10001190:	693b      	ldr	r3, [r7, #16]
10001192:	2b00      	cmp	r3, #0
10001194:	d0dd      	beq.n	10001152 <alarm_pool_alarm_callback+0x152>
10001196:	454b      	cmp	r3, r9
10001198:	d114      	bne.n	100011c4 <alarm_pool_alarm_callback+0x1c4>
1000119a:	9a06      	ldr	r2, [sp, #24]
1000119c:	9b07      	ldr	r3, [sp, #28]
1000119e:	1b52      	subs	r2, r2, r5
100011a0:	41b3      	sbcs	r3, r6
100011a2:	2b00      	cmp	r3, #0
100011a4:	db14      	blt.n	100011d0 <alarm_pool_alarm_callback+0x1d0>
100011a6:	2b00      	cmp	r3, #0
100011a8:	db16      	blt.n	100011d8 <alarm_pool_alarm_callback+0x1d8>
100011aa:	2100      	movs	r1, #0
100011ac:	9104      	str	r1, [sp, #16]
100011ae:	3101      	adds	r1, #1
100011b0:	9103      	str	r1, [sp, #12]
100011b2:	9402      	str	r4, [sp, #8]
100011b4:	4651      	mov	r1, sl
100011b6:	9101      	str	r1, [sp, #4]
100011b8:	4641      	mov	r1, r8
100011ba:	9100      	str	r1, [sp, #0]
100011bc:	0038      	movs	r0, r7
100011be:	f7ff fe65 	bl	10000e8c <add_alarm_under_lock>
100011c2:	e032      	b.n	1000122a <alarm_pool_alarm_callback+0x22a>
100011c4:	4b55      	ldr	r3, [pc, #340]	; (1000131c <alarm_pool_alarm_callback+0x31c>)
100011c6:	4a51      	ldr	r2, [pc, #324]	; (1000130c <alarm_pool_alarm_callback+0x30c>)
100011c8:	21a1      	movs	r1, #161	; 0xa1
100011ca:	484e      	ldr	r0, [pc, #312]	; (10001304 <alarm_pool_alarm_callback+0x304>)
100011cc:	f001 f960 	bl	10002490 <__assert_func>
100011d0:	2201      	movs	r2, #1
100011d2:	4252      	negs	r2, r2
100011d4:	4b52      	ldr	r3, [pc, #328]	; (10001320 <alarm_pool_alarm_callback+0x320>)
100011d6:	e7e6      	b.n	100011a6 <alarm_pool_alarm_callback+0x1a6>
100011d8:	4b45      	ldr	r3, [pc, #276]	; (100012f0 <alarm_pool_alarm_callback+0x2f0>)
100011da:	4a46      	ldr	r2, [pc, #280]	; (100012f4 <alarm_pool_alarm_callback+0x2f4>)
100011dc:	213f      	movs	r1, #63	; 0x3f
100011de:	4846      	ldr	r0, [pc, #280]	; (100012f8 <alarm_pool_alarm_callback+0x2f8>)
100011e0:	f001 f956 	bl	10002490 <__assert_func>
100011e4:	2e00      	cmp	r6, #0
100011e6:	d101      	bne.n	100011ec <alarm_pool_alarm_callback+0x1ec>
100011e8:	2d00      	cmp	r5, #0
100011ea:	d1b4      	bne.n	10001156 <alarm_pool_alarm_callback+0x156>
100011ec:	683b      	ldr	r3, [r7, #0]
100011ee:	2c00      	cmp	r4, #0
100011f0:	d050      	beq.n	10001294 <alarm_pool_alarm_callback+0x294>
100011f2:	7b5a      	ldrb	r2, [r3, #13]
100011f4:	4294      	cmp	r4, r2
100011f6:	d137      	bne.n	10001268 <alarm_pool_alarm_callback+0x268>
100011f8:	2101      	movs	r1, #1
100011fa:	2900      	cmp	r1, #0
100011fc:	d14a      	bne.n	10001294 <alarm_pool_alarm_callback+0x294>
100011fe:	7bda      	ldrb	r2, [r3, #15]
10001200:	2a00      	cmp	r2, #0
10001202:	d14d      	bne.n	100012a0 <alarm_pool_alarm_callback+0x2a0>
10001204:	7b9a      	ldrb	r2, [r3, #14]
10001206:	2a00      	cmp	r2, #0
10001208:	d103      	bne.n	10001212 <alarm_pool_alarm_callback+0x212>
1000120a:	7bda      	ldrb	r2, [r3, #15]
1000120c:	2a00      	cmp	r2, #0
1000120e:	d15a      	bne.n	100012c6 <alarm_pool_alarm_callback+0x2c6>
10001210:	739c      	strb	r4, [r3, #14]
10001212:	73dc      	strb	r4, [r3, #15]
10001214:	2c00      	cmp	r4, #0
10001216:	d05c      	beq.n	100012d2 <alarm_pool_alarm_callback+0x2d2>
10001218:	683b      	ldr	r3, [r7, #0]
1000121a:	7b1b      	ldrb	r3, [r3, #12]
1000121c:	429c      	cmp	r4, r3
1000121e:	d858      	bhi.n	100012d2 <alarm_pool_alarm_callback+0x2d2>
10001220:	68fa      	ldr	r2, [r7, #12]
10001222:	3c01      	subs	r4, #1
10001224:	5d13      	ldrb	r3, [r2, r4]
10001226:	3301      	adds	r3, #1
10001228:	5513      	strb	r3, [r2, r4]
1000122a:	2300      	movs	r3, #0
1000122c:	613b      	str	r3, [r7, #16]
1000122e:	687a      	ldr	r2, [r7, #4]
10001230:	f3bf 8f5f 	dmb	sy
10001234:	6013      	str	r3, [r2, #0]
10001236:	f38b 8810 	msr	PRIMASK, fp
1000123a:	e743      	b.n	100010c4 <alarm_pool_alarm_callback+0xc4>
1000123c:	4b37      	ldr	r3, [pc, #220]	; (1000131c <alarm_pool_alarm_callback+0x31c>)
1000123e:	4a33      	ldr	r2, [pc, #204]	; (1000130c <alarm_pool_alarm_callback+0x30c>)
10001240:	21a4      	movs	r1, #164	; 0xa4
10001242:	4830      	ldr	r0, [pc, #192]	; (10001304 <alarm_pool_alarm_callback+0x304>)
10001244:	f001 f924 	bl	10002490 <__assert_func>
10001248:	4b29      	ldr	r3, [pc, #164]	; (100012f0 <alarm_pool_alarm_callback+0x2f0>)
1000124a:	4a2a      	ldr	r2, [pc, #168]	; (100012f4 <alarm_pool_alarm_callback+0x2f4>)
1000124c:	213f      	movs	r1, #63	; 0x3f
1000124e:	482a      	ldr	r0, [pc, #168]	; (100012f8 <alarm_pool_alarm_callback+0x2f8>)
10001250:	f001 f91e 	bl	10002490 <__assert_func>
10001254:	2201      	movs	r2, #1
10001256:	4252      	negs	r2, r2
10001258:	4b31      	ldr	r3, [pc, #196]	; (10001320 <alarm_pool_alarm_callback+0x320>)
1000125a:	e78a      	b.n	10001172 <alarm_pool_alarm_callback+0x172>
1000125c:	4b24      	ldr	r3, [pc, #144]	; (100012f0 <alarm_pool_alarm_callback+0x2f0>)
1000125e:	4a25      	ldr	r2, [pc, #148]	; (100012f4 <alarm_pool_alarm_callback+0x2f4>)
10001260:	213f      	movs	r1, #63	; 0x3f
10001262:	4825      	ldr	r0, [pc, #148]	; (100012f8 <alarm_pool_alarm_callback+0x2f8>)
10001264:	f001 f914 	bl	10002490 <__assert_func>
10001268:	2c00      	cmp	r4, #0
1000126a:	d00d      	beq.n	10001288 <alarm_pool_alarm_callback+0x288>
1000126c:	7b1a      	ldrb	r2, [r3, #12]
1000126e:	4294      	cmp	r4, r2
10001270:	d80a      	bhi.n	10001288 <alarm_pool_alarm_callback+0x288>
10001272:	0062      	lsls	r2, r4, #1
10001274:	1912      	adds	r2, r2, r4
10001276:	3a03      	subs	r2, #3
10001278:	6818      	ldr	r0, [r3, #0]
1000127a:	4684      	mov	ip, r0
1000127c:	4462      	add	r2, ip
1000127e:	7892      	ldrb	r2, [r2, #2]
10001280:	2a00      	cmp	r2, #0
10001282:	d0ba      	beq.n	100011fa <alarm_pool_alarm_callback+0x1fa>
10001284:	2101      	movs	r1, #1
10001286:	e7b8      	b.n	100011fa <alarm_pool_alarm_callback+0x1fa>
10001288:	4b26      	ldr	r3, [pc, #152]	; (10001324 <alarm_pool_alarm_callback+0x324>)
1000128a:	4a27      	ldr	r2, [pc, #156]	; (10001328 <alarm_pool_alarm_callback+0x328>)
1000128c:	2168      	movs	r1, #104	; 0x68
1000128e:	4827      	ldr	r0, [pc, #156]	; (1000132c <alarm_pool_alarm_callback+0x32c>)
10001290:	f001 f8fe 	bl	10002490 <__assert_func>
10001294:	4b26      	ldr	r3, [pc, #152]	; (10001330 <alarm_pool_alarm_callback+0x330>)
10001296:	4a27      	ldr	r2, [pc, #156]	; (10001334 <alarm_pool_alarm_callback+0x334>)
10001298:	21f6      	movs	r1, #246	; 0xf6
1000129a:	4824      	ldr	r0, [pc, #144]	; (1000132c <alarm_pool_alarm_callback+0x32c>)
1000129c:	f001 f8f8 	bl	10002490 <__assert_func>
100012a0:	2a00      	cmp	r2, #0
100012a2:	d00a      	beq.n	100012ba <alarm_pool_alarm_callback+0x2ba>
100012a4:	7b19      	ldrb	r1, [r3, #12]
100012a6:	428a      	cmp	r2, r1
100012a8:	d807      	bhi.n	100012ba <alarm_pool_alarm_callback+0x2ba>
100012aa:	0051      	lsls	r1, r2, #1
100012ac:	188a      	adds	r2, r1, r2
100012ae:	3a03      	subs	r2, #3
100012b0:	6819      	ldr	r1, [r3, #0]
100012b2:	468c      	mov	ip, r1
100012b4:	4462      	add	r2, ip
100012b6:	7054      	strb	r4, [r2, #1]
100012b8:	e7a4      	b.n	10001204 <alarm_pool_alarm_callback+0x204>
100012ba:	4b1a      	ldr	r3, [pc, #104]	; (10001324 <alarm_pool_alarm_callback+0x324>)
100012bc:	4a1a      	ldr	r2, [pc, #104]	; (10001328 <alarm_pool_alarm_callback+0x328>)
100012be:	2168      	movs	r1, #104	; 0x68
100012c0:	481a      	ldr	r0, [pc, #104]	; (1000132c <alarm_pool_alarm_callback+0x32c>)
100012c2:	f001 f8e5 	bl	10002490 <__assert_func>
100012c6:	4b1c      	ldr	r3, [pc, #112]	; (10001338 <alarm_pool_alarm_callback+0x338>)
100012c8:	4a1a      	ldr	r2, [pc, #104]	; (10001334 <alarm_pool_alarm_callback+0x334>)
100012ca:	21fb      	movs	r1, #251	; 0xfb
100012cc:	4817      	ldr	r0, [pc, #92]	; (1000132c <alarm_pool_alarm_callback+0x32c>)
100012ce:	f001 f8df 	bl	10002490 <__assert_func>
100012d2:	4b0a      	ldr	r3, [pc, #40]	; (100012fc <alarm_pool_alarm_callback+0x2fc>)
100012d4:	4a0f      	ldr	r2, [pc, #60]	; (10001314 <alarm_pool_alarm_callback+0x314>)
100012d6:	2141      	movs	r1, #65	; 0x41
100012d8:	480a      	ldr	r0, [pc, #40]	; (10001304 <alarm_pool_alarm_callback+0x304>)
100012da:	f001 f8d9 	bl	10002490 <__assert_func>
100012de:	b00b      	add	sp, #44	; 0x2c
100012e0:	bcf0      	pop	{r4, r5, r6, r7}
100012e2:	46bb      	mov	fp, r7
100012e4:	46b2      	mov	sl, r6
100012e6:	46a9      	mov	r9, r5
100012e8:	46a0      	mov	r8, r4
100012ea:	bdf0      	pop	{r4, r5, r6, r7, pc}
100012ec:	20000d34 	.word	0x20000d34
100012f0:	10005e58 	.word	0x10005e58
100012f4:	100061ac 	.word	0x100061ac
100012f8:	10005e74 	.word	0x10005e74
100012fc:	10005f78 	.word	0x10005f78
10001300:	100061e0 	.word	0x100061e0
10001304:	10005f30 	.word	0x10005f30
10001308:	10006060 	.word	0x10006060
1000130c:	100061c4 	.word	0x100061c4
10001310:	10006078 	.word	0x10006078
10001314:	10006204 	.word	0x10006204
10001318:	0fffffff 	.word	0x0fffffff
1000131c:	10006084 	.word	0x10006084
10001320:	7fffffff 	.word	0x7fffffff
10001324:	10005f9c 	.word	0x10005f9c
10001328:	1000624c 	.word	0x1000624c
1000132c:	10005fb8 	.word	0x10005fb8
10001330:	100060c0 	.word	0x100060c0
10001334:	10006218 	.word	0x10006218
10001338:	100060e4 	.word	0x100060e4

1000133c <alarm_pool_init_default>:
1000133c:	b510      	push	{r4, lr}
1000133e:	4b0c      	ldr	r3, [pc, #48]	; (10001370 <alarm_pool_init_default+0x34>)
10001340:	685b      	ldr	r3, [r3, #4]
10001342:	2b00      	cmp	r3, #0
10001344:	d004      	beq.n	10001350 <alarm_pool_init_default+0x14>
10001346:	210a      	movs	r1, #10
10001348:	480a      	ldr	r0, [pc, #40]	; (10001374 <alarm_pool_init_default+0x38>)
1000134a:	f7ff fc93 	bl	10000c74 <lock_init>
1000134e:	bd10      	pop	{r4, pc}
10001350:	4c07      	ldr	r4, [pc, #28]	; (10001370 <alarm_pool_init_default+0x34>)
10001352:	0023      	movs	r3, r4
10001354:	4a08      	ldr	r2, [pc, #32]	; (10001378 <alarm_pool_init_default+0x3c>)
10001356:	2110      	movs	r1, #16
10001358:	6820      	ldr	r0, [r4, #0]
1000135a:	f000 fc7d 	bl	10001c58 <ph_post_alloc_init>
1000135e:	2003      	movs	r0, #3
10001360:	f000 faa4 	bl	100018ac <hardware_alarm_claim>
10001364:	2103      	movs	r1, #3
10001366:	0020      	movs	r0, r4
10001368:	f7ff fca8 	bl	10000cbc <alarm_pool_post_alloc_init>
1000136c:	e7eb      	b.n	10001346 <alarm_pool_init_default+0xa>
1000136e:	46c0      	nop			; (mov r8, r8)
10001370:	20000284 	.word	0x20000284
10001374:	20000f48 	.word	0x20000f48
10001378:	10000d2d 	.word	0x10000d2d

1000137c <alarm_pool_get_default>:
1000137c:	b510      	push	{r4, lr}
1000137e:	4b06      	ldr	r3, [pc, #24]	; (10001398 <alarm_pool_get_default+0x1c>)
10001380:	685b      	ldr	r3, [r3, #4]
10001382:	2b00      	cmp	r3, #0
10001384:	d001      	beq.n	1000138a <alarm_pool_get_default+0xe>
10001386:	4804      	ldr	r0, [pc, #16]	; (10001398 <alarm_pool_get_default+0x1c>)
10001388:	bd10      	pop	{r4, pc}
1000138a:	4b04      	ldr	r3, [pc, #16]	; (1000139c <alarm_pool_get_default+0x20>)
1000138c:	4a04      	ldr	r2, [pc, #16]	; (100013a0 <alarm_pool_get_default+0x24>)
1000138e:	215e      	movs	r1, #94	; 0x5e
10001390:	4804      	ldr	r0, [pc, #16]	; (100013a4 <alarm_pool_get_default+0x28>)
10001392:	f001 f87d 	bl	10002490 <__assert_func>
10001396:	46c0      	nop			; (mov r8, r8)
10001398:	20000284 	.word	0x20000284
1000139c:	100060f8 	.word	0x100060f8
100013a0:	100061ec 	.word	0x100061ec
100013a4:	10005f30 	.word	0x10005f30

100013a8 <alarm_pool_add_alarm_at>:
100013a8:	b5f0      	push	{r4, r5, r6, r7, lr}
100013aa:	46de      	mov	lr, fp
100013ac:	4657      	mov	r7, sl
100013ae:	464e      	mov	r6, r9
100013b0:	4645      	mov	r5, r8
100013b2:	b5e0      	push	{r5, r6, r7, lr}
100013b4:	b08b      	sub	sp, #44	; 0x2c
100013b6:	4680      	mov	r8, r0
100013b8:	0016      	movs	r6, r2
100013ba:	001f      	movs	r7, r3
100013bc:	9b14      	ldr	r3, [sp, #80]	; 0x50
100013be:	469a      	mov	sl, r3
100013c0:	9b15      	ldr	r3, [sp, #84]	; 0x54
100013c2:	4699      	mov	r9, r3
100013c4:	ab16      	add	r3, sp, #88	; 0x58
100013c6:	781b      	ldrb	r3, [r3, #0]
100013c8:	469b      	mov	fp, r3
100013ca:	231f      	movs	r3, #31
100013cc:	aa02      	add	r2, sp, #8
100013ce:	4694      	mov	ip, r2
100013d0:	4463      	add	r3, ip
100013d2:	2200      	movs	r2, #0
100013d4:	701a      	strb	r2, [r3, #0]
100013d6:	e02b      	b.n	10001430 <alarm_pool_add_alarm_at+0x88>
100013d8:	2800      	cmp	r0, #0
100013da:	d009      	beq.n	100013f0 <alarm_pool_add_alarm_at+0x48>
100013dc:	4642      	mov	r2, r8
100013de:	6812      	ldr	r2, [r2, #0]
100013e0:	7b12      	ldrb	r2, [r2, #12]
100013e2:	4290      	cmp	r0, r2
100013e4:	d804      	bhi.n	100013f0 <alarm_pool_add_alarm_at+0x48>
100013e6:	1e42      	subs	r2, r0, #1
100013e8:	4641      	mov	r1, r8
100013ea:	68c9      	ldr	r1, [r1, #12]
100013ec:	5c8a      	ldrb	r2, [r1, r2]
100013ee:	e041      	b.n	10001474 <alarm_pool_add_alarm_at+0xcc>
100013f0:	4b40      	ldr	r3, [pc, #256]	; (100014f4 <alarm_pool_add_alarm_at+0x14c>)
100013f2:	4a41      	ldr	r2, [pc, #260]	; (100014f8 <alarm_pool_add_alarm_at+0x150>)
100013f4:	2141      	movs	r1, #65	; 0x41
100013f6:	4841      	ldr	r0, [pc, #260]	; (100014fc <alarm_pool_add_alarm_at+0x154>)
100013f8:	f001 f84a 	bl	10002490 <__assert_func>
100013fc:	9807      	ldr	r0, [sp, #28]
100013fe:	e04c      	b.n	1000149a <alarm_pool_add_alarm_at+0xf2>
10001400:	1b36      	subs	r6, r6, r4
10001402:	41af      	sbcs	r7, r5
10001404:	2f00      	cmp	r7, #0
10001406:	db07      	blt.n	10001418 <alarm_pool_add_alarm_at+0x70>
10001408:	2f00      	cmp	r7, #0
1000140a:	da11      	bge.n	10001430 <alarm_pool_add_alarm_at+0x88>
1000140c:	4b3c      	ldr	r3, [pc, #240]	; (10001500 <alarm_pool_add_alarm_at+0x158>)
1000140e:	4a3d      	ldr	r2, [pc, #244]	; (10001504 <alarm_pool_add_alarm_at+0x15c>)
10001410:	213f      	movs	r1, #63	; 0x3f
10001412:	483d      	ldr	r0, [pc, #244]	; (10001508 <alarm_pool_add_alarm_at+0x160>)
10001414:	f001 f83c 	bl	10002490 <__assert_func>
10001418:	2601      	movs	r6, #1
1000141a:	4276      	negs	r6, r6
1000141c:	4f3b      	ldr	r7, [pc, #236]	; (1000150c <alarm_pool_add_alarm_at+0x164>)
1000141e:	e7f3      	b.n	10001408 <alarm_pool_add_alarm_at+0x60>
10001420:	4b37      	ldr	r3, [pc, #220]	; (10001500 <alarm_pool_add_alarm_at+0x158>)
10001422:	4a38      	ldr	r2, [pc, #224]	; (10001504 <alarm_pool_add_alarm_at+0x15c>)
10001424:	213f      	movs	r1, #63	; 0x3f
10001426:	4838      	ldr	r0, [pc, #224]	; (10001508 <alarm_pool_add_alarm_at+0x160>)
10001428:	f001 f832 	bl	10002490 <__assert_func>
1000142c:	2f00      	cmp	r7, #0
1000142e:	db4f      	blt.n	100014d0 <alarm_pool_add_alarm_at+0x128>
10001430:	4643      	mov	r3, r8
10001432:	685a      	ldr	r2, [r3, #4]
10001434:	f3ef 8410 	mrs	r4, PRIMASK
10001438:	b672      	cpsid	i
1000143a:	6813      	ldr	r3, [r2, #0]
1000143c:	4259      	negs	r1, r3
1000143e:	414b      	adcs	r3, r1
10001440:	b2d9      	uxtb	r1, r3
10001442:	9107      	str	r1, [sp, #28]
10001444:	2b00      	cmp	r3, #0
10001446:	d1f8      	bne.n	1000143a <alarm_pool_add_alarm_at+0x92>
10001448:	f3bf 8f5f 	dmb	sy
1000144c:	331f      	adds	r3, #31
1000144e:	aa02      	add	r2, sp, #8
10001450:	4694      	mov	ip, r2
10001452:	4463      	add	r3, ip
10001454:	9304      	str	r3, [sp, #16]
10001456:	2300      	movs	r3, #0
10001458:	9303      	str	r3, [sp, #12]
1000145a:	9302      	str	r3, [sp, #8]
1000145c:	464b      	mov	r3, r9
1000145e:	9301      	str	r3, [sp, #4]
10001460:	4653      	mov	r3, sl
10001462:	9300      	str	r3, [sp, #0]
10001464:	0032      	movs	r2, r6
10001466:	003b      	movs	r3, r7
10001468:	4640      	mov	r0, r8
1000146a:	f7ff fd0f 	bl	10000e8c <add_alarm_under_lock>
1000146e:	1e03      	subs	r3, r0, #0
10001470:	d1b2      	bne.n	100013d8 <alarm_pool_add_alarm_at+0x30>
10001472:	0002      	movs	r2, r0
10001474:	4641      	mov	r1, r8
10001476:	6849      	ldr	r1, [r1, #4]
10001478:	f3bf 8f5f 	dmb	sy
1000147c:	2500      	movs	r5, #0
1000147e:	600d      	str	r5, [r1, #0]
10001480:	f384 8810 	msr	PRIMASK, r4
10001484:	2b00      	cmp	r3, #0
10001486:	d029      	beq.n	100014dc <alarm_pool_add_alarm_at+0x134>
10001488:	231f      	movs	r3, #31
1000148a:	a902      	add	r1, sp, #8
1000148c:	468c      	mov	ip, r1
1000148e:	4463      	add	r3, ip
10001490:	781b      	ldrb	r3, [r3, #0]
10001492:	2b00      	cmp	r3, #0
10001494:	d1b2      	bne.n	100013fc <alarm_pool_add_alarm_at+0x54>
10001496:	0212      	lsls	r2, r2, #8
10001498:	4310      	orrs	r0, r2
1000149a:	2b00      	cmp	r3, #0
1000149c:	d020      	beq.n	100014e0 <alarm_pool_add_alarm_at+0x138>
1000149e:	465b      	mov	r3, fp
100014a0:	2b00      	cmp	r3, #0
100014a2:	d01d      	beq.n	100014e0 <alarm_pool_add_alarm_at+0x138>
100014a4:	4649      	mov	r1, r9
100014a6:	47d0      	blx	sl
100014a8:	0004      	movs	r4, r0
100014aa:	000d      	movs	r5, r1
100014ac:	0003      	movs	r3, r0
100014ae:	430b      	orrs	r3, r1
100014b0:	d01d      	beq.n	100014ee <alarm_pool_add_alarm_at+0x146>
100014b2:	2900      	cmp	r1, #0
100014b4:	dba4      	blt.n	10001400 <alarm_pool_add_alarm_at+0x58>
100014b6:	f000 fa05 	bl	100018c4 <time_us_64>
100014ba:	0006      	movs	r6, r0
100014bc:	1e0f      	subs	r7, r1, #0
100014be:	dbaf      	blt.n	10001420 <alarm_pool_add_alarm_at+0x78>
100014c0:	1936      	adds	r6, r6, r4
100014c2:	416f      	adcs	r7, r5
100014c4:	2f00      	cmp	r7, #0
100014c6:	dab1      	bge.n	1000142c <alarm_pool_add_alarm_at+0x84>
100014c8:	2601      	movs	r6, #1
100014ca:	4276      	negs	r6, r6
100014cc:	4f0f      	ldr	r7, [pc, #60]	; (1000150c <alarm_pool_add_alarm_at+0x164>)
100014ce:	e7ad      	b.n	1000142c <alarm_pool_add_alarm_at+0x84>
100014d0:	4b0b      	ldr	r3, [pc, #44]	; (10001500 <alarm_pool_add_alarm_at+0x158>)
100014d2:	4a0c      	ldr	r2, [pc, #48]	; (10001504 <alarm_pool_add_alarm_at+0x15c>)
100014d4:	213f      	movs	r1, #63	; 0x3f
100014d6:	480c      	ldr	r0, [pc, #48]	; (10001508 <alarm_pool_add_alarm_at+0x160>)
100014d8:	f000 ffda 	bl	10002490 <__assert_func>
100014dc:	2001      	movs	r0, #1
100014de:	4240      	negs	r0, r0
100014e0:	b00b      	add	sp, #44	; 0x2c
100014e2:	bcf0      	pop	{r4, r5, r6, r7}
100014e4:	46bb      	mov	fp, r7
100014e6:	46b2      	mov	sl, r6
100014e8:	46a9      	mov	r9, r5
100014ea:	46a0      	mov	r8, r4
100014ec:	bdf0      	pop	{r4, r5, r6, r7, pc}
100014ee:	9807      	ldr	r0, [sp, #28]
100014f0:	e7f6      	b.n	100014e0 <alarm_pool_add_alarm_at+0x138>
100014f2:	46c0      	nop			; (mov r8, r8)
100014f4:	10005f78 	.word	0x10005f78
100014f8:	10006204 	.word	0x10006204
100014fc:	10005f30 	.word	0x10005f30
10001500:	10005e58 	.word	0x10005e58
10001504:	100061ac 	.word	0x100061ac
10001508:	10005e74 	.word	0x10005e74
1000150c:	7fffffff 	.word	0x7fffffff

10001510 <alarm_pool_cancel_alarm>:
10001510:	b5f8      	push	{r3, r4, r5, r6, r7, lr}
10001512:	0004      	movs	r4, r0
10001514:	2900      	cmp	r1, #0
10001516:	d100      	bne.n	1000151a <alarm_pool_cancel_alarm+0xa>
10001518:	e062      	b.n	100015e0 <alarm_pool_cancel_alarm+0xd0>
1000151a:	6842      	ldr	r2, [r0, #4]
1000151c:	f3ef 8510 	mrs	r5, PRIMASK
10001520:	b672      	cpsid	i
10001522:	6813      	ldr	r3, [r2, #0]
10001524:	4258      	negs	r0, r3
10001526:	4143      	adcs	r3, r0
10001528:	b2d8      	uxtb	r0, r3
1000152a:	2b00      	cmp	r3, #0
1000152c:	d1f9      	bne.n	10001522 <alarm_pool_cancel_alarm+0x12>
1000152e:	f3bf 8f5f 	dmb	sy
10001532:	b2cb      	uxtb	r3, r1
10001534:	6822      	ldr	r2, [r4, #0]
10001536:	7b56      	ldrb	r6, [r2, #13]
10001538:	42b3      	cmp	r3, r6
1000153a:	d11b      	bne.n	10001574 <alarm_pool_cancel_alarm+0x64>
1000153c:	2001      	movs	r0, #1
1000153e:	2800      	cmp	r0, #0
10001540:	d048      	beq.n	100015d4 <alarm_pool_cancel_alarm+0xc4>
10001542:	6920      	ldr	r0, [r4, #16]
10001544:	4288      	cmp	r0, r1
10001546:	d02b      	beq.n	100015a0 <alarm_pool_cancel_alarm+0x90>
10001548:	0a09      	lsrs	r1, r1, #8
1000154a:	b2c9      	uxtb	r1, r1
1000154c:	2b00      	cmp	r3, #0
1000154e:	d02e      	beq.n	100015ae <alarm_pool_cancel_alarm+0x9e>
10001550:	6820      	ldr	r0, [r4, #0]
10001552:	7b00      	ldrb	r0, [r0, #12]
10001554:	4283      	cmp	r3, r0
10001556:	d82a      	bhi.n	100015ae <alarm_pool_cancel_alarm+0x9e>
10001558:	1e58      	subs	r0, r3, #1
1000155a:	68e6      	ldr	r6, [r4, #12]
1000155c:	5c30      	ldrb	r0, [r6, r0]
1000155e:	4288      	cmp	r0, r1
10001560:	d02b      	beq.n	100015ba <alarm_pool_cancel_alarm+0xaa>
10001562:	2000      	movs	r0, #0
10001564:	6863      	ldr	r3, [r4, #4]
10001566:	f3bf 8f5f 	dmb	sy
1000156a:	2200      	movs	r2, #0
1000156c:	601a      	str	r2, [r3, #0]
1000156e:	f385 8810 	msr	PRIMASK, r5
10001572:	bdf8      	pop	{r3, r4, r5, r6, r7, pc}
10001574:	2b00      	cmp	r3, #0
10001576:	d00d      	beq.n	10001594 <alarm_pool_cancel_alarm+0x84>
10001578:	7b16      	ldrb	r6, [r2, #12]
1000157a:	42b3      	cmp	r3, r6
1000157c:	d80a      	bhi.n	10001594 <alarm_pool_cancel_alarm+0x84>
1000157e:	005e      	lsls	r6, r3, #1
10001580:	18f6      	adds	r6, r6, r3
10001582:	3e03      	subs	r6, #3
10001584:	6817      	ldr	r7, [r2, #0]
10001586:	46bc      	mov	ip, r7
10001588:	4466      	add	r6, ip
1000158a:	78b6      	ldrb	r6, [r6, #2]
1000158c:	2e00      	cmp	r6, #0
1000158e:	d0d6      	beq.n	1000153e <alarm_pool_cancel_alarm+0x2e>
10001590:	2001      	movs	r0, #1
10001592:	e7d4      	b.n	1000153e <alarm_pool_cancel_alarm+0x2e>
10001594:	4b13      	ldr	r3, [pc, #76]	; (100015e4 <alarm_pool_cancel_alarm+0xd4>)
10001596:	4a14      	ldr	r2, [pc, #80]	; (100015e8 <alarm_pool_cancel_alarm+0xd8>)
10001598:	2168      	movs	r1, #104	; 0x68
1000159a:	4814      	ldr	r0, [pc, #80]	; (100015ec <alarm_pool_cancel_alarm+0xdc>)
1000159c:	f000 ff78 	bl	10002490 <__assert_func>
100015a0:	212c      	movs	r1, #44	; 0x2c
100015a2:	4b13      	ldr	r3, [pc, #76]	; (100015f0 <alarm_pool_cancel_alarm+0xe0>)
100015a4:	4a13      	ldr	r2, [pc, #76]	; (100015f4 <alarm_pool_cancel_alarm+0xe4>)
100015a6:	31ff      	adds	r1, #255	; 0xff
100015a8:	4813      	ldr	r0, [pc, #76]	; (100015f8 <alarm_pool_cancel_alarm+0xe8>)
100015aa:	f000 ff71 	bl	10002490 <__assert_func>
100015ae:	4b13      	ldr	r3, [pc, #76]	; (100015fc <alarm_pool_cancel_alarm+0xec>)
100015b0:	4a13      	ldr	r2, [pc, #76]	; (10001600 <alarm_pool_cancel_alarm+0xf0>)
100015b2:	2141      	movs	r1, #65	; 0x41
100015b4:	4810      	ldr	r0, [pc, #64]	; (100015f8 <alarm_pool_cancel_alarm+0xe8>)
100015b6:	f000 ff6b 	bl	10002490 <__assert_func>
100015ba:	0019      	movs	r1, r3
100015bc:	0010      	movs	r0, r2
100015be:	f000 fc45 	bl	10001e4c <ph_remove_and_free_node>
100015c2:	2800      	cmp	r0, #0
100015c4:	d1ce      	bne.n	10001564 <alarm_pool_cancel_alarm+0x54>
100015c6:	2199      	movs	r1, #153	; 0x99
100015c8:	4b0e      	ldr	r3, [pc, #56]	; (10001604 <alarm_pool_cancel_alarm+0xf4>)
100015ca:	4a0a      	ldr	r2, [pc, #40]	; (100015f4 <alarm_pool_cancel_alarm+0xe4>)
100015cc:	0049      	lsls	r1, r1, #1
100015ce:	480a      	ldr	r0, [pc, #40]	; (100015f8 <alarm_pool_cancel_alarm+0xe8>)
100015d0:	f000 ff5e 	bl	10002490 <__assert_func>
100015d4:	6923      	ldr	r3, [r4, #16]
100015d6:	428b      	cmp	r3, r1
100015d8:	d1c4      	bne.n	10001564 <alarm_pool_cancel_alarm+0x54>
100015da:	2300      	movs	r3, #0
100015dc:	6123      	str	r3, [r4, #16]
100015de:	e7c1      	b.n	10001564 <alarm_pool_cancel_alarm+0x54>
100015e0:	2000      	movs	r0, #0
100015e2:	e7c6      	b.n	10001572 <alarm_pool_cancel_alarm+0x62>
100015e4:	10005f9c 	.word	0x10005f9c
100015e8:	1000624c 	.word	0x1000624c
100015ec:	10005fb8 	.word	0x10005fb8
100015f0:	1000611c 	.word	0x1000611c
100015f4:	10006194 	.word	0x10006194
100015f8:	10005f30 	.word	0x10005f30
100015fc:	10005f78 	.word	0x10005f78
10001600:	10006204 	.word	0x10006204
10001604:	10006140 	.word	0x10006140

10001608 <sleep_until>:
10001608:	b5f0      	push	{r4, r5, r6, r7, lr}
1000160a:	b087      	sub	sp, #28
1000160c:	0006      	movs	r6, r0
1000160e:	000f      	movs	r7, r1
10001610:	f3ef 8305 	mrs	r3, IPSR
10001614:	2b00      	cmp	r3, #0
10001616:	d11f      	bne.n	10001658 <sleep_until+0x50>
10001618:	2406      	movs	r4, #6
1000161a:	4264      	negs	r4, r4
1000161c:	17e5      	asrs	r5, r4, #31
1000161e:	19a4      	adds	r4, r4, r6
10001620:	417d      	adcs	r5, r7
10001622:	428d      	cmp	r5, r1
10001624:	d802      	bhi.n	1000162c <sleep_until+0x24>
10001626:	d103      	bne.n	10001630 <sleep_until+0x28>
10001628:	4284      	cmp	r4, r0
1000162a:	d901      	bls.n	10001630 <sleep_until+0x28>
1000162c:	2400      	movs	r4, #0
1000162e:	2500      	movs	r5, #0
10001630:	2d00      	cmp	r5, #0
10001632:	db14      	blt.n	1000165e <sleep_until+0x56>
10001634:	9404      	str	r4, [sp, #16]
10001636:	9505      	str	r5, [sp, #20]
10001638:	f000 f944 	bl	100018c4 <time_us_64>
1000163c:	0002      	movs	r2, r0
1000163e:	1e0b      	subs	r3, r1, #0
10001640:	db13      	blt.n	1000166a <sleep_until+0x62>
10001642:	1aa4      	subs	r4, r4, r2
10001644:	419d      	sbcs	r5, r3
10001646:	2d00      	cmp	r5, #0
10001648:	dc17      	bgt.n	1000167a <sleep_until+0x72>
1000164a:	d014      	beq.n	10001676 <sleep_until+0x6e>
1000164c:	0030      	movs	r0, r6
1000164e:	0039      	movs	r1, r7
10001650:	f000 f944 	bl	100018dc <busy_wait_until>
10001654:	b007      	add	sp, #28
10001656:	bdf0      	pop	{r4, r5, r6, r7, pc}
10001658:	4823      	ldr	r0, [pc, #140]	; (100016e8 <sleep_until+0xe0>)
1000165a:	f000 ffb3 	bl	100025c4 <panic>
1000165e:	4b23      	ldr	r3, [pc, #140]	; (100016ec <sleep_until+0xe4>)
10001660:	4a23      	ldr	r2, [pc, #140]	; (100016f0 <sleep_until+0xe8>)
10001662:	213f      	movs	r1, #63	; 0x3f
10001664:	4823      	ldr	r0, [pc, #140]	; (100016f4 <sleep_until+0xec>)
10001666:	f000 ff13 	bl	10002490 <__assert_func>
1000166a:	4b20      	ldr	r3, [pc, #128]	; (100016ec <sleep_until+0xe4>)
1000166c:	4a20      	ldr	r2, [pc, #128]	; (100016f0 <sleep_until+0xe8>)
1000166e:	213f      	movs	r1, #63	; 0x3f
10001670:	4820      	ldr	r0, [pc, #128]	; (100016f4 <sleep_until+0xec>)
10001672:	f000 ff0d 	bl	10002490 <__assert_func>
10001676:	2c00      	cmp	r4, #0
10001678:	d0e8      	beq.n	1000164c <sleep_until+0x44>
1000167a:	f7ff fe7f 	bl	1000137c <alarm_pool_get_default>
1000167e:	2300      	movs	r3, #0
10001680:	9302      	str	r3, [sp, #8]
10001682:	9301      	str	r3, [sp, #4]
10001684:	4b1c      	ldr	r3, [pc, #112]	; (100016f8 <sleep_until+0xf0>)
10001686:	9300      	str	r3, [sp, #0]
10001688:	9a04      	ldr	r2, [sp, #16]
1000168a:	9b05      	ldr	r3, [sp, #20]
1000168c:	f7ff fe8c 	bl	100013a8 <alarm_pool_add_alarm_at>
10001690:	2800      	cmp	r0, #0
10001692:	da18      	bge.n	100016c6 <sleep_until+0xbe>
10001694:	e7da      	b.n	1000164c <sleep_until+0x44>
10001696:	2300      	movs	r3, #0
10001698:	e000      	b.n	1000169c <sleep_until+0x94>
1000169a:	2300      	movs	r3, #0
1000169c:	2b00      	cmp	r3, #0
1000169e:	d1d5      	bne.n	1000164c <sleep_until+0x44>
100016a0:	4b16      	ldr	r3, [pc, #88]	; (100016fc <sleep_until+0xf4>)
100016a2:	681a      	ldr	r2, [r3, #0]
100016a4:	f3ef 8110 	mrs	r1, PRIMASK
100016a8:	b672      	cpsid	i
100016aa:	6813      	ldr	r3, [r2, #0]
100016ac:	2b00      	cmp	r3, #0
100016ae:	d0fc      	beq.n	100016aa <sleep_until+0xa2>
100016b0:	f3bf 8f5f 	dmb	sy
100016b4:	4b11      	ldr	r3, [pc, #68]	; (100016fc <sleep_until+0xf4>)
100016b6:	681b      	ldr	r3, [r3, #0]
100016b8:	f3bf 8f5f 	dmb	sy
100016bc:	2200      	movs	r2, #0
100016be:	601a      	str	r2, [r3, #0]
100016c0:	f381 8810 	msr	PRIMASK, r1
100016c4:	bf20      	wfe
100016c6:	9904      	ldr	r1, [sp, #16]
100016c8:	9a05      	ldr	r2, [sp, #20]
100016ca:	4b0d      	ldr	r3, [pc, #52]	; (10001700 <sleep_until+0xf8>)
100016cc:	6a5b      	ldr	r3, [r3, #36]	; 0x24
100016ce:	429a      	cmp	r2, r3
100016d0:	d8e3      	bhi.n	1000169a <sleep_until+0x92>
100016d2:	480b      	ldr	r0, [pc, #44]	; (10001700 <sleep_until+0xf8>)
100016d4:	6a80      	ldr	r0, [r0, #40]	; 0x28
100016d6:	4288      	cmp	r0, r1
100016d8:	d203      	bcs.n	100016e2 <sleep_until+0xda>
100016da:	429a      	cmp	r2, r3
100016dc:	d0db      	beq.n	10001696 <sleep_until+0x8e>
100016de:	2301      	movs	r3, #1
100016e0:	e7dc      	b.n	1000169c <sleep_until+0x94>
100016e2:	2301      	movs	r3, #1
100016e4:	e7da      	b.n	1000169c <sleep_until+0x94>
100016e6:	46c0      	nop			; (mov r8, r8)
100016e8:	10006144 	.word	0x10006144
100016ec:	10005e58 	.word	0x10005e58
100016f0:	100061ac 	.word	0x100061ac
100016f4:	10005e74 	.word	0x10005e74
100016f8:	10000cfd 	.word	0x10000cfd
100016fc:	20000f48 	.word	0x20000f48
10001700:	40054000 	.word	0x40054000

10001704 <sleep_us>:
10001704:	b570      	push	{r4, r5, r6, lr}
10001706:	0004      	movs	r4, r0
10001708:	000d      	movs	r5, r1
1000170a:	f000 f8db 	bl	100018c4 <time_us_64>
1000170e:	0002      	movs	r2, r0
10001710:	1e0b      	subs	r3, r1, #0
10001712:	db0a      	blt.n	1000172a <sleep_us+0x26>
10001714:	0020      	movs	r0, r4
10001716:	0029      	movs	r1, r5
10001718:	1880      	adds	r0, r0, r2
1000171a:	4159      	adcs	r1, r3
1000171c:	2900      	cmp	r1, #0
1000171e:	db0a      	blt.n	10001736 <sleep_us+0x32>
10001720:	2900      	cmp	r1, #0
10001722:	db0c      	blt.n	1000173e <sleep_us+0x3a>
10001724:	f7ff ff70 	bl	10001608 <sleep_until>
10001728:	bd70      	pop	{r4, r5, r6, pc}
1000172a:	4b08      	ldr	r3, [pc, #32]	; (1000174c <sleep_us+0x48>)
1000172c:	4a08      	ldr	r2, [pc, #32]	; (10001750 <sleep_us+0x4c>)
1000172e:	213f      	movs	r1, #63	; 0x3f
10001730:	4808      	ldr	r0, [pc, #32]	; (10001754 <sleep_us+0x50>)
10001732:	f000 fead 	bl	10002490 <__assert_func>
10001736:	2001      	movs	r0, #1
10001738:	4240      	negs	r0, r0
1000173a:	4907      	ldr	r1, [pc, #28]	; (10001758 <sleep_us+0x54>)
1000173c:	e7f0      	b.n	10001720 <sleep_us+0x1c>
1000173e:	4b03      	ldr	r3, [pc, #12]	; (1000174c <sleep_us+0x48>)
10001740:	4a03      	ldr	r2, [pc, #12]	; (10001750 <sleep_us+0x4c>)
10001742:	213f      	movs	r1, #63	; 0x3f
10001744:	4803      	ldr	r0, [pc, #12]	; (10001754 <sleep_us+0x50>)
10001746:	f000 fea3 	bl	10002490 <__assert_func>
1000174a:	46c0      	nop			; (mov r8, r8)
1000174c:	10005e58 	.word	0x10005e58
10001750:	100061ac 	.word	0x100061ac
10001754:	10005e74 	.word	0x10005e74
10001758:	7fffffff 	.word	0x7fffffff

1000175c <sleep_ms>:
1000175c:	b510      	push	{r4, lr}
1000175e:	22fa      	movs	r2, #250	; 0xfa
10001760:	0092      	lsls	r2, r2, #2
10001762:	2300      	movs	r3, #0
10001764:	2100      	movs	r1, #0
10001766:	f002 fe7d 	bl	10004464 <__wrap___aeabi_lmul>
1000176a:	f7ff ffcb 	bl	10001704 <sleep_us>
1000176e:	bd10      	pop	{r4, pc}

10001770 <best_effort_wfe_or_timeout>:
10001770:	b570      	push	{r4, r5, r6, lr}
10001772:	b084      	sub	sp, #16
10001774:	0005      	movs	r5, r0
10001776:	000c      	movs	r4, r1
10001778:	f3ef 8305 	mrs	r3, IPSR
1000177c:	2b00      	cmp	r3, #0
1000177e:	d11e      	bne.n	100017be <best_effort_wfe_or_timeout+0x4e>
10001780:	f7ff fdfc 	bl	1000137c <alarm_pool_get_default>
10001784:	2300      	movs	r3, #0
10001786:	9302      	str	r3, [sp, #8]
10001788:	9301      	str	r3, [sp, #4]
1000178a:	4b22      	ldr	r3, [pc, #136]	; (10001814 <best_effort_wfe_or_timeout+0xa4>)
1000178c:	9300      	str	r3, [sp, #0]
1000178e:	002a      	movs	r2, r5
10001790:	0023      	movs	r3, r4
10001792:	f7ff fe09 	bl	100013a8 <alarm_pool_add_alarm_at>
10001796:	1e06      	subs	r6, r0, #0
10001798:	dd23      	ble.n	100017e2 <best_effort_wfe_or_timeout+0x72>
1000179a:	bf20      	wfe
1000179c:	f7ff fdee 	bl	1000137c <alarm_pool_get_default>
100017a0:	0031      	movs	r1, r6
100017a2:	f7ff feb5 	bl	10001510 <alarm_pool_cancel_alarm>
100017a6:	4b1c      	ldr	r3, [pc, #112]	; (10001818 <best_effort_wfe_or_timeout+0xa8>)
100017a8:	6a5b      	ldr	r3, [r3, #36]	; 0x24
100017aa:	429c      	cmp	r4, r3
100017ac:	d82d      	bhi.n	1000180a <best_effort_wfe_or_timeout+0x9a>
100017ae:	4a1a      	ldr	r2, [pc, #104]	; (10001818 <best_effort_wfe_or_timeout+0xa8>)
100017b0:	6a92      	ldr	r2, [r2, #40]	; 0x28
100017b2:	42aa      	cmp	r2, r5
100017b4:	d22c      	bcs.n	10001810 <best_effort_wfe_or_timeout+0xa0>
100017b6:	429c      	cmp	r4, r3
100017b8:	d025      	beq.n	10001806 <best_effort_wfe_or_timeout+0x96>
100017ba:	2001      	movs	r0, #1
100017bc:	e026      	b.n	1000180c <best_effort_wfe_or_timeout+0x9c>
100017be:	4b16      	ldr	r3, [pc, #88]	; (10001818 <best_effort_wfe_or_timeout+0xa8>)
100017c0:	6a5b      	ldr	r3, [r3, #36]	; 0x24
100017c2:	4299      	cmp	r1, r3
100017c4:	d809      	bhi.n	100017da <best_effort_wfe_or_timeout+0x6a>
100017c6:	4a14      	ldr	r2, [pc, #80]	; (10001818 <best_effort_wfe_or_timeout+0xa8>)
100017c8:	6a92      	ldr	r2, [r2, #40]	; 0x28
100017ca:	4282      	cmp	r2, r0
100017cc:	d207      	bcs.n	100017de <best_effort_wfe_or_timeout+0x6e>
100017ce:	4299      	cmp	r1, r3
100017d0:	d001      	beq.n	100017d6 <best_effort_wfe_or_timeout+0x66>
100017d2:	2001      	movs	r0, #1
100017d4:	e01a      	b.n	1000180c <best_effort_wfe_or_timeout+0x9c>
100017d6:	2000      	movs	r0, #0
100017d8:	e018      	b.n	1000180c <best_effort_wfe_or_timeout+0x9c>
100017da:	2000      	movs	r0, #0
100017dc:	e016      	b.n	1000180c <best_effort_wfe_or_timeout+0x9c>
100017de:	2001      	movs	r0, #1
100017e0:	e014      	b.n	1000180c <best_effort_wfe_or_timeout+0x9c>
100017e2:	4b0d      	ldr	r3, [pc, #52]	; (10001818 <best_effort_wfe_or_timeout+0xa8>)
100017e4:	6a5b      	ldr	r3, [r3, #36]	; 0x24
100017e6:	429c      	cmp	r4, r3
100017e8:	d809      	bhi.n	100017fe <best_effort_wfe_or_timeout+0x8e>
100017ea:	4a0b      	ldr	r2, [pc, #44]	; (10001818 <best_effort_wfe_or_timeout+0xa8>)
100017ec:	6a92      	ldr	r2, [r2, #40]	; 0x28
100017ee:	42aa      	cmp	r2, r5
100017f0:	d207      	bcs.n	10001802 <best_effort_wfe_or_timeout+0x92>
100017f2:	429c      	cmp	r4, r3
100017f4:	d001      	beq.n	100017fa <best_effort_wfe_or_timeout+0x8a>
100017f6:	2001      	movs	r0, #1
100017f8:	e008      	b.n	1000180c <best_effort_wfe_or_timeout+0x9c>
100017fa:	2000      	movs	r0, #0
100017fc:	e006      	b.n	1000180c <best_effort_wfe_or_timeout+0x9c>
100017fe:	2000      	movs	r0, #0
10001800:	e004      	b.n	1000180c <best_effort_wfe_or_timeout+0x9c>
10001802:	2001      	movs	r0, #1
10001804:	e002      	b.n	1000180c <best_effort_wfe_or_timeout+0x9c>
10001806:	2000      	movs	r0, #0
10001808:	e000      	b.n	1000180c <best_effort_wfe_or_timeout+0x9c>
1000180a:	2000      	movs	r0, #0
1000180c:	b004      	add	sp, #16
1000180e:	bd70      	pop	{r4, r5, r6, pc}
10001810:	2001      	movs	r0, #1
10001812:	e7fb      	b.n	1000180c <best_effort_wfe_or_timeout+0x9c>
10001814:	10000cfd 	.word	0x10000cfd
10001818:	40054000 	.word	0x40054000

1000181c <hardware_alarm_irq_handler>:
1000181c:	b570      	push	{r4, r5, r6, lr}
1000181e:	f3ef 8005 	mrs	r0, IPSR
10001822:	3810      	subs	r0, #16
10001824:	f3ef 8c10 	mrs	ip, PRIMASK
10001828:	b672      	cpsid	i
1000182a:	4b1a      	ldr	r3, [pc, #104]	; (10001894 <hardware_alarm_irq_handler+0x78>)
1000182c:	681b      	ldr	r3, [r3, #0]
1000182e:	2b00      	cmp	r3, #0
10001830:	d0fb      	beq.n	1000182a <hardware_alarm_irq_handler+0xe>
10001832:	f3bf 8f5f 	dmb	sy
10001836:	2201      	movs	r2, #1
10001838:	0013      	movs	r3, r2
1000183a:	4083      	lsls	r3, r0
1000183c:	4916      	ldr	r1, [pc, #88]	; (10001898 <hardware_alarm_irq_handler+0x7c>)
1000183e:	634b      	str	r3, [r1, #52]	; 0x34
10001840:	4916      	ldr	r1, [pc, #88]	; (1000189c <hardware_alarm_irq_handler+0x80>)
10001842:	600b      	str	r3, [r1, #0]
10001844:	4916      	ldr	r1, [pc, #88]	; (100018a0 <hardware_alarm_irq_handler+0x84>)
10001846:	7809      	ldrb	r1, [r1, #0]
10001848:	000c      	movs	r4, r1
1000184a:	40c4      	lsrs	r4, r0
1000184c:	4222      	tst	r2, r4
1000184e:	d014      	beq.n	1000187a <hardware_alarm_irq_handler+0x5e>
10001850:	4a11      	ldr	r2, [pc, #68]	; (10001898 <hardware_alarm_irq_handler+0x7c>)
10001852:	6a54      	ldr	r4, [r2, #36]	; 0x24
10001854:	0082      	lsls	r2, r0, #2
10001856:	4d13      	ldr	r5, [pc, #76]	; (100018a4 <hardware_alarm_irq_handler+0x88>)
10001858:	5952      	ldr	r2, [r2, r5]
1000185a:	4294      	cmp	r4, r2
1000185c:	d306      	bcc.n	1000186c <hardware_alarm_irq_handler+0x50>
1000185e:	0082      	lsls	r2, r0, #2
10001860:	4c11      	ldr	r4, [pc, #68]	; (100018a8 <hardware_alarm_irq_handler+0x8c>)
10001862:	5912      	ldr	r2, [r2, r4]
10001864:	4399      	bics	r1, r3
10001866:	4b0e      	ldr	r3, [pc, #56]	; (100018a0 <hardware_alarm_irq_handler+0x84>)
10001868:	7019      	strb	r1, [r3, #0]
1000186a:	e007      	b.n	1000187c <hardware_alarm_irq_handler+0x60>
1000186c:	4a0a      	ldr	r2, [pc, #40]	; (10001898 <hardware_alarm_irq_handler+0x7c>)
1000186e:	1d03      	adds	r3, r0, #4
10001870:	009b      	lsls	r3, r3, #2
10001872:	5899      	ldr	r1, [r3, r2]
10001874:	5099      	str	r1, [r3, r2]
10001876:	2200      	movs	r2, #0
10001878:	e000      	b.n	1000187c <hardware_alarm_irq_handler+0x60>
1000187a:	2200      	movs	r2, #0
1000187c:	f3bf 8f5f 	dmb	sy
10001880:	4b04      	ldr	r3, [pc, #16]	; (10001894 <hardware_alarm_irq_handler+0x78>)
10001882:	2100      	movs	r1, #0
10001884:	6019      	str	r1, [r3, #0]
10001886:	f38c 8810 	msr	PRIMASK, ip
1000188a:	2a00      	cmp	r2, #0
1000188c:	d000      	beq.n	10001890 <hardware_alarm_irq_handler+0x74>
1000188e:	4790      	blx	r2
10001890:	bd70      	pop	{r4, r5, r6, pc}
10001892:	46c0      	nop			; (mov r8, r8)
10001894:	d0000128 	.word	0xd0000128
10001898:	40054000 	.word	0x40054000
1000189c:	4005703c 	.word	0x4005703c
100018a0:	20000f66 	.word	0x20000f66
100018a4:	20000f4c 	.word	0x20000f4c
100018a8:	20000ca4 	.word	0x20000ca4

100018ac <hardware_alarm_claim>:
100018ac:	b510      	push	{r4, lr}
100018ae:	0001      	movs	r1, r0
100018b0:	4a02      	ldr	r2, [pc, #8]	; (100018bc <hardware_alarm_claim+0x10>)
100018b2:	4803      	ldr	r0, [pc, #12]	; (100018c0 <hardware_alarm_claim+0x14>)
100018b4:	f7fe ff9c 	bl	100007f0 <hw_claim_or_assert>
100018b8:	bd10      	pop	{r4, pc}
100018ba:	46c0      	nop			; (mov r8, r8)
100018bc:	10006270 	.word	0x10006270
100018c0:	20000f64 	.word	0x20000f64

100018c4 <time_us_64>:
100018c4:	4b04      	ldr	r3, [pc, #16]	; (100018d8 <time_us_64+0x14>)
100018c6:	6a5b      	ldr	r3, [r3, #36]	; 0x24
100018c8:	4a03      	ldr	r2, [pc, #12]	; (100018d8 <time_us_64+0x14>)
100018ca:	6a90      	ldr	r0, [r2, #40]	; 0x28
100018cc:	0019      	movs	r1, r3
100018ce:	6a53      	ldr	r3, [r2, #36]	; 0x24
100018d0:	4299      	cmp	r1, r3
100018d2:	d1f9      	bne.n	100018c8 <time_us_64+0x4>
100018d4:	4770      	bx	lr
100018d6:	46c0      	nop			; (mov r8, r8)
100018d8:	40054000 	.word	0x40054000

100018dc <busy_wait_until>:
100018dc:	4b08      	ldr	r3, [pc, #32]	; (10001900 <busy_wait_until+0x24>)
100018de:	6a5b      	ldr	r3, [r3, #36]	; 0x24
100018e0:	e001      	b.n	100018e6 <busy_wait_until+0xa>
100018e2:	4b07      	ldr	r3, [pc, #28]	; (10001900 <busy_wait_until+0x24>)
100018e4:	6a5b      	ldr	r3, [r3, #36]	; 0x24
100018e6:	428b      	cmp	r3, r1
100018e8:	d3fb      	bcc.n	100018e2 <busy_wait_until+0x6>
100018ea:	e001      	b.n	100018f0 <busy_wait_until+0x14>
100018ec:	4b04      	ldr	r3, [pc, #16]	; (10001900 <busy_wait_until+0x24>)
100018ee:	6a5b      	ldr	r3, [r3, #36]	; 0x24
100018f0:	428b      	cmp	r3, r1
100018f2:	d103      	bne.n	100018fc <busy_wait_until+0x20>
100018f4:	4b02      	ldr	r3, [pc, #8]	; (10001900 <busy_wait_until+0x24>)
100018f6:	6a9b      	ldr	r3, [r3, #40]	; 0x28
100018f8:	4283      	cmp	r3, r0
100018fa:	d3f7      	bcc.n	100018ec <busy_wait_until+0x10>
100018fc:	4770      	bx	lr
100018fe:	46c0      	nop			; (mov r8, r8)
10001900:	40054000 	.word	0x40054000

10001904 <busy_wait_us>:
10001904:	b570      	push	{r4, r5, r6, lr}
10001906:	0004      	movs	r4, r0
10001908:	000d      	movs	r5, r1
1000190a:	f7ff ffdb 	bl	100018c4 <time_us_64>
1000190e:	0002      	movs	r2, r0
10001910:	000b      	movs	r3, r1
10001912:	0020      	movs	r0, r4
10001914:	0029      	movs	r1, r5
10001916:	1880      	adds	r0, r0, r2
10001918:	4159      	adcs	r1, r3
1000191a:	428b      	cmp	r3, r1
1000191c:	d802      	bhi.n	10001924 <busy_wait_us+0x20>
1000191e:	d104      	bne.n	1000192a <busy_wait_us+0x26>
10001920:	4282      	cmp	r2, r0
10001922:	d902      	bls.n	1000192a <busy_wait_us+0x26>
10001924:	2001      	movs	r0, #1
10001926:	4240      	negs	r0, r0
10001928:	17c1      	asrs	r1, r0, #31
1000192a:	2900      	cmp	r1, #0
1000192c:	db02      	blt.n	10001934 <busy_wait_us+0x30>
1000192e:	f7ff ffd5 	bl	100018dc <busy_wait_until>
10001932:	bd70      	pop	{r4, r5, r6, pc}
10001934:	4b02      	ldr	r3, [pc, #8]	; (10001940 <busy_wait_us+0x3c>)
10001936:	4a03      	ldr	r2, [pc, #12]	; (10001944 <busy_wait_us+0x40>)
10001938:	213f      	movs	r1, #63	; 0x3f
1000193a:	4803      	ldr	r0, [pc, #12]	; (10001948 <busy_wait_us+0x44>)
1000193c:	f000 fda8 	bl	10002490 <__assert_func>
10001940:	10005e58 	.word	0x10005e58
10001944:	10006324 	.word	0x10006324
10001948:	10005e74 	.word	0x10005e74

1000194c <hardware_alarm_set_callback>:
1000194c:	b570      	push	{r4, r5, r6, lr}
1000194e:	0004      	movs	r4, r0
10001950:	000d      	movs	r5, r1
10001952:	f3ef 8610 	mrs	r6, PRIMASK
10001956:	b672      	cpsid	i
10001958:	4b1b      	ldr	r3, [pc, #108]	; (100019c8 <hardware_alarm_set_callback+0x7c>)
1000195a:	681b      	ldr	r3, [r3, #0]
1000195c:	2b00      	cmp	r3, #0
1000195e:	d0fb      	beq.n	10001958 <hardware_alarm_set_callback+0xc>
10001960:	f3bf 8f5f 	dmb	sy
10001964:	2d00      	cmp	r5, #0
10001966:	d01c      	beq.n	100019a2 <hardware_alarm_set_callback+0x56>
10001968:	0020      	movs	r0, r4
1000196a:	f7fe fff5 	bl	10000958 <irq_get_vtable_handler>
1000196e:	4b17      	ldr	r3, [pc, #92]	; (100019cc <hardware_alarm_set_callback+0x80>)
10001970:	4283      	cmp	r3, r0
10001972:	d00b      	beq.n	1000198c <hardware_alarm_set_callback+0x40>
10001974:	0019      	movs	r1, r3
10001976:	0020      	movs	r0, r4
10001978:	f7fe fff6 	bl	10000968 <irq_set_exclusive_handler>
1000197c:	2101      	movs	r1, #1
1000197e:	0020      	movs	r0, r4
10001980:	f7fe ffe2 	bl	10000948 <irq_set_enabled>
10001984:	2301      	movs	r3, #1
10001986:	40a3      	lsls	r3, r4
10001988:	4a11      	ldr	r2, [pc, #68]	; (100019d0 <hardware_alarm_set_callback+0x84>)
1000198a:	6013      	str	r3, [r2, #0]
1000198c:	00a4      	lsls	r4, r4, #2
1000198e:	4b11      	ldr	r3, [pc, #68]	; (100019d4 <hardware_alarm_set_callback+0x88>)
10001990:	50e5      	str	r5, [r4, r3]
10001992:	f3bf 8f5f 	dmb	sy
10001996:	4b0c      	ldr	r3, [pc, #48]	; (100019c8 <hardware_alarm_set_callback+0x7c>)
10001998:	2200      	movs	r2, #0
1000199a:	601a      	str	r2, [r3, #0]
1000199c:	f386 8810 	msr	PRIMASK, r6
100019a0:	bd70      	pop	{r4, r5, r6, pc}
100019a2:	00a2      	lsls	r2, r4, #2
100019a4:	4b0b      	ldr	r3, [pc, #44]	; (100019d4 <hardware_alarm_set_callback+0x88>)
100019a6:	2100      	movs	r1, #0
100019a8:	50d1      	str	r1, [r2, r3]
100019aa:	2201      	movs	r2, #1
100019ac:	40a2      	lsls	r2, r4
100019ae:	490a      	ldr	r1, [pc, #40]	; (100019d8 <hardware_alarm_set_callback+0x8c>)
100019b0:	780b      	ldrb	r3, [r1, #0]
100019b2:	4393      	bics	r3, r2
100019b4:	700b      	strb	r3, [r1, #0]
100019b6:	4905      	ldr	r1, [pc, #20]	; (100019cc <hardware_alarm_set_callback+0x80>)
100019b8:	0020      	movs	r0, r4
100019ba:	f7fe ffff 	bl	100009bc <irq_remove_handler>
100019be:	2100      	movs	r1, #0
100019c0:	0020      	movs	r0, r4
100019c2:	f7fe ffc1 	bl	10000948 <irq_set_enabled>
100019c6:	e7e4      	b.n	10001992 <hardware_alarm_set_callback+0x46>
100019c8:	d0000128 	.word	0xd0000128
100019cc:	1000181d 	.word	0x1000181d
100019d0:	40056038 	.word	0x40056038
100019d4:	20000ca4 	.word	0x20000ca4
100019d8:	20000f66 	.word	0x20000f66

100019dc <hardware_alarm_set_target>:
100019dc:	b5f0      	push	{r4, r5, r6, r7, lr}
100019de:	46de      	mov	lr, fp
100019e0:	b500      	push	{lr}
100019e2:	b084      	sub	sp, #16
100019e4:	0004      	movs	r4, r0
100019e6:	0015      	movs	r5, r2
100019e8:	9201      	str	r2, [sp, #4]
100019ea:	001e      	movs	r6, r3
100019ec:	9302      	str	r3, [sp, #8]
100019ee:	f7ff ff69 	bl	100018c4 <time_us_64>
100019f2:	9503      	str	r5, [sp, #12]
100019f4:	428e      	cmp	r6, r1
100019f6:	d802      	bhi.n	100019fe <hardware_alarm_set_target+0x22>
100019f8:	d14e      	bne.n	10001a98 <hardware_alarm_set_target+0xbc>
100019fa:	4285      	cmp	r5, r0
100019fc:	d94c      	bls.n	10001a98 <hardware_alarm_set_target+0xbc>
100019fe:	f3ef 8b10 	mrs	fp, PRIMASK
10001a02:	b672      	cpsid	i
10001a04:	4b27      	ldr	r3, [pc, #156]	; (10001aa4 <hardware_alarm_set_target+0xc8>)
10001a06:	681b      	ldr	r3, [r3, #0]
10001a08:	2b00      	cmp	r3, #0
10001a0a:	d0fb      	beq.n	10001a04 <hardware_alarm_set_target+0x28>
10001a0c:	f3bf 8f5f 	dmb	sy
10001a10:	4a25      	ldr	r2, [pc, #148]	; (10001aa8 <hardware_alarm_set_target+0xcc>)
10001a12:	7817      	ldrb	r7, [r2, #0]
10001a14:	2501      	movs	r5, #1
10001a16:	40a5      	lsls	r5, r4
10001a18:	b2eb      	uxtb	r3, r5
10001a1a:	433b      	orrs	r3, r7
10001a1c:	7013      	strb	r3, [r2, #0]
10001a1e:	4b23      	ldr	r3, [pc, #140]	; (10001aac <hardware_alarm_set_target+0xd0>)
10001a20:	635d      	str	r5, [r3, #52]	; 0x34
10001a22:	1d22      	adds	r2, r4, #4
10001a24:	0092      	lsls	r2, r2, #2
10001a26:	9901      	ldr	r1, [sp, #4]
10001a28:	50d1      	str	r1, [r2, r3]
10001a2a:	00a2      	lsls	r2, r4, #2
10001a2c:	4920      	ldr	r1, [pc, #128]	; (10001ab0 <hardware_alarm_set_target+0xd4>)
10001a2e:	9802      	ldr	r0, [sp, #8]
10001a30:	5050      	str	r0, [r2, r1]
10001a32:	6a1b      	ldr	r3, [r3, #32]
10001a34:	422b      	tst	r3, r5
10001a36:	d112      	bne.n	10001a5e <hardware_alarm_set_target+0x82>
10001a38:	4b1c      	ldr	r3, [pc, #112]	; (10001aac <hardware_alarm_set_target+0xd0>)
10001a3a:	6c1b      	ldr	r3, [r3, #64]	; 0x40
10001a3c:	422b      	tst	r3, r5
10001a3e:	d008      	beq.n	10001a52 <hardware_alarm_set_target+0x76>
10001a40:	2000      	movs	r0, #0
10001a42:	f3bf 8f5f 	dmb	sy
10001a46:	4b17      	ldr	r3, [pc, #92]	; (10001aa4 <hardware_alarm_set_target+0xc8>)
10001a48:	2200      	movs	r2, #0
10001a4a:	601a      	str	r2, [r3, #0]
10001a4c:	f38b 8810 	msr	PRIMASK, fp
10001a50:	e023      	b.n	10001a9a <hardware_alarm_set_target+0xbe>
10001a52:	4b18      	ldr	r3, [pc, #96]	; (10001ab4 <hardware_alarm_set_target+0xd8>)
10001a54:	4a18      	ldr	r2, [pc, #96]	; (10001ab8 <hardware_alarm_set_target+0xdc>)
10001a56:	21c5      	movs	r1, #197	; 0xc5
10001a58:	4818      	ldr	r0, [pc, #96]	; (10001abc <hardware_alarm_set_target+0xe0>)
10001a5a:	f000 fd19 	bl	10002490 <__assert_func>
10001a5e:	f7ff ff31 	bl	100018c4 <time_us_64>
10001a62:	428e      	cmp	r6, r1
10001a64:	d814      	bhi.n	10001a90 <hardware_alarm_set_target+0xb4>
10001a66:	d102      	bne.n	10001a6e <hardware_alarm_set_target+0x92>
10001a68:	9b03      	ldr	r3, [sp, #12]
10001a6a:	4283      	cmp	r3, r0
10001a6c:	d810      	bhi.n	10001a90 <hardware_alarm_set_target+0xb4>
10001a6e:	4b0e      	ldr	r3, [pc, #56]	; (10001aa8 <hardware_alarm_set_target+0xcc>)
10001a70:	781b      	ldrb	r3, [r3, #0]
10001a72:	42bb      	cmp	r3, r7
10001a74:	d00e      	beq.n	10001a94 <hardware_alarm_set_target+0xb8>
10001a76:	4b0d      	ldr	r3, [pc, #52]	; (10001aac <hardware_alarm_set_target+0xd0>)
10001a78:	621d      	str	r5, [r3, #32]
10001a7a:	635d      	str	r5, [r3, #52]	; 0x34
10001a7c:	201f      	movs	r0, #31
10001a7e:	4004      	ands	r4, r0
10001a80:	2301      	movs	r3, #1
10001a82:	40a3      	lsls	r3, r4
10001a84:	4a0e      	ldr	r2, [pc, #56]	; (10001ac0 <hardware_alarm_set_target+0xe4>)
10001a86:	6013      	str	r3, [r2, #0]
10001a88:	4b07      	ldr	r3, [pc, #28]	; (10001aa8 <hardware_alarm_set_target+0xcc>)
10001a8a:	701f      	strb	r7, [r3, #0]
10001a8c:	381e      	subs	r0, #30
10001a8e:	e7d8      	b.n	10001a42 <hardware_alarm_set_target+0x66>
10001a90:	2000      	movs	r0, #0
10001a92:	e7d6      	b.n	10001a42 <hardware_alarm_set_target+0x66>
10001a94:	2001      	movs	r0, #1
10001a96:	e7d4      	b.n	10001a42 <hardware_alarm_set_target+0x66>
10001a98:	2001      	movs	r0, #1
10001a9a:	b004      	add	sp, #16
10001a9c:	bc80      	pop	{r7}
10001a9e:	46bb      	mov	fp, r7
10001aa0:	bdf0      	pop	{r4, r5, r6, r7, pc}
10001aa2:	46c0      	nop			; (mov r8, r8)
10001aa4:	d0000128 	.word	0xd0000128
10001aa8:	20000f66 	.word	0x20000f66
10001aac:	40054000 	.word	0x40054000
10001ab0:	20000f4c 	.word	0x20000f4c
10001ab4:	10006294 	.word	0x10006294
10001ab8:	10006308 	.word	0x10006308
10001abc:	100062b8 	.word	0x100062b8
10001ac0:	e000e280 	.word	0xe000e280

10001ac4 <hardware_alarm_cancel>:
10001ac4:	f3ef 8c10 	mrs	ip, PRIMASK
10001ac8:	b672      	cpsid	i
10001aca:	4b0b      	ldr	r3, [pc, #44]	; (10001af8 <hardware_alarm_cancel+0x34>)
10001acc:	681b      	ldr	r3, [r3, #0]
10001ace:	2b00      	cmp	r3, #0
10001ad0:	d0fb      	beq.n	10001aca <hardware_alarm_cancel+0x6>
10001ad2:	f3bf 8f5f 	dmb	sy
10001ad6:	2301      	movs	r3, #1
10001ad8:	4083      	lsls	r3, r0
10001ada:	4a08      	ldr	r2, [pc, #32]	; (10001afc <hardware_alarm_cancel+0x38>)
10001adc:	6213      	str	r3, [r2, #32]
10001ade:	4908      	ldr	r1, [pc, #32]	; (10001b00 <hardware_alarm_cancel+0x3c>)
10001ae0:	780a      	ldrb	r2, [r1, #0]
10001ae2:	439a      	bics	r2, r3
10001ae4:	700a      	strb	r2, [r1, #0]
10001ae6:	f3bf 8f5f 	dmb	sy
10001aea:	4b03      	ldr	r3, [pc, #12]	; (10001af8 <hardware_alarm_cancel+0x34>)
10001aec:	2200      	movs	r2, #0
10001aee:	601a      	str	r2, [r3, #0]
10001af0:	f38c 8810 	msr	PRIMASK, ip
10001af4:	4770      	bx	lr
10001af6:	46c0      	nop			; (mov r8, r8)
10001af8:	d0000128 	.word	0xd0000128
10001afc:	40054000 	.word	0x40054000
10001b00:	20000f66 	.word	0x20000f66

10001b04 <ph_add_child_node>:
10001b04:	b510      	push	{r4, lr}
10001b06:	2900      	cmp	r1, #0
10001b08:	d01e      	beq.n	10001b48 <ph_add_child_node+0x44>
10001b0a:	7b03      	ldrb	r3, [r0, #12]
10001b0c:	4299      	cmp	r1, r3
10001b0e:	d81b      	bhi.n	10001b48 <ph_add_child_node+0x44>
10001b10:	004b      	lsls	r3, r1, #1
10001b12:	185b      	adds	r3, r3, r1
10001b14:	3b03      	subs	r3, #3
10001b16:	6804      	ldr	r4, [r0, #0]
10001b18:	46a4      	mov	ip, r4
10001b1a:	4463      	add	r3, ip
10001b1c:	2900      	cmp	r1, #0
10001b1e:	d019      	beq.n	10001b54 <ph_add_child_node+0x50>
10001b20:	2a00      	cmp	r2, #0
10001b22:	d01d      	beq.n	10001b60 <ph_add_child_node+0x5c>
10001b24:	4291      	cmp	r1, r2
10001b26:	d021      	beq.n	10001b6c <ph_add_child_node+0x68>
10001b28:	2a00      	cmp	r2, #0
10001b2a:	d025      	beq.n	10001b78 <ph_add_child_node+0x74>
10001b2c:	7b04      	ldrb	r4, [r0, #12]
10001b2e:	42a2      	cmp	r2, r4
10001b30:	d822      	bhi.n	10001b78 <ph_add_child_node+0x74>
10001b32:	6804      	ldr	r4, [r0, #0]
10001b34:	0050      	lsls	r0, r2, #1
10001b36:	1880      	adds	r0, r0, r2
10001b38:	3803      	subs	r0, #3
10001b3a:	1820      	adds	r0, r4, r0
10001b3c:	7081      	strb	r1, [r0, #2]
10001b3e:	7819      	ldrb	r1, [r3, #0]
10001b40:	2900      	cmp	r1, #0
10001b42:	d11f      	bne.n	10001b84 <ph_add_child_node+0x80>
10001b44:	701a      	strb	r2, [r3, #0]
10001b46:	bd10      	pop	{r4, pc}
10001b48:	4b10      	ldr	r3, [pc, #64]	; (10001b8c <ph_add_child_node+0x88>)
10001b4a:	4a11      	ldr	r2, [pc, #68]	; (10001b90 <ph_add_child_node+0x8c>)
10001b4c:	2168      	movs	r1, #104	; 0x68
10001b4e:	4811      	ldr	r0, [pc, #68]	; (10001b94 <ph_add_child_node+0x90>)
10001b50:	f000 fc9e 	bl	10002490 <__assert_func>
10001b54:	4b10      	ldr	r3, [pc, #64]	; (10001b98 <ph_add_child_node+0x94>)
10001b56:	4a11      	ldr	r2, [pc, #68]	; (10001b9c <ph_add_child_node+0x98>)
10001b58:	316f      	adds	r1, #111	; 0x6f
10001b5a:	480e      	ldr	r0, [pc, #56]	; (10001b94 <ph_add_child_node+0x90>)
10001b5c:	f000 fc98 	bl	10002490 <__assert_func>
10001b60:	4b0f      	ldr	r3, [pc, #60]	; (10001ba0 <ph_add_child_node+0x9c>)
10001b62:	4a0e      	ldr	r2, [pc, #56]	; (10001b9c <ph_add_child_node+0x98>)
10001b64:	2170      	movs	r1, #112	; 0x70
10001b66:	480b      	ldr	r0, [pc, #44]	; (10001b94 <ph_add_child_node+0x90>)
10001b68:	f000 fc92 	bl	10002490 <__assert_func>
10001b6c:	4b0d      	ldr	r3, [pc, #52]	; (10001ba4 <ph_add_child_node+0xa0>)
10001b6e:	4a0b      	ldr	r2, [pc, #44]	; (10001b9c <ph_add_child_node+0x98>)
10001b70:	2171      	movs	r1, #113	; 0x71
10001b72:	4808      	ldr	r0, [pc, #32]	; (10001b94 <ph_add_child_node+0x90>)
10001b74:	f000 fc8c 	bl	10002490 <__assert_func>
10001b78:	4b04      	ldr	r3, [pc, #16]	; (10001b8c <ph_add_child_node+0x88>)
10001b7a:	4a05      	ldr	r2, [pc, #20]	; (10001b90 <ph_add_child_node+0x8c>)
10001b7c:	2168      	movs	r1, #104	; 0x68
10001b7e:	4805      	ldr	r0, [pc, #20]	; (10001b94 <ph_add_child_node+0x90>)
10001b80:	f000 fc86 	bl	10002490 <__assert_func>
10001b84:	7041      	strb	r1, [r0, #1]
10001b86:	701a      	strb	r2, [r3, #0]
10001b88:	e7dd      	b.n	10001b46 <ph_add_child_node+0x42>
10001b8a:	46c0      	nop			; (mov r8, r8)
10001b8c:	10005f9c 	.word	0x10005f9c
10001b90:	10006438 	.word	0x10006438
10001b94:	10005fb8 	.word	0x10005fb8
10001b98:	10006008 	.word	0x10006008
10001b9c:	10006424 	.word	0x10006424
10001ba0:	10006014 	.word	0x10006014
10001ba4:	10006020 	.word	0x10006020

10001ba8 <ph_merge_nodes>:
10001ba8:	b570      	push	{r4, r5, r6, lr}
10001baa:	0006      	movs	r6, r0
10001bac:	000d      	movs	r5, r1
10001bae:	0014      	movs	r4, r2
10001bb0:	2900      	cmp	r1, #0
10001bb2:	d014      	beq.n	10001bde <ph_merge_nodes+0x36>
10001bb4:	2a00      	cmp	r2, #0
10001bb6:	d014      	beq.n	10001be2 <ph_merge_nodes+0x3a>
10001bb8:	6880      	ldr	r0, [r0, #8]
10001bba:	6873      	ldr	r3, [r6, #4]
10001bbc:	4798      	blx	r3
10001bbe:	2800      	cmp	r0, #0
10001bc0:	d006      	beq.n	10001bd0 <ph_merge_nodes+0x28>
10001bc2:	0022      	movs	r2, r4
10001bc4:	0029      	movs	r1, r5
10001bc6:	0030      	movs	r0, r6
10001bc8:	f7ff ff9c 	bl	10001b04 <ph_add_child_node>
10001bcc:	0028      	movs	r0, r5
10001bce:	e007      	b.n	10001be0 <ph_merge_nodes+0x38>
10001bd0:	002a      	movs	r2, r5
10001bd2:	0021      	movs	r1, r4
10001bd4:	0030      	movs	r0, r6
10001bd6:	f7ff ff95 	bl	10001b04 <ph_add_child_node>
10001bda:	0020      	movs	r0, r4
10001bdc:	e000      	b.n	10001be0 <ph_merge_nodes+0x38>
10001bde:	0010      	movs	r0, r2
10001be0:	bd70      	pop	{r4, r5, r6, pc}
10001be2:	0008      	movs	r0, r1
10001be4:	e7fc      	b.n	10001be0 <ph_merge_nodes+0x38>
	...

10001be8 <ph_clear>:
10001be8:	b510      	push	{r4, lr}
10001bea:	2300      	movs	r3, #0
10001bec:	7343      	strb	r3, [r0, #13]
10001bee:	3301      	adds	r3, #1
10001bf0:	7383      	strb	r3, [r0, #14]
10001bf2:	7b03      	ldrb	r3, [r0, #12]
10001bf4:	73c3      	strb	r3, [r0, #15]
10001bf6:	2301      	movs	r3, #1
10001bf8:	7b02      	ldrb	r2, [r0, #12]
10001bfa:	429a      	cmp	r2, r3
10001bfc:	d914      	bls.n	10001c28 <ph_clear+0x40>
10001bfe:	2b00      	cmp	r3, #0
10001c00:	d00c      	beq.n	10001c1c <ph_clear+0x34>
10001c02:	7b02      	ldrb	r2, [r0, #12]
10001c04:	4293      	cmp	r3, r2
10001c06:	d809      	bhi.n	10001c1c <ph_clear+0x34>
10001c08:	005a      	lsls	r2, r3, #1
10001c0a:	18d2      	adds	r2, r2, r3
10001c0c:	3a03      	subs	r2, #3
10001c0e:	6801      	ldr	r1, [r0, #0]
10001c10:	468c      	mov	ip, r1
10001c12:	4462      	add	r2, ip
10001c14:	3301      	adds	r3, #1
10001c16:	b2db      	uxtb	r3, r3
10001c18:	7053      	strb	r3, [r2, #1]
10001c1a:	e7ed      	b.n	10001bf8 <ph_clear+0x10>
10001c1c:	4b0b      	ldr	r3, [pc, #44]	; (10001c4c <ph_clear+0x64>)
10001c1e:	4a0c      	ldr	r2, [pc, #48]	; (10001c50 <ph_clear+0x68>)
10001c20:	2168      	movs	r1, #104	; 0x68
10001c22:	480c      	ldr	r0, [pc, #48]	; (10001c54 <ph_clear+0x6c>)
10001c24:	f000 fc34 	bl	10002490 <__assert_func>
10001c28:	2a00      	cmp	r2, #0
10001c2a:	d009      	beq.n	10001c40 <ph_clear+0x58>
10001c2c:	4292      	cmp	r2, r2
10001c2e:	d807      	bhi.n	10001c40 <ph_clear+0x58>
10001c30:	6801      	ldr	r1, [r0, #0]
10001c32:	0053      	lsls	r3, r2, #1
10001c34:	189a      	adds	r2, r3, r2
10001c36:	3a03      	subs	r2, #3
10001c38:	188a      	adds	r2, r1, r2
10001c3a:	2300      	movs	r3, #0
10001c3c:	7053      	strb	r3, [r2, #1]
10001c3e:	bd10      	pop	{r4, pc}
10001c40:	4b02      	ldr	r3, [pc, #8]	; (10001c4c <ph_clear+0x64>)
10001c42:	4a03      	ldr	r2, [pc, #12]	; (10001c50 <ph_clear+0x68>)
10001c44:	2168      	movs	r1, #104	; 0x68
10001c46:	4803      	ldr	r0, [pc, #12]	; (10001c54 <ph_clear+0x6c>)
10001c48:	f000 fc22 	bl	10002490 <__assert_func>
10001c4c:	10005f9c 	.word	0x10005f9c
10001c50:	10006438 	.word	0x10006438
10001c54:	10005fb8 	.word	0x10005fb8

10001c58 <ph_post_alloc_init>:
10001c58:	b510      	push	{r4, lr}
10001c5a:	7301      	strb	r1, [r0, #12]
10001c5c:	6042      	str	r2, [r0, #4]
10001c5e:	6083      	str	r3, [r0, #8]
10001c60:	f7ff ffc2 	bl	10001be8 <ph_clear>
10001c64:	bd10      	pop	{r4, pc}
	...

10001c68 <ph_merge_two_pass>:
10001c68:	b570      	push	{r4, r5, r6, lr}
10001c6a:	0004      	movs	r4, r0
10001c6c:	1e08      	subs	r0, r1, #0
10001c6e:	d100      	bne.n	10001c72 <ph_merge_two_pass+0xa>
10001c70:	bd70      	pop	{r4, r5, r6, pc}
10001c72:	2900      	cmp	r1, #0
10001c74:	d034      	beq.n	10001ce0 <ph_merge_two_pass+0x78>
10001c76:	7b23      	ldrb	r3, [r4, #12]
10001c78:	4299      	cmp	r1, r3
10001c7a:	d831      	bhi.n	10001ce0 <ph_merge_two_pass+0x78>
10001c7c:	004b      	lsls	r3, r1, #1
10001c7e:	185b      	adds	r3, r3, r1
10001c80:	3b03      	subs	r3, #3
10001c82:	6822      	ldr	r2, [r4, #0]
10001c84:	4694      	mov	ip, r2
10001c86:	4463      	add	r3, ip
10001c88:	785a      	ldrb	r2, [r3, #1]
10001c8a:	2a00      	cmp	r2, #0
10001c8c:	d0f0      	beq.n	10001c70 <ph_merge_two_pass+0x8>
10001c8e:	d02d      	beq.n	10001cec <ph_merge_two_pass+0x84>
10001c90:	7b23      	ldrb	r3, [r4, #12]
10001c92:	429a      	cmp	r2, r3
10001c94:	d82a      	bhi.n	10001cec <ph_merge_two_pass+0x84>
10001c96:	0053      	lsls	r3, r2, #1
10001c98:	189b      	adds	r3, r3, r2
10001c9a:	3b03      	subs	r3, #3
10001c9c:	6821      	ldr	r1, [r4, #0]
10001c9e:	468c      	mov	ip, r1
10001ca0:	4463      	add	r3, ip
10001ca2:	785d      	ldrb	r5, [r3, #1]
10001ca4:	2100      	movs	r1, #0
10001ca6:	7059      	strb	r1, [r3, #1]
10001ca8:	2800      	cmp	r0, #0
10001caa:	d025      	beq.n	10001cf8 <ph_merge_two_pass+0x90>
10001cac:	7b23      	ldrb	r3, [r4, #12]
10001cae:	4298      	cmp	r0, r3
10001cb0:	d822      	bhi.n	10001cf8 <ph_merge_two_pass+0x90>
10001cb2:	0043      	lsls	r3, r0, #1
10001cb4:	181b      	adds	r3, r3, r0
10001cb6:	3b03      	subs	r3, #3
10001cb8:	6821      	ldr	r1, [r4, #0]
10001cba:	468c      	mov	ip, r1
10001cbc:	4463      	add	r3, ip
10001cbe:	2100      	movs	r1, #0
10001cc0:	7059      	strb	r1, [r3, #1]
10001cc2:	0001      	movs	r1, r0
10001cc4:	0020      	movs	r0, r4
10001cc6:	f7ff ff6f 	bl	10001ba8 <ph_merge_nodes>
10001cca:	0006      	movs	r6, r0
10001ccc:	0029      	movs	r1, r5
10001cce:	0020      	movs	r0, r4
10001cd0:	f7ff ffca 	bl	10001c68 <ph_merge_two_pass>
10001cd4:	0002      	movs	r2, r0
10001cd6:	0031      	movs	r1, r6
10001cd8:	0020      	movs	r0, r4
10001cda:	f7ff ff65 	bl	10001ba8 <ph_merge_nodes>
10001cde:	e7c7      	b.n	10001c70 <ph_merge_two_pass+0x8>
10001ce0:	4b08      	ldr	r3, [pc, #32]	; (10001d04 <ph_merge_two_pass+0x9c>)
10001ce2:	4a09      	ldr	r2, [pc, #36]	; (10001d08 <ph_merge_two_pass+0xa0>)
10001ce4:	2168      	movs	r1, #104	; 0x68
10001ce6:	4809      	ldr	r0, [pc, #36]	; (10001d0c <ph_merge_two_pass+0xa4>)
10001ce8:	f000 fbd2 	bl	10002490 <__assert_func>
10001cec:	4b05      	ldr	r3, [pc, #20]	; (10001d04 <ph_merge_two_pass+0x9c>)
10001cee:	4a06      	ldr	r2, [pc, #24]	; (10001d08 <ph_merge_two_pass+0xa0>)
10001cf0:	2168      	movs	r1, #104	; 0x68
10001cf2:	4806      	ldr	r0, [pc, #24]	; (10001d0c <ph_merge_two_pass+0xa4>)
10001cf4:	f000 fbcc 	bl	10002490 <__assert_func>
10001cf8:	4b02      	ldr	r3, [pc, #8]	; (10001d04 <ph_merge_two_pass+0x9c>)
10001cfa:	4a03      	ldr	r2, [pc, #12]	; (10001d08 <ph_merge_two_pass+0xa0>)
10001cfc:	2168      	movs	r1, #104	; 0x68
10001cfe:	4803      	ldr	r0, [pc, #12]	; (10001d0c <ph_merge_two_pass+0xa4>)
10001d00:	f000 fbc6 	bl	10002490 <__assert_func>
10001d04:	10005f9c 	.word	0x10005f9c
10001d08:	10006438 	.word	0x10006438
10001d0c:	10005fb8 	.word	0x10005fb8

10001d10 <ph_remove_any_head>:
10001d10:	b570      	push	{r4, r5, r6, lr}
10001d12:	0005      	movs	r5, r0
10001d14:	000c      	movs	r4, r1
10001d16:	0016      	movs	r6, r2
10001d18:	2900      	cmp	r1, #0
10001d1a:	d02f      	beq.n	10001d7c <ph_remove_any_head+0x6c>
10001d1c:	d034      	beq.n	10001d88 <ph_remove_any_head+0x78>
10001d1e:	7b03      	ldrb	r3, [r0, #12]
10001d20:	4299      	cmp	r1, r3
10001d22:	d831      	bhi.n	10001d88 <ph_remove_any_head+0x78>
10001d24:	004b      	lsls	r3, r1, #1
10001d26:	185b      	adds	r3, r3, r1
10001d28:	3b03      	subs	r3, #3
10001d2a:	6802      	ldr	r2, [r0, #0]
10001d2c:	4694      	mov	ip, r2
10001d2e:	4463      	add	r3, ip
10001d30:	785a      	ldrb	r2, [r3, #1]
10001d32:	2a00      	cmp	r2, #0
10001d34:	d12e      	bne.n	10001d94 <ph_remove_any_head+0x84>
10001d36:	789a      	ldrb	r2, [r3, #2]
10001d38:	2a00      	cmp	r2, #0
10001d3a:	d131      	bne.n	10001da0 <ph_remove_any_head+0x90>
10001d3c:	7819      	ldrb	r1, [r3, #0]
10001d3e:	f7ff ff93 	bl	10001c68 <ph_merge_two_pass>
10001d42:	0003      	movs	r3, r0
10001d44:	2e00      	cmp	r6, #0
10001d46:	d00a      	beq.n	10001d5e <ph_remove_any_head+0x4e>
10001d48:	7bea      	ldrb	r2, [r5, #15]
10001d4a:	2a00      	cmp	r2, #0
10001d4c:	d12e      	bne.n	10001dac <ph_remove_any_head+0x9c>
10001d4e:	7baa      	ldrb	r2, [r5, #14]
10001d50:	2a00      	cmp	r2, #0
10001d52:	d103      	bne.n	10001d5c <ph_remove_any_head+0x4c>
10001d54:	7bea      	ldrb	r2, [r5, #15]
10001d56:	2a00      	cmp	r2, #0
10001d58:	d13b      	bne.n	10001dd2 <ph_remove_any_head+0xc2>
10001d5a:	73ac      	strb	r4, [r5, #14]
10001d5c:	73ec      	strb	r4, [r5, #15]
10001d5e:	2b00      	cmp	r3, #0
10001d60:	d13d      	bne.n	10001dde <ph_remove_any_head+0xce>
10001d62:	2c00      	cmp	r4, #0
10001d64:	d04f      	beq.n	10001e06 <ph_remove_any_head+0xf6>
10001d66:	7b2b      	ldrb	r3, [r5, #12]
10001d68:	429c      	cmp	r4, r3
10001d6a:	d84c      	bhi.n	10001e06 <ph_remove_any_head+0xf6>
10001d6c:	682b      	ldr	r3, [r5, #0]
10001d6e:	0061      	lsls	r1, r4, #1
10001d70:	190c      	adds	r4, r1, r4
10001d72:	3c03      	subs	r4, #3
10001d74:	191c      	adds	r4, r3, r4
10001d76:	2300      	movs	r3, #0
10001d78:	7063      	strb	r3, [r4, #1]
10001d7a:	bd70      	pop	{r4, r5, r6, pc}
10001d7c:	4b25      	ldr	r3, [pc, #148]	; (10001e14 <ph_remove_any_head+0x104>)
10001d7e:	4a26      	ldr	r2, [pc, #152]	; (10001e18 <ph_remove_any_head+0x108>)
10001d80:	2138      	movs	r1, #56	; 0x38
10001d82:	4826      	ldr	r0, [pc, #152]	; (10001e1c <ph_remove_any_head+0x10c>)
10001d84:	f000 fb84 	bl	10002490 <__assert_func>
10001d88:	4b25      	ldr	r3, [pc, #148]	; (10001e20 <ph_remove_any_head+0x110>)
10001d8a:	4a26      	ldr	r2, [pc, #152]	; (10001e24 <ph_remove_any_head+0x114>)
10001d8c:	2168      	movs	r1, #104	; 0x68
10001d8e:	4826      	ldr	r0, [pc, #152]	; (10001e28 <ph_remove_any_head+0x118>)
10001d90:	f000 fb7e 	bl	10002490 <__assert_func>
10001d94:	4b25      	ldr	r3, [pc, #148]	; (10001e2c <ph_remove_any_head+0x11c>)
10001d96:	4a20      	ldr	r2, [pc, #128]	; (10001e18 <ph_remove_any_head+0x108>)
10001d98:	213a      	movs	r1, #58	; 0x3a
10001d9a:	4820      	ldr	r0, [pc, #128]	; (10001e1c <ph_remove_any_head+0x10c>)
10001d9c:	f000 fb78 	bl	10002490 <__assert_func>
10001da0:	4b23      	ldr	r3, [pc, #140]	; (10001e30 <ph_remove_any_head+0x120>)
10001da2:	4a1d      	ldr	r2, [pc, #116]	; (10001e18 <ph_remove_any_head+0x108>)
10001da4:	213b      	movs	r1, #59	; 0x3b
10001da6:	481d      	ldr	r0, [pc, #116]	; (10001e1c <ph_remove_any_head+0x10c>)
10001da8:	f000 fb72 	bl	10002490 <__assert_func>
10001dac:	2a00      	cmp	r2, #0
10001dae:	d00a      	beq.n	10001dc6 <ph_remove_any_head+0xb6>
10001db0:	7b29      	ldrb	r1, [r5, #12]
10001db2:	428a      	cmp	r2, r1
10001db4:	d807      	bhi.n	10001dc6 <ph_remove_any_head+0xb6>
10001db6:	0051      	lsls	r1, r2, #1
10001db8:	188a      	adds	r2, r1, r2
10001dba:	3a03      	subs	r2, #3
10001dbc:	6829      	ldr	r1, [r5, #0]
10001dbe:	468c      	mov	ip, r1
10001dc0:	4462      	add	r2, ip
10001dc2:	7054      	strb	r4, [r2, #1]
10001dc4:	e7c3      	b.n	10001d4e <ph_remove_any_head+0x3e>
10001dc6:	4b16      	ldr	r3, [pc, #88]	; (10001e20 <ph_remove_any_head+0x110>)
10001dc8:	4a16      	ldr	r2, [pc, #88]	; (10001e24 <ph_remove_any_head+0x114>)
10001dca:	2168      	movs	r1, #104	; 0x68
10001dcc:	4816      	ldr	r0, [pc, #88]	; (10001e28 <ph_remove_any_head+0x118>)
10001dce:	f000 fb5f 	bl	10002490 <__assert_func>
10001dd2:	4b18      	ldr	r3, [pc, #96]	; (10001e34 <ph_remove_any_head+0x124>)
10001dd4:	4a10      	ldr	r2, [pc, #64]	; (10001e18 <ph_remove_any_head+0x108>)
10001dd6:	2142      	movs	r1, #66	; 0x42
10001dd8:	4810      	ldr	r0, [pc, #64]	; (10001e1c <ph_remove_any_head+0x10c>)
10001dda:	f000 fb59 	bl	10002490 <__assert_func>
10001dde:	2b00      	cmp	r3, #0
10001de0:	d00b      	beq.n	10001dfa <ph_remove_any_head+0xea>
10001de2:	7b2a      	ldrb	r2, [r5, #12]
10001de4:	4293      	cmp	r3, r2
10001de6:	d808      	bhi.n	10001dfa <ph_remove_any_head+0xea>
10001de8:	0043      	lsls	r3, r0, #1
10001dea:	181b      	adds	r3, r3, r0
10001dec:	3b03      	subs	r3, #3
10001dee:	682a      	ldr	r2, [r5, #0]
10001df0:	4694      	mov	ip, r2
10001df2:	4463      	add	r3, ip
10001df4:	2200      	movs	r2, #0
10001df6:	709a      	strb	r2, [r3, #2]
10001df8:	e7b3      	b.n	10001d62 <ph_remove_any_head+0x52>
10001dfa:	4b09      	ldr	r3, [pc, #36]	; (10001e20 <ph_remove_any_head+0x110>)
10001dfc:	4a09      	ldr	r2, [pc, #36]	; (10001e24 <ph_remove_any_head+0x114>)
10001dfe:	2168      	movs	r1, #104	; 0x68
10001e00:	4809      	ldr	r0, [pc, #36]	; (10001e28 <ph_remove_any_head+0x118>)
10001e02:	f000 fb45 	bl	10002490 <__assert_func>
10001e06:	4b06      	ldr	r3, [pc, #24]	; (10001e20 <ph_remove_any_head+0x110>)
10001e08:	4a06      	ldr	r2, [pc, #24]	; (10001e24 <ph_remove_any_head+0x114>)
10001e0a:	2168      	movs	r1, #104	; 0x68
10001e0c:	4806      	ldr	r0, [pc, #24]	; (10001e28 <ph_remove_any_head+0x118>)
10001e0e:	f000 fb3f 	bl	10002490 <__assert_func>
10001e12:	46c0      	nop			; (mov r8, r8)
10001e14:	1000633c 	.word	0x1000633c
10001e18:	10006410 	.word	0x10006410
10001e1c:	10006344 	.word	0x10006344
10001e20:	10005f9c 	.word	0x10005f9c
10001e24:	10006438 	.word	0x10006438
10001e28:	10005fb8 	.word	0x10005fb8
10001e2c:	1000638c 	.word	0x1000638c
10001e30:	100063b4 	.word	0x100063b4
10001e34:	100060e4 	.word	0x100060e4

10001e38 <ph_remove_head>:
10001e38:	b570      	push	{r4, r5, r6, lr}
10001e3a:	0004      	movs	r4, r0
10001e3c:	000a      	movs	r2, r1
10001e3e:	7b45      	ldrb	r5, [r0, #13]
10001e40:	0029      	movs	r1, r5
10001e42:	f7ff ff65 	bl	10001d10 <ph_remove_any_head>
10001e46:	7360      	strb	r0, [r4, #13]
10001e48:	0028      	movs	r0, r5
10001e4a:	bd70      	pop	{r4, r5, r6, pc}

10001e4c <ph_remove_and_free_node>:
10001e4c:	b570      	push	{r4, r5, r6, lr}
10001e4e:	0004      	movs	r4, r0
10001e50:	2900      	cmp	r1, #0
10001e52:	d067      	beq.n	10001f24 <ph_remove_and_free_node+0xd8>
10001e54:	7b43      	ldrb	r3, [r0, #13]
10001e56:	428b      	cmp	r3, r1
10001e58:	d00e      	beq.n	10001e78 <ph_remove_and_free_node+0x2c>
10001e5a:	2900      	cmp	r1, #0
10001e5c:	d011      	beq.n	10001e82 <ph_remove_and_free_node+0x36>
10001e5e:	7b03      	ldrb	r3, [r0, #12]
10001e60:	4299      	cmp	r1, r3
10001e62:	d80e      	bhi.n	10001e82 <ph_remove_and_free_node+0x36>
10001e64:	004b      	lsls	r3, r1, #1
10001e66:	185b      	adds	r3, r3, r1
10001e68:	3b03      	subs	r3, #3
10001e6a:	6802      	ldr	r2, [r0, #0]
10001e6c:	18d0      	adds	r0, r2, r3
10001e6e:	7883      	ldrb	r3, [r0, #2]
10001e70:	2b00      	cmp	r3, #0
10001e72:	d10c      	bne.n	10001e8e <ph_remove_and_free_node+0x42>
10001e74:	2000      	movs	r0, #0
10001e76:	e056      	b.n	10001f26 <ph_remove_and_free_node+0xda>
10001e78:	2101      	movs	r1, #1
10001e7a:	f7ff ffdd 	bl	10001e38 <ph_remove_head>
10001e7e:	2001      	movs	r0, #1
10001e80:	e051      	b.n	10001f26 <ph_remove_and_free_node+0xda>
10001e82:	4b29      	ldr	r3, [pc, #164]	; (10001f28 <ph_remove_and_free_node+0xdc>)
10001e84:	4a29      	ldr	r2, [pc, #164]	; (10001f2c <ph_remove_and_free_node+0xe0>)
10001e86:	2168      	movs	r1, #104	; 0x68
10001e88:	4829      	ldr	r0, [pc, #164]	; (10001f30 <ph_remove_and_free_node+0xe4>)
10001e8a:	f000 fb01 	bl	10002490 <__assert_func>
10001e8e:	2b00      	cmp	r3, #0
10001e90:	d020      	beq.n	10001ed4 <ph_remove_and_free_node+0x88>
10001e92:	7b22      	ldrb	r2, [r4, #12]
10001e94:	4293      	cmp	r3, r2
10001e96:	d81d      	bhi.n	10001ed4 <ph_remove_and_free_node+0x88>
10001e98:	005a      	lsls	r2, r3, #1
10001e9a:	18d3      	adds	r3, r2, r3
10001e9c:	3b03      	subs	r3, #3
10001e9e:	6822      	ldr	r2, [r4, #0]
10001ea0:	18d2      	adds	r2, r2, r3
10001ea2:	6825      	ldr	r5, [r4, #0]
10001ea4:	5ceb      	ldrb	r3, [r5, r3]
10001ea6:	428b      	cmp	r3, r1
10001ea8:	d01a      	beq.n	10001ee0 <ph_remove_and_free_node+0x94>
10001eaa:	2b00      	cmp	r3, #0
10001eac:	d01b      	beq.n	10001ee6 <ph_remove_and_free_node+0x9a>
10001eae:	7b22      	ldrb	r2, [r4, #12]
10001eb0:	4293      	cmp	r3, r2
10001eb2:	d818      	bhi.n	10001ee6 <ph_remove_and_free_node+0x9a>
10001eb4:	005a      	lsls	r2, r3, #1
10001eb6:	18d3      	adds	r3, r2, r3
10001eb8:	3b03      	subs	r3, #3
10001eba:	6822      	ldr	r2, [r4, #0]
10001ebc:	18d2      	adds	r2, r2, r3
10001ebe:	7853      	ldrb	r3, [r2, #1]
10001ec0:	428b      	cmp	r3, r1
10001ec2:	d016      	beq.n	10001ef2 <ph_remove_and_free_node+0xa6>
10001ec4:	2b00      	cmp	r3, #0
10001ec6:	d1f0      	bne.n	10001eaa <ph_remove_and_free_node+0x5e>
10001ec8:	4b1a      	ldr	r3, [pc, #104]	; (10001f34 <ph_remove_and_free_node+0xe8>)
10001eca:	4a1b      	ldr	r2, [pc, #108]	; (10001f38 <ph_remove_and_free_node+0xec>)
10001ecc:	216b      	movs	r1, #107	; 0x6b
10001ece:	481b      	ldr	r0, [pc, #108]	; (10001f3c <ph_remove_and_free_node+0xf0>)
10001ed0:	f000 fade 	bl	10002490 <__assert_func>
10001ed4:	4b14      	ldr	r3, [pc, #80]	; (10001f28 <ph_remove_and_free_node+0xdc>)
10001ed6:	4a15      	ldr	r2, [pc, #84]	; (10001f2c <ph_remove_and_free_node+0xe0>)
10001ed8:	2168      	movs	r1, #104	; 0x68
10001eda:	4815      	ldr	r0, [pc, #84]	; (10001f30 <ph_remove_and_free_node+0xe4>)
10001edc:	f000 fad8 	bl	10002490 <__assert_func>
10001ee0:	7843      	ldrb	r3, [r0, #1]
10001ee2:	7013      	strb	r3, [r2, #0]
10001ee4:	e007      	b.n	10001ef6 <ph_remove_and_free_node+0xaa>
10001ee6:	4b10      	ldr	r3, [pc, #64]	; (10001f28 <ph_remove_and_free_node+0xdc>)
10001ee8:	4a10      	ldr	r2, [pc, #64]	; (10001f2c <ph_remove_and_free_node+0xe0>)
10001eea:	2168      	movs	r1, #104	; 0x68
10001eec:	4810      	ldr	r0, [pc, #64]	; (10001f30 <ph_remove_and_free_node+0xe4>)
10001eee:	f000 facf 	bl	10002490 <__assert_func>
10001ef2:	7843      	ldrb	r3, [r0, #1]
10001ef4:	7053      	strb	r3, [r2, #1]
10001ef6:	2300      	movs	r3, #0
10001ef8:	7083      	strb	r3, [r0, #2]
10001efa:	7043      	strb	r3, [r0, #1]
10001efc:	2201      	movs	r2, #1
10001efe:	0020      	movs	r0, r4
10001f00:	f7ff ff06 	bl	10001d10 <ph_remove_any_head>
10001f04:	0002      	movs	r2, r0
10001f06:	7b61      	ldrb	r1, [r4, #13]
10001f08:	4281      	cmp	r1, r0
10001f0a:	d005      	beq.n	10001f18 <ph_remove_and_free_node+0xcc>
10001f0c:	0020      	movs	r0, r4
10001f0e:	f7ff fe4b 	bl	10001ba8 <ph_merge_nodes>
10001f12:	7360      	strb	r0, [r4, #13]
10001f14:	2001      	movs	r0, #1
10001f16:	e006      	b.n	10001f26 <ph_remove_and_free_node+0xda>
10001f18:	4b09      	ldr	r3, [pc, #36]	; (10001f40 <ph_remove_and_free_node+0xf4>)
10001f1a:	4a07      	ldr	r2, [pc, #28]	; (10001f38 <ph_remove_and_free_node+0xec>)
10001f1c:	2171      	movs	r1, #113	; 0x71
10001f1e:	4807      	ldr	r0, [pc, #28]	; (10001f3c <ph_remove_and_free_node+0xf0>)
10001f20:	f000 fab6 	bl	10002490 <__assert_func>
10001f24:	2000      	movs	r0, #0
10001f26:	bd70      	pop	{r4, r5, r6, pc}
10001f28:	10005f9c 	.word	0x10005f9c
10001f2c:	10006438 	.word	0x10006438
10001f30:	10005fb8 	.word	0x10005fb8
10001f34:	10005d6c 	.word	0x10005d6c
10001f38:	100063f8 	.word	0x100063f8
10001f3c:	10006344 	.word	0x10006344
10001f40:	100063d8 	.word	0x100063d8

10001f44 <uart_disable_before_lcr_write>:
10001f44:	b570      	push	{r4, r5, r6, lr}
10001f46:	6b04      	ldr	r4, [r0, #48]	; 0x30
10001f48:	07e3      	lsls	r3, r4, #31
10001f4a:	d401      	bmi.n	10001f50 <uart_disable_before_lcr_write+0xc>
10001f4c:	0020      	movs	r0, r4
10001f4e:	bd70      	pop	{r4, r5, r6, pc}
10001f50:	0002      	movs	r2, r0
10001f52:	3230      	adds	r2, #48	; 0x30
10001f54:	23c0      	movs	r3, #192	; 0xc0
10001f56:	019b      	lsls	r3, r3, #6
10001f58:	4313      	orrs	r3, r2
10001f5a:	4a0a      	ldr	r2, [pc, #40]	; (10001f84 <uart_disable_before_lcr_write+0x40>)
10001f5c:	601a      	str	r2, [r3, #0]
10001f5e:	6a45      	ldr	r5, [r0, #36]	; 0x24
10001f60:	6a82      	ldr	r2, [r0, #40]	; 0x28
10001f62:	01ad      	lsls	r5, r5, #6
10001f64:	18ad      	adds	r5, r5, r2
10001f66:	02ad      	lsls	r5, r5, #10
10001f68:	2006      	movs	r0, #6
10001f6a:	f000 f9bd 	bl	100022e8 <clock_get_hz>
10001f6e:	4906      	ldr	r1, [pc, #24]	; (10001f88 <uart_disable_before_lcr_write+0x44>)
10001f70:	f001 fc3c 	bl	100037ec <__wrap___aeabi_uidiv>
10001f74:	0001      	movs	r1, r0
10001f76:	0028      	movs	r0, r5
10001f78:	f001 fc38 	bl	100037ec <__wrap___aeabi_uidiv>
10001f7c:	2100      	movs	r1, #0
10001f7e:	f7ff fcc1 	bl	10001904 <busy_wait_us>
10001f82:	e7e3      	b.n	10001f4c <uart_disable_before_lcr_write+0x8>
10001f84:	00000301 	.word	0x00000301
10001f88:	00000e4e 	.word	0x00000e4e

10001f8c <uart_write_lcr_bits_masked>:
10001f8c:	b570      	push	{r4, r5, r6, lr}
10001f8e:	0004      	movs	r4, r0
10001f90:	000e      	movs	r6, r1
10001f92:	0015      	movs	r5, r2
10001f94:	f7ff ffd6 	bl	10001f44 <uart_disable_before_lcr_write>
10001f98:	0022      	movs	r2, r4
10001f9a:	322c      	adds	r2, #44	; 0x2c
10001f9c:	6ae1      	ldr	r1, [r4, #44]	; 0x2c
10001f9e:	404e      	eors	r6, r1
10001fa0:	4035      	ands	r5, r6
10001fa2:	2380      	movs	r3, #128	; 0x80
10001fa4:	015b      	lsls	r3, r3, #5
10001fa6:	4313      	orrs	r3, r2
10001fa8:	601d      	str	r5, [r3, #0]
10001faa:	6320      	str	r0, [r4, #48]	; 0x30
10001fac:	bd70      	pop	{r4, r5, r6, pc}
	...

10001fb0 <uart_set_baudrate>:
10001fb0:	b570      	push	{r4, r5, r6, lr}
10001fb2:	0005      	movs	r5, r0
10001fb4:	000c      	movs	r4, r1
10001fb6:	2006      	movs	r0, #6
10001fb8:	f000 f996 	bl	100022e8 <clock_get_hz>
10001fbc:	00c0      	lsls	r0, r0, #3
10001fbe:	0021      	movs	r1, r4
10001fc0:	f001 fc14 	bl	100037ec <__wrap___aeabi_uidiv>
10001fc4:	09c6      	lsrs	r6, r0, #7
10001fc6:	d008      	beq.n	10001fda <uart_set_baudrate+0x2a>
10001fc8:	4b0e      	ldr	r3, [pc, #56]	; (10002004 <uart_set_baudrate+0x54>)
10001fca:	429e      	cmp	r6, r3
10001fcc:	d816      	bhi.n	10001ffc <uart_set_baudrate+0x4c>
10001fce:	237f      	movs	r3, #127	; 0x7f
10001fd0:	4018      	ands	r0, r3
10001fd2:	3001      	adds	r0, #1
10001fd4:	0034      	movs	r4, r6
10001fd6:	0846      	lsrs	r6, r0, #1
10001fd8:	e000      	b.n	10001fdc <uart_set_baudrate+0x2c>
10001fda:	2401      	movs	r4, #1
10001fdc:	626c      	str	r4, [r5, #36]	; 0x24
10001fde:	62ae      	str	r6, [r5, #40]	; 0x28
10001fe0:	2200      	movs	r2, #0
10001fe2:	2100      	movs	r1, #0
10001fe4:	0028      	movs	r0, r5
10001fe6:	f7ff ffd1 	bl	10001f8c <uart_write_lcr_bits_masked>
10001fea:	2006      	movs	r0, #6
10001fec:	f000 f97c 	bl	100022e8 <clock_get_hz>
10001ff0:	0080      	lsls	r0, r0, #2
10001ff2:	01a1      	lsls	r1, r4, #6
10001ff4:	1989      	adds	r1, r1, r6
10001ff6:	f001 fbf9 	bl	100037ec <__wrap___aeabi_uidiv>
10001ffa:	bd70      	pop	{r4, r5, r6, pc}
10001ffc:	2600      	movs	r6, #0
10001ffe:	4c02      	ldr	r4, [pc, #8]	; (10002008 <uart_set_baudrate+0x58>)
10002000:	e7ec      	b.n	10001fdc <uart_set_baudrate+0x2c>
10002002:	46c0      	nop			; (mov r8, r8)
10002004:	0000fffe 	.word	0x0000fffe
10002008:	0000ffff 	.word	0x0000ffff

1000200c <uart_set_format>:
1000200c:	b510      	push	{r4, lr}
1000200e:	3905      	subs	r1, #5
10002010:	0149      	lsls	r1, r1, #5
10002012:	3a01      	subs	r2, #1
10002014:	00d2      	lsls	r2, r2, #3
10002016:	4311      	orrs	r1, r2
10002018:	2b00      	cmp	r3, #0
1000201a:	d009      	beq.n	10002030 <uart_set_format+0x24>
1000201c:	2202      	movs	r2, #2
1000201e:	430a      	orrs	r2, r1
10002020:	2b01      	cmp	r3, #1
10002022:	d007      	beq.n	10002034 <uart_set_format+0x28>
10002024:	2100      	movs	r1, #0
10002026:	4311      	orrs	r1, r2
10002028:	226e      	movs	r2, #110	; 0x6e
1000202a:	f7ff ffaf 	bl	10001f8c <uart_write_lcr_bits_masked>
1000202e:	bd10      	pop	{r4, pc}
10002030:	2200      	movs	r2, #0
10002032:	e7f4      	b.n	1000201e <uart_set_format+0x12>
10002034:	2104      	movs	r1, #4
10002036:	e7f6      	b.n	10002026 <uart_set_format+0x1a>

10002038 <uart_set_translate_crlf>:
10002038:	2900      	cmp	r1, #0
1000203a:	d009      	beq.n	10002050 <uart_set_translate_crlf+0x18>
1000203c:	220a      	movs	r2, #10
1000203e:	4b06      	ldr	r3, [pc, #24]	; (10002058 <uart_set_translate_crlf+0x20>)
10002040:	469c      	mov	ip, r3
10002042:	4460      	add	r0, ip
10002044:	4243      	negs	r3, r0
10002046:	4158      	adcs	r0, r3
10002048:	0040      	lsls	r0, r0, #1
1000204a:	4b04      	ldr	r3, [pc, #16]	; (1000205c <uart_set_translate_crlf+0x24>)
1000204c:	52c2      	strh	r2, [r0, r3]
1000204e:	4770      	bx	lr
10002050:	2280      	movs	r2, #128	; 0x80
10002052:	0052      	lsls	r2, r2, #1
10002054:	e7f3      	b.n	1000203e <uart_set_translate_crlf+0x6>
10002056:	46c0      	nop			; (mov r8, r8)
10002058:	bffc8000 	.word	0xbffc8000
1000205c:	20000f5c 	.word	0x20000f5c

10002060 <uart_init>:
10002060:	b570      	push	{r4, r5, r6, lr}
10002062:	0005      	movs	r5, r0
10002064:	000c      	movs	r4, r1
10002066:	2006      	movs	r0, #6
10002068:	f000 f93e 	bl	100022e8 <clock_get_hz>
1000206c:	1e06      	subs	r6, r0, #0
1000206e:	d027      	beq.n	100020c0 <uart_init+0x60>
10002070:	4b16      	ldr	r3, [pc, #88]	; (100020cc <uart_init+0x6c>)
10002072:	429d      	cmp	r5, r3
10002074:	d026      	beq.n	100020c4 <uart_init+0x64>
10002076:	2280      	movs	r2, #128	; 0x80
10002078:	03d2      	lsls	r2, r2, #15
1000207a:	4b15      	ldr	r3, [pc, #84]	; (100020d0 <uart_init+0x70>)
1000207c:	601a      	str	r2, [r3, #0]
1000207e:	4b15      	ldr	r3, [pc, #84]	; (100020d4 <uart_init+0x74>)
10002080:	601a      	str	r2, [r3, #0]
10002082:	4b15      	ldr	r3, [pc, #84]	; (100020d8 <uart_init+0x78>)
10002084:	689b      	ldr	r3, [r3, #8]
10002086:	0011      	movs	r1, r2
10002088:	4399      	bics	r1, r3
1000208a:	d1fa      	bne.n	10002082 <uart_init+0x22>
1000208c:	2100      	movs	r1, #0
1000208e:	0028      	movs	r0, r5
10002090:	f7ff ffd2 	bl	10002038 <uart_set_translate_crlf>
10002094:	0021      	movs	r1, r4
10002096:	0028      	movs	r0, r5
10002098:	f7ff ff8a 	bl	10001fb0 <uart_set_baudrate>
1000209c:	0006      	movs	r6, r0
1000209e:	2300      	movs	r3, #0
100020a0:	2201      	movs	r2, #1
100020a2:	2108      	movs	r1, #8
100020a4:	0028      	movs	r0, r5
100020a6:	f7ff ffb1 	bl	1000200c <uart_set_format>
100020aa:	002a      	movs	r2, r5
100020ac:	322c      	adds	r2, #44	; 0x2c
100020ae:	2380      	movs	r3, #128	; 0x80
100020b0:	019b      	lsls	r3, r3, #6
100020b2:	4313      	orrs	r3, r2
100020b4:	2210      	movs	r2, #16
100020b6:	601a      	str	r2, [r3, #0]
100020b8:	4b08      	ldr	r3, [pc, #32]	; (100020dc <uart_init+0x7c>)
100020ba:	632b      	str	r3, [r5, #48]	; 0x30
100020bc:	2303      	movs	r3, #3
100020be:	64ab      	str	r3, [r5, #72]	; 0x48
100020c0:	0030      	movs	r0, r6
100020c2:	bd70      	pop	{r4, r5, r6, pc}
100020c4:	2280      	movs	r2, #128	; 0x80
100020c6:	0412      	lsls	r2, r2, #16
100020c8:	e7d7      	b.n	1000207a <uart_init+0x1a>
100020ca:	46c0      	nop			; (mov r8, r8)
100020cc:	40038000 	.word	0x40038000
100020d0:	4000e000 	.word	0x4000e000
100020d4:	4000f000 	.word	0x4000f000
100020d8:	4000c000 	.word	0x4000c000
100020dc:	00000301 	.word	0x00000301

100020e0 <clock_configure>:
100020e0:	b5f8      	push	{r3, r4, r5, r6, r7, lr}
100020e2:	46de      	mov	lr, fp
100020e4:	4657      	mov	r7, sl
100020e6:	464e      	mov	r6, r9
100020e8:	4645      	mov	r5, r8
100020ea:	b5e0      	push	{r5, r6, r7, lr}
100020ec:	0005      	movs	r5, r0
100020ee:	000f      	movs	r7, r1
100020f0:	4692      	mov	sl, r2
100020f2:	9a0a      	ldr	r2, [sp, #40]	; 0x28
100020f4:	4293      	cmp	r3, r2
100020f6:	d350      	bcc.n	1000219a <clock_configure+0xba>
100020f8:	0e1a      	lsrs	r2, r3, #24
100020fa:	4691      	mov	r9, r2
100020fc:	021e      	lsls	r6, r3, #8
100020fe:	9a0a      	ldr	r2, [sp, #40]	; 0x28
10002100:	2300      	movs	r3, #0
10002102:	0030      	movs	r0, r6
10002104:	4649      	mov	r1, r9
10002106:	f001 fbaf 	bl	10003868 <__wrap___aeabi_uldivmod>
1000210a:	4680      	mov	r8, r0
1000210c:	006c      	lsls	r4, r5, #1
1000210e:	1964      	adds	r4, r4, r5
10002110:	00a4      	lsls	r4, r4, #2
10002112:	4b30      	ldr	r3, [pc, #192]	; (100021d4 <clock_configure+0xf4>)
10002114:	469c      	mov	ip, r3
10002116:	4464      	add	r4, ip
10002118:	6863      	ldr	r3, [r4, #4]
1000211a:	4283      	cmp	r3, r0
1000211c:	d200      	bcs.n	10002120 <clock_configure+0x40>
1000211e:	6060      	str	r0, [r4, #4]
10002120:	1f2b      	subs	r3, r5, #4
10002122:	b2db      	uxtb	r3, r3
10002124:	469b      	mov	fp, r3
10002126:	2b01      	cmp	r3, #1
10002128:	d93d      	bls.n	100021a6 <clock_configure+0xc6>
1000212a:	23c0      	movs	r3, #192	; 0xc0
1000212c:	019b      	lsls	r3, r3, #6
1000212e:	4323      	orrs	r3, r4
10002130:	2280      	movs	r2, #128	; 0x80
10002132:	0112      	lsls	r2, r2, #4
10002134:	601a      	str	r2, [r3, #0]
10002136:	00ab      	lsls	r3, r5, #2
10002138:	4a27      	ldr	r2, [pc, #156]	; (100021d8 <clock_configure+0xf8>)
1000213a:	5899      	ldr	r1, [r3, r2]
1000213c:	2900      	cmp	r1, #0
1000213e:	d007      	beq.n	10002150 <clock_configure+0x70>
10002140:	6950      	ldr	r0, [r2, #20]
10002142:	f001 fb53 	bl	100037ec <__wrap___aeabi_uidiv>
10002146:	1c43      	adds	r3, r0, #1
10002148:	0058      	lsls	r0, r3, #1
1000214a:	18c0      	adds	r0, r0, r3
1000214c:	3803      	subs	r0, #3
1000214e:	d2fd      	bcs.n	1000214c <clock_configure+0x6c>
10002150:	4653      	mov	r3, sl
10002152:	015a      	lsls	r2, r3, #5
10002154:	6823      	ldr	r3, [r4, #0]
10002156:	405a      	eors	r2, r3
10002158:	23e0      	movs	r3, #224	; 0xe0
1000215a:	401a      	ands	r2, r3
1000215c:	2380      	movs	r3, #128	; 0x80
1000215e:	015b      	lsls	r3, r3, #5
10002160:	4323      	orrs	r3, r4
10002162:	601a      	str	r2, [r3, #0]
10002164:	465a      	mov	r2, fp
10002166:	2a01      	cmp	r2, #1
10002168:	d928      	bls.n	100021bc <clock_configure+0xdc>
1000216a:	2380      	movs	r3, #128	; 0x80
1000216c:	019b      	lsls	r3, r3, #6
1000216e:	4323      	orrs	r3, r4
10002170:	2280      	movs	r2, #128	; 0x80
10002172:	0112      	lsls	r2, r2, #4
10002174:	601a      	str	r2, [r3, #0]
10002176:	4643      	mov	r3, r8
10002178:	6063      	str	r3, [r4, #4]
1000217a:	4642      	mov	r2, r8
1000217c:	2300      	movs	r3, #0
1000217e:	0030      	movs	r0, r6
10002180:	4649      	mov	r1, r9
10002182:	f001 fb71 	bl	10003868 <__wrap___aeabi_uldivmod>
10002186:	00ad      	lsls	r5, r5, #2
10002188:	4b13      	ldr	r3, [pc, #76]	; (100021d8 <clock_configure+0xf8>)
1000218a:	5158      	str	r0, [r3, r5]
1000218c:	2001      	movs	r0, #1
1000218e:	bcf0      	pop	{r4, r5, r6, r7}
10002190:	46bb      	mov	fp, r7
10002192:	46b2      	mov	sl, r6
10002194:	46a9      	mov	r9, r5
10002196:	46a0      	mov	r8, r4
10002198:	bdf8      	pop	{r3, r4, r5, r6, r7, pc}
1000219a:	4b10      	ldr	r3, [pc, #64]	; (100021dc <clock_configure+0xfc>)
1000219c:	4a10      	ldr	r2, [pc, #64]	; (100021e0 <clock_configure+0x100>)
1000219e:	2133      	movs	r1, #51	; 0x33
100021a0:	4810      	ldr	r0, [pc, #64]	; (100021e4 <clock_configure+0x104>)
100021a2:	f000 f975 	bl	10002490 <__assert_func>
100021a6:	2f01      	cmp	r7, #1
100021a8:	d1bf      	bne.n	1000212a <clock_configure+0x4a>
100021aa:	23c0      	movs	r3, #192	; 0xc0
100021ac:	019b      	lsls	r3, r3, #6
100021ae:	4323      	orrs	r3, r4
100021b0:	2203      	movs	r2, #3
100021b2:	601a      	str	r2, [r3, #0]
100021b4:	68a3      	ldr	r3, [r4, #8]
100021b6:	07db      	lsls	r3, r3, #31
100021b8:	d5fc      	bpl.n	100021b4 <clock_configure+0xd4>
100021ba:	e7c9      	b.n	10002150 <clock_configure+0x70>
100021bc:	6821      	ldr	r1, [r4, #0]
100021be:	4079      	eors	r1, r7
100021c0:	2203      	movs	r2, #3
100021c2:	400a      	ands	r2, r1
100021c4:	601a      	str	r2, [r3, #0]
100021c6:	68a2      	ldr	r2, [r4, #8]
100021c8:	2301      	movs	r3, #1
100021ca:	40bb      	lsls	r3, r7
100021cc:	4213      	tst	r3, r2
100021ce:	d0fa      	beq.n	100021c6 <clock_configure+0xe6>
100021d0:	e7cb      	b.n	1000216a <clock_configure+0x8a>
100021d2:	46c0      	nop			; (mov r8, r8)
100021d4:	40008000 	.word	0x40008000
100021d8:	20000cbc 	.word	0x20000cbc
100021dc:	10006444 	.word	0x10006444
100021e0:	100064ac 	.word	0x100064ac
100021e4:	10006458 	.word	0x10006458

100021e8 <clocks_init>:
100021e8:	b530      	push	{r4, r5, lr}
100021ea:	b083      	sub	sp, #12
100021ec:	200c      	movs	r0, #12
100021ee:	f000 f911 	bl	10002414 <watchdog_start_tick>
100021f2:	f7fe fadd 	bl	100007b0 <running_on_fpga>
100021f6:	2800      	cmp	r0, #0
100021f8:	d00d      	beq.n	10002216 <clocks_init+0x2e>
100021fa:	2300      	movs	r3, #0
100021fc:	e004      	b.n	10002208 <clocks_init+0x20>
100021fe:	0099      	lsls	r1, r3, #2
10002200:	4a2d      	ldr	r2, [pc, #180]	; (100022b8 <clocks_init+0xd0>)
10002202:	482e      	ldr	r0, [pc, #184]	; (100022bc <clocks_init+0xd4>)
10002204:	5088      	str	r0, [r1, r2]
10002206:	3301      	adds	r3, #1
10002208:	2b09      	cmp	r3, #9
1000220a:	d9f8      	bls.n	100021fe <clocks_init+0x16>
1000220c:	4b2a      	ldr	r3, [pc, #168]	; (100022b8 <clocks_init+0xd0>)
1000220e:	4a2c      	ldr	r2, [pc, #176]	; (100022c0 <clocks_init+0xd8>)
10002210:	625a      	str	r2, [r3, #36]	; 0x24
10002212:	b003      	add	sp, #12
10002214:	bd30      	pop	{r4, r5, pc}
10002216:	4b2b      	ldr	r3, [pc, #172]	; (100022c4 <clocks_init+0xdc>)
10002218:	2200      	movs	r2, #0
1000221a:	679a      	str	r2, [r3, #120]	; 0x78
1000221c:	f000 f902 	bl	10002424 <xosc_init>
10002220:	4b29      	ldr	r3, [pc, #164]	; (100022c8 <clocks_init+0xe0>)
10002222:	2201      	movs	r2, #1
10002224:	601a      	str	r2, [r3, #0]
10002226:	4b27      	ldr	r3, [pc, #156]	; (100022c4 <clocks_init+0xdc>)
10002228:	6c5b      	ldr	r3, [r3, #68]	; 0x44
1000222a:	2b01      	cmp	r3, #1
1000222c:	d1fb      	bne.n	10002226 <clocks_init+0x3e>
1000222e:	4b27      	ldr	r3, [pc, #156]	; (100022cc <clocks_init+0xe4>)
10002230:	2203      	movs	r2, #3
10002232:	601a      	str	r2, [r3, #0]
10002234:	4b23      	ldr	r3, [pc, #140]	; (100022c4 <clocks_init+0xdc>)
10002236:	6b9b      	ldr	r3, [r3, #56]	; 0x38
10002238:	2b01      	cmp	r3, #1
1000223a:	d1fb      	bne.n	10002234 <clocks_init+0x4c>
1000223c:	3301      	adds	r3, #1
1000223e:	9300      	str	r3, [sp, #0]
10002240:	3304      	adds	r3, #4
10002242:	4a23      	ldr	r2, [pc, #140]	; (100022d0 <clocks_init+0xe8>)
10002244:	2101      	movs	r1, #1
10002246:	4823      	ldr	r0, [pc, #140]	; (100022d4 <clocks_init+0xec>)
10002248:	f000 f854 	bl	100022f4 <pll_init>
1000224c:	2305      	movs	r3, #5
1000224e:	9300      	str	r3, [sp, #0]
10002250:	4a21      	ldr	r2, [pc, #132]	; (100022d8 <clocks_init+0xf0>)
10002252:	2101      	movs	r1, #1
10002254:	4821      	ldr	r0, [pc, #132]	; (100022dc <clocks_init+0xf4>)
10002256:	f000 f84d 	bl	100022f4 <pll_init>
1000225a:	4b21      	ldr	r3, [pc, #132]	; (100022e0 <clocks_init+0xf8>)
1000225c:	9300      	str	r3, [sp, #0]
1000225e:	2200      	movs	r2, #0
10002260:	2102      	movs	r1, #2
10002262:	2004      	movs	r0, #4
10002264:	f7ff ff3c 	bl	100020e0 <clock_configure>
10002268:	4d1e      	ldr	r5, [pc, #120]	; (100022e4 <clocks_init+0xfc>)
1000226a:	9500      	str	r5, [sp, #0]
1000226c:	002b      	movs	r3, r5
1000226e:	2200      	movs	r2, #0
10002270:	2101      	movs	r1, #1
10002272:	2005      	movs	r0, #5
10002274:	f7ff ff34 	bl	100020e0 <clock_configure>
10002278:	4c10      	ldr	r4, [pc, #64]	; (100022bc <clocks_init+0xd4>)
1000227a:	9400      	str	r4, [sp, #0]
1000227c:	0023      	movs	r3, r4
1000227e:	2200      	movs	r2, #0
10002280:	2100      	movs	r1, #0
10002282:	2007      	movs	r0, #7
10002284:	f7ff ff2c 	bl	100020e0 <clock_configure>
10002288:	9400      	str	r4, [sp, #0]
1000228a:	0023      	movs	r3, r4
1000228c:	2200      	movs	r2, #0
1000228e:	2100      	movs	r1, #0
10002290:	2008      	movs	r0, #8
10002292:	f7ff ff25 	bl	100020e0 <clock_configure>
10002296:	4b0a      	ldr	r3, [pc, #40]	; (100022c0 <clocks_init+0xd8>)
10002298:	9300      	str	r3, [sp, #0]
1000229a:	0023      	movs	r3, r4
1000229c:	2200      	movs	r2, #0
1000229e:	2100      	movs	r1, #0
100022a0:	2009      	movs	r0, #9
100022a2:	f7ff ff1d 	bl	100020e0 <clock_configure>
100022a6:	9500      	str	r5, [sp, #0]
100022a8:	002b      	movs	r3, r5
100022aa:	2200      	movs	r2, #0
100022ac:	2100      	movs	r1, #0
100022ae:	2006      	movs	r0, #6
100022b0:	f7ff ff16 	bl	100020e0 <clock_configure>
100022b4:	e7ad      	b.n	10002212 <clocks_init+0x2a>
100022b6:	46c0      	nop			; (mov r8, r8)
100022b8:	20000cbc 	.word	0x20000cbc
100022bc:	02dc6c00 	.word	0x02dc6c00
100022c0:	0000b71b 	.word	0x0000b71b
100022c4:	40008000 	.word	0x40008000
100022c8:	4000b03c 	.word	0x4000b03c
100022cc:	4000b030 	.word	0x4000b030
100022d0:	59682f00 	.word	0x59682f00
100022d4:	40028000 	.word	0x40028000
100022d8:	47868c00 	.word	0x47868c00
100022dc:	4002c000 	.word	0x4002c000
100022e0:	00b71b00 	.word	0x00b71b00
100022e4:	07735940 	.word	0x07735940

100022e8 <clock_get_hz>:
100022e8:	0080      	lsls	r0, r0, #2
100022ea:	4b01      	ldr	r3, [pc, #4]	; (100022f0 <clock_get_hz+0x8>)
100022ec:	58c0      	ldr	r0, [r0, r3]
100022ee:	4770      	bx	lr
100022f0:	20000cbc 	.word	0x20000cbc

100022f4 <pll_init>:
100022f4:	b5f0      	push	{r4, r5, r6, r7, lr}
100022f6:	46c6      	mov	lr, r8
100022f8:	b500      	push	{lr}
100022fa:	0004      	movs	r4, r0
100022fc:	000e      	movs	r6, r1
100022fe:	0017      	movs	r7, r2
10002300:	001d      	movs	r5, r3
10002302:	4837      	ldr	r0, [pc, #220]	; (100023e0 <pll_init+0xec>)
10002304:	f001 fa72 	bl	100037ec <__wrap___aeabi_uidiv>
10002308:	4680      	mov	r8, r0
1000230a:	4b36      	ldr	r3, [pc, #216]	; (100023e4 <pll_init+0xf0>)
1000230c:	18fa      	adds	r2, r7, r3
1000230e:	4b36      	ldr	r3, [pc, #216]	; (100023e8 <pll_init+0xf4>)
10002310:	429a      	cmp	r2, r3
10002312:	d839      	bhi.n	10002388 <pll_init+0x94>
10002314:	0001      	movs	r1, r0
10002316:	0038      	movs	r0, r7
10002318:	f001 fa68 	bl	100037ec <__wrap___aeabi_uidiv>
1000231c:	0002      	movs	r2, r0
1000231e:	3a10      	subs	r2, #16
10002320:	2398      	movs	r3, #152	; 0x98
10002322:	005b      	lsls	r3, r3, #1
10002324:	429a      	cmp	r2, r3
10002326:	d835      	bhi.n	10002394 <pll_init+0xa0>
10002328:	1e6b      	subs	r3, r5, #1
1000232a:	2b06      	cmp	r3, #6
1000232c:	d838      	bhi.n	100023a0 <pll_init+0xac>
1000232e:	9b06      	ldr	r3, [sp, #24]
10002330:	3b01      	subs	r3, #1
10002332:	2b06      	cmp	r3, #6
10002334:	d834      	bhi.n	100023a0 <pll_init+0xac>
10002336:	093f      	lsrs	r7, r7, #4
10002338:	4547      	cmp	r7, r8
1000233a:	d337      	bcc.n	100023ac <pll_init+0xb8>
1000233c:	042d      	lsls	r5, r5, #16
1000233e:	9b06      	ldr	r3, [sp, #24]
10002340:	031a      	lsls	r2, r3, #12
10002342:	4315      	orrs	r5, r2
10002344:	6823      	ldr	r3, [r4, #0]
10002346:	2b00      	cmp	r3, #0
10002348:	db36      	blt.n	100023b8 <pll_init+0xc4>
1000234a:	4b28      	ldr	r3, [pc, #160]	; (100023ec <pll_init+0xf8>)
1000234c:	429c      	cmp	r4, r3
1000234e:	d044      	beq.n	100023da <pll_init+0xe6>
10002350:	2280      	movs	r2, #128	; 0x80
10002352:	0152      	lsls	r2, r2, #5
10002354:	4b26      	ldr	r3, [pc, #152]	; (100023f0 <pll_init+0xfc>)
10002356:	601a      	str	r2, [r3, #0]
10002358:	4b26      	ldr	r3, [pc, #152]	; (100023f4 <pll_init+0x100>)
1000235a:	601a      	str	r2, [r3, #0]
1000235c:	4b26      	ldr	r3, [pc, #152]	; (100023f8 <pll_init+0x104>)
1000235e:	689b      	ldr	r3, [r3, #8]
10002360:	0011      	movs	r1, r2
10002362:	4399      	bics	r1, r3
10002364:	d1fa      	bne.n	1000235c <pll_init+0x68>
10002366:	6026      	str	r6, [r4, #0]
10002368:	60a0      	str	r0, [r4, #8]
1000236a:	1d23      	adds	r3, r4, #4
1000236c:	22c0      	movs	r2, #192	; 0xc0
1000236e:	0192      	lsls	r2, r2, #6
10002370:	431a      	orrs	r2, r3
10002372:	2321      	movs	r3, #33	; 0x21
10002374:	6013      	str	r3, [r2, #0]
10002376:	6823      	ldr	r3, [r4, #0]
10002378:	2b00      	cmp	r3, #0
1000237a:	dafc      	bge.n	10002376 <pll_init+0x82>
1000237c:	60e5      	str	r5, [r4, #12]
1000237e:	2308      	movs	r3, #8
10002380:	6013      	str	r3, [r2, #0]
10002382:	bc80      	pop	{r7}
10002384:	46b8      	mov	r8, r7
10002386:	bdf0      	pop	{r4, r5, r6, r7, pc}
10002388:	4b1c      	ldr	r3, [pc, #112]	; (100023fc <pll_init+0x108>)
1000238a:	4a1d      	ldr	r2, [pc, #116]	; (10002400 <pll_init+0x10c>)
1000238c:	2111      	movs	r1, #17
1000238e:	481d      	ldr	r0, [pc, #116]	; (10002404 <pll_init+0x110>)
10002390:	f000 f87e 	bl	10002490 <__assert_func>
10002394:	4b1c      	ldr	r3, [pc, #112]	; (10002408 <pll_init+0x114>)
10002396:	4a1a      	ldr	r2, [pc, #104]	; (10002400 <pll_init+0x10c>)
10002398:	2119      	movs	r1, #25
1000239a:	481a      	ldr	r0, [pc, #104]	; (10002404 <pll_init+0x110>)
1000239c:	f000 f878 	bl	10002490 <__assert_func>
100023a0:	4b1a      	ldr	r3, [pc, #104]	; (1000240c <pll_init+0x118>)
100023a2:	4a17      	ldr	r2, [pc, #92]	; (10002400 <pll_init+0x10c>)
100023a4:	211c      	movs	r1, #28
100023a6:	4817      	ldr	r0, [pc, #92]	; (10002404 <pll_init+0x110>)
100023a8:	f000 f872 	bl	10002490 <__assert_func>
100023ac:	4b18      	ldr	r3, [pc, #96]	; (10002410 <pll_init+0x11c>)
100023ae:	4a14      	ldr	r2, [pc, #80]	; (10002400 <pll_init+0x10c>)
100023b0:	2123      	movs	r1, #35	; 0x23
100023b2:	4814      	ldr	r0, [pc, #80]	; (10002404 <pll_init+0x110>)
100023b4:	f000 f86c 	bl	10002490 <__assert_func>
100023b8:	6822      	ldr	r2, [r4, #0]
100023ba:	233f      	movs	r3, #63	; 0x3f
100023bc:	4013      	ands	r3, r2
100023be:	42b3      	cmp	r3, r6
100023c0:	d1c3      	bne.n	1000234a <pll_init+0x56>
100023c2:	68a3      	ldr	r3, [r4, #8]
100023c4:	051b      	lsls	r3, r3, #20
100023c6:	0d1b      	lsrs	r3, r3, #20
100023c8:	4283      	cmp	r3, r0
100023ca:	d1be      	bne.n	1000234a <pll_init+0x56>
100023cc:	68e3      	ldr	r3, [r4, #12]
100023ce:	22ee      	movs	r2, #238	; 0xee
100023d0:	02d2      	lsls	r2, r2, #11
100023d2:	4013      	ands	r3, r2
100023d4:	42ab      	cmp	r3, r5
100023d6:	d1b8      	bne.n	1000234a <pll_init+0x56>
100023d8:	e7d3      	b.n	10002382 <pll_init+0x8e>
100023da:	2280      	movs	r2, #128	; 0x80
100023dc:	0192      	lsls	r2, r2, #6
100023de:	e7b9      	b.n	10002354 <pll_init+0x60>
100023e0:	00b71b00 	.word	0x00b71b00
100023e4:	d34be880 	.word	0xd34be880
100023e8:	32a9f880 	.word	0x32a9f880
100023ec:	4002c000 	.word	0x4002c000
100023f0:	4000e000 	.word	0x4000e000
100023f4:	4000f000 	.word	0x4000f000
100023f8:	4000c000 	.word	0x4000c000
100023fc:	100064bc 	.word	0x100064bc
10002400:	100065ec 	.word	0x100065ec
10002404:	1000651c 	.word	0x1000651c
10002408:	10006568 	.word	0x10006568
1000240c:	10006584 	.word	0x10006584
10002410:	100065d0 	.word	0x100065d0

10002414 <watchdog_start_tick>:
10002414:	2380      	movs	r3, #128	; 0x80
10002416:	009b      	lsls	r3, r3, #2
10002418:	4303      	orrs	r3, r0
1000241a:	4a01      	ldr	r2, [pc, #4]	; (10002420 <watchdog_start_tick+0xc>)
1000241c:	62d3      	str	r3, [r2, #44]	; 0x2c
1000241e:	4770      	bx	lr
10002420:	40058000 	.word	0x40058000

10002424 <xosc_init>:
10002424:	4b06      	ldr	r3, [pc, #24]	; (10002440 <xosc_init+0x1c>)
10002426:	22aa      	movs	r2, #170	; 0xaa
10002428:	0112      	lsls	r2, r2, #4
1000242a:	601a      	str	r2, [r3, #0]
1000242c:	222f      	movs	r2, #47	; 0x2f
1000242e:	60da      	str	r2, [r3, #12]
10002430:	4b04      	ldr	r3, [pc, #16]	; (10002444 <xosc_init+0x20>)
10002432:	4a05      	ldr	r2, [pc, #20]	; (10002448 <xosc_init+0x24>)
10002434:	601a      	str	r2, [r3, #0]
10002436:	4b02      	ldr	r3, [pc, #8]	; (10002440 <xosc_init+0x1c>)
10002438:	685b      	ldr	r3, [r3, #4]
1000243a:	2b00      	cmp	r3, #0
1000243c:	dafb      	bge.n	10002436 <xosc_init+0x12>
1000243e:	4770      	bx	lr
10002440:	40024000 	.word	0x40024000
10002444:	40026000 	.word	0x40026000
10002448:	00fab000 	.word	0x00fab000

1000244c <_exit>:
1000244c:	be00      	bkpt	0x0000
1000244e:	e7fd      	b.n	1000244c <_exit>

10002450 <_sbrk>:
10002450:	0003      	movs	r3, r0
10002452:	4a0a      	ldr	r2, [pc, #40]	; (1000247c <_sbrk+0x2c>)
10002454:	6812      	ldr	r2, [r2, #0]
10002456:	2a00      	cmp	r2, #0
10002458:	d008      	beq.n	1000246c <_sbrk+0x1c>
1000245a:	4a08      	ldr	r2, [pc, #32]	; (1000247c <_sbrk+0x2c>)
1000245c:	6810      	ldr	r0, [r2, #0]
1000245e:	18c3      	adds	r3, r0, r3
10002460:	4a07      	ldr	r2, [pc, #28]	; (10002480 <_sbrk+0x30>)
10002462:	429a      	cmp	r2, r3
10002464:	d306      	bcc.n	10002474 <_sbrk+0x24>
10002466:	4a05      	ldr	r2, [pc, #20]	; (1000247c <_sbrk+0x2c>)
10002468:	6013      	str	r3, [r2, #0]
1000246a:	4770      	bx	lr
1000246c:	4a03      	ldr	r2, [pc, #12]	; (1000247c <_sbrk+0x2c>)
1000246e:	4905      	ldr	r1, [pc, #20]	; (10002484 <_sbrk+0x34>)
10002470:	6011      	str	r1, [r2, #0]
10002472:	e7f2      	b.n	1000245a <_sbrk+0xa>
10002474:	2001      	movs	r0, #1
10002476:	4240      	negs	r0, r0
10002478:	e7f7      	b.n	1000246a <_sbrk+0x1a>
1000247a:	46c0      	nop			; (mov r8, r8)
1000247c:	20000d30 	.word	0x20000d30
10002480:	20040000 	.word	0x20040000
10002484:	20000f68 	.word	0x20000f68

10002488 <exit>:
10002488:	b510      	push	{r4, lr}
1000248a:	f7ff ffdf 	bl	1000244c <_exit>
	...

10002490 <__assert_func>:
10002490:	b510      	push	{r4, lr}
10002492:	b082      	sub	sp, #8
10002494:	000c      	movs	r4, r1
10002496:	0019      	movs	r1, r3
10002498:	2a00      	cmp	r2, #0
1000249a:	d00c      	beq.n	100024b6 <__assert_func+0x26>
1000249c:	4b08      	ldr	r3, [pc, #32]	; (100024c0 <__assert_func+0x30>)
1000249e:	2a00      	cmp	r2, #0
100024a0:	d00b      	beq.n	100024ba <__assert_func+0x2a>
100024a2:	9201      	str	r2, [sp, #4]
100024a4:	9300      	str	r3, [sp, #0]
100024a6:	0023      	movs	r3, r4
100024a8:	0002      	movs	r2, r0
100024aa:	4806      	ldr	r0, [pc, #24]	; (100024c4 <__assert_func+0x34>)
100024ac:	f002 fa04 	bl	100048b8 <__wrap_printf>
100024b0:	2001      	movs	r0, #1
100024b2:	f7ff ffcb 	bl	1000244c <_exit>
100024b6:	4b04      	ldr	r3, [pc, #16]	; (100024c8 <__assert_func+0x38>)
100024b8:	e7f1      	b.n	1000249e <__assert_func+0xe>
100024ba:	4a03      	ldr	r2, [pc, #12]	; (100024c8 <__assert_func+0x38>)
100024bc:	e7f1      	b.n	100024a2 <__assert_func+0x12>
100024be:	46c0      	nop			; (mov r8, r8)
100024c0:	100065f8 	.word	0x100065f8
100024c4:	10006608 	.word	0x10006608
100024c8:	1000593c 	.word	0x1000593c

100024cc <runtime_init>:
100024cc:	b570      	push	{r4, r5, r6, lr}
100024ce:	4b2b      	ldr	r3, [pc, #172]	; (1000257c <runtime_init+0xb0>)
100024d0:	4a2b      	ldr	r2, [pc, #172]	; (10002580 <runtime_init+0xb4>)
100024d2:	601a      	str	r2, [r3, #0]
100024d4:	4b2b      	ldr	r3, [pc, #172]	; (10002584 <runtime_init+0xb8>)
100024d6:	4a2c      	ldr	r2, [pc, #176]	; (10002588 <runtime_init+0xbc>)
100024d8:	601a      	str	r2, [r3, #0]
100024da:	4b2c      	ldr	r3, [pc, #176]	; (1000258c <runtime_init+0xc0>)
100024dc:	689a      	ldr	r2, [r3, #8]
100024de:	4b2a      	ldr	r3, [pc, #168]	; (10002588 <runtime_init+0xbc>)
100024e0:	4393      	bics	r3, r2
100024e2:	d1fa      	bne.n	100024da <runtime_init+0xe>
100024e4:	4c2a      	ldr	r4, [pc, #168]	; (10002590 <runtime_init+0xc4>)
100024e6:	e001      	b.n	100024ec <runtime_init+0x20>
100024e8:	cc08      	ldmia	r4!, {r3}
100024ea:	4798      	blx	r3
100024ec:	4b29      	ldr	r3, [pc, #164]	; (10002594 <runtime_init+0xc8>)
100024ee:	429c      	cmp	r4, r3
100024f0:	d3fa      	bcc.n	100024e8 <runtime_init+0x1c>
100024f2:	f7ff fe79 	bl	100021e8 <clocks_init>
100024f6:	4b23      	ldr	r3, [pc, #140]	; (10002584 <runtime_init+0xb8>)
100024f8:	4a27      	ldr	r2, [pc, #156]	; (10002598 <runtime_init+0xcc>)
100024fa:	601a      	str	r2, [r3, #0]
100024fc:	4b23      	ldr	r3, [pc, #140]	; (1000258c <runtime_init+0xc0>)
100024fe:	689b      	ldr	r3, [r3, #8]
10002500:	43db      	mvns	r3, r3
10002502:	01db      	lsls	r3, r3, #7
10002504:	d1fa      	bne.n	100024fc <runtime_init+0x30>
10002506:	4b25      	ldr	r3, [pc, #148]	; (1000259c <runtime_init+0xd0>)
10002508:	2240      	movs	r2, #64	; 0x40
1000250a:	679a      	str	r2, [r3, #120]	; 0x78
1000250c:	675a      	str	r2, [r3, #116]	; 0x74
1000250e:	671a      	str	r2, [r3, #112]	; 0x70
10002510:	66da      	str	r2, [r3, #108]	; 0x6c
10002512:	4c23      	ldr	r4, [pc, #140]	; (100025a0 <runtime_init+0xd4>)
10002514:	e009      	b.n	1000252a <runtime_init+0x5e>
10002516:	4b23      	ldr	r3, [pc, #140]	; (100025a4 <runtime_init+0xd8>)
10002518:	4a23      	ldr	r2, [pc, #140]	; (100025a8 <runtime_init+0xdc>)
1000251a:	2187      	movs	r1, #135	; 0x87
1000251c:	4823      	ldr	r0, [pc, #140]	; (100025ac <runtime_init+0xe0>)
1000251e:	f7ff ffb7 	bl	10002490 <__assert_func>
10002522:	0020      	movs	r0, r4
10002524:	f7fe fbae 	bl	10000c84 <mutex_init>
10002528:	3408      	adds	r4, #8
1000252a:	4b21      	ldr	r3, [pc, #132]	; (100025b0 <runtime_init+0xe4>)
1000252c:	429c      	cmp	r4, r3
1000252e:	d209      	bcs.n	10002544 <runtime_init+0x78>
10002530:	6823      	ldr	r3, [r4, #0]
10002532:	2b00      	cmp	r3, #0
10002534:	d0f5      	beq.n	10002522 <runtime_init+0x56>
10002536:	2b01      	cmp	r3, #1
10002538:	d1ed      	bne.n	10002516 <runtime_init+0x4a>
1000253a:	0020      	movs	r0, r4
1000253c:	f7fe fbaf 	bl	10000c9e <recursive_mutex_init>
10002540:	3408      	adds	r4, #8
10002542:	e7f2      	b.n	1000252a <runtime_init+0x5e>
10002544:	4c1b      	ldr	r4, [pc, #108]	; (100025b4 <runtime_init+0xe8>)
10002546:	68a1      	ldr	r1, [r4, #8]
10002548:	4d1b      	ldr	r5, [pc, #108]	; (100025b8 <runtime_init+0xec>)
1000254a:	22c0      	movs	r2, #192	; 0xc0
1000254c:	0028      	movs	r0, r5
1000254e:	f002 f85b 	bl	10004608 <__wrap___aeabi_memcpy>
10002552:	60a5      	str	r5, [r4, #8]
10002554:	f3ef 8305 	mrs	r3, IPSR
10002558:	2b00      	cmp	r3, #0
1000255a:	d000      	beq.n	1000255e <runtime_init+0x92>
1000255c:	be00      	bkpt	0x0000
1000255e:	f7fe f961 	bl	10000824 <spin_locks_reset>
10002562:	f7fe fb79 	bl	10000c58 <irq_init_priorities>
10002566:	f7fe fee9 	bl	1000133c <alarm_pool_init_default>
1000256a:	4c14      	ldr	r4, [pc, #80]	; (100025bc <runtime_init+0xf0>)
1000256c:	e001      	b.n	10002572 <runtime_init+0xa6>
1000256e:	cc08      	ldmia	r4!, {r3}
10002570:	4798      	blx	r3
10002572:	4b13      	ldr	r3, [pc, #76]	; (100025c0 <runtime_init+0xf4>)
10002574:	429c      	cmp	r4, r3
10002576:	d3fa      	bcc.n	1000256e <runtime_init+0xa2>
10002578:	bd70      	pop	{r4, r5, r6, pc}
1000257a:	46c0      	nop			; (mov r8, r8)
1000257c:	4000e000 	.word	0x4000e000
10002580:	fefbcdbf 	.word	0xfefbcdbf
10002584:	4000f000 	.word	0x4000f000
10002588:	003c7ffe 	.word	0x003c7ffe
1000258c:	4000c000 	.word	0x4000c000
10002590:	20000b38 	.word	0x20000b38
10002594:	20000b48 	.word	0x20000b48
10002598:	01ffffff 	.word	0x01ffffff
1000259c:	4001f000 	.word	0x4001f000
100025a0:	20000b30 	.word	0x20000b30
100025a4:	10006638 	.word	0x10006638
100025a8:	100066bc 	.word	0x100066bc
100025ac:	10006658 	.word	0x10006658
100025b0:	20000b38 	.word	0x20000b38
100025b4:	e000ed00 	.word	0xe000ed00
100025b8:	20000000 	.word	0x20000000
100025bc:	20000b48 	.word	0x20000b48
100025c0:	20000b4c 	.word	0x20000b4c

100025c4 <panic>:
100025c4:	b40f      	push	{r0, r1, r2, r3}
100025c6:	b500      	push	{lr}
100025c8:	b083      	sub	sp, #12
100025ca:	4808      	ldr	r0, [pc, #32]	; (100025ec <panic+0x28>)
100025cc:	f002 f944 	bl	10004858 <__wrap_puts>
100025d0:	9b04      	ldr	r3, [sp, #16]
100025d2:	2b00      	cmp	r3, #0
100025d4:	d007      	beq.n	100025e6 <panic+0x22>
100025d6:	a905      	add	r1, sp, #20
100025d8:	9101      	str	r1, [sp, #4]
100025da:	0018      	movs	r0, r3
100025dc:	f002 f94c 	bl	10004878 <__wrap_vprintf>
100025e0:	4803      	ldr	r0, [pc, #12]	; (100025f0 <panic+0x2c>)
100025e2:	f002 f939 	bl	10004858 <__wrap_puts>
100025e6:	2001      	movs	r0, #1
100025e8:	f7ff ff30 	bl	1000244c <_exit>
100025ec:	100066a8 	.word	0x100066a8
100025f0:	100066b8 	.word	0x100066b8

100025f4 <_out_null>:
100025f4:	4770      	bx	lr

100025f6 <_out_fct>:
100025f6:	b510      	push	{r4, lr}
100025f8:	2800      	cmp	r0, #0
100025fa:	d002      	beq.n	10002602 <_out_fct+0xc>
100025fc:	680b      	ldr	r3, [r1, #0]
100025fe:	6849      	ldr	r1, [r1, #4]
10002600:	4798      	blx	r3
10002602:	bd10      	pop	{r4, pc}

10002604 <_atoi>:
10002604:	0001      	movs	r1, r0
10002606:	2000      	movs	r0, #0
10002608:	e007      	b.n	1000261a <_atoi+0x16>
1000260a:	0083      	lsls	r3, r0, #2
1000260c:	181b      	adds	r3, r3, r0
1000260e:	005b      	lsls	r3, r3, #1
10002610:	1c50      	adds	r0, r2, #1
10002612:	6008      	str	r0, [r1, #0]
10002614:	7810      	ldrb	r0, [r2, #0]
10002616:	18c0      	adds	r0, r0, r3
10002618:	3830      	subs	r0, #48	; 0x30
1000261a:	680a      	ldr	r2, [r1, #0]
1000261c:	7813      	ldrb	r3, [r2, #0]
1000261e:	3b30      	subs	r3, #48	; 0x30
10002620:	b2db      	uxtb	r3, r3
10002622:	2b09      	cmp	r3, #9
10002624:	d9f1      	bls.n	1000260a <_atoi+0x6>
10002626:	4770      	bx	lr

10002628 <_out_rev>:
10002628:	b5f0      	push	{r4, r5, r6, r7, lr}
1000262a:	46de      	mov	lr, fp
1000262c:	4657      	mov	r7, sl
1000262e:	464e      	mov	r6, r9
10002630:	4645      	mov	r5, r8
10002632:	b5e0      	push	{r5, r6, r7, lr}
10002634:	b083      	sub	sp, #12
10002636:	4693      	mov	fp, r2
10002638:	001f      	movs	r7, r3
1000263a:	9b0c      	ldr	r3, [sp, #48]	; 0x30
1000263c:	469a      	mov	sl, r3
1000263e:	9c0d      	ldr	r4, [sp, #52]	; 0x34
10002640:	9b0e      	ldr	r3, [sp, #56]	; 0x38
10002642:	4699      	mov	r9, r3
10002644:	9b0f      	ldr	r3, [sp, #60]	; 0x3c
10002646:	079b      	lsls	r3, r3, #30
10002648:	d003      	beq.n	10002652 <_out_rev+0x2a>
1000264a:	46b8      	mov	r8, r7
1000264c:	000f      	movs	r7, r1
1000264e:	0006      	movs	r6, r0
10002650:	e022      	b.n	10002698 <_out_rev+0x70>
10002652:	9201      	str	r2, [sp, #4]
10002654:	46a3      	mov	fp, r4
10002656:	4688      	mov	r8, r1
10002658:	464e      	mov	r6, r9
1000265a:	46b9      	mov	r9, r7
1000265c:	0007      	movs	r7, r0
1000265e:	42b4      	cmp	r4, r6
10002660:	d207      	bcs.n	10002672 <_out_rev+0x4a>
10002662:	1c55      	adds	r5, r2, #1
10002664:	464b      	mov	r3, r9
10002666:	4641      	mov	r1, r8
10002668:	2020      	movs	r0, #32
1000266a:	47b8      	blx	r7
1000266c:	3401      	adds	r4, #1
1000266e:	002a      	movs	r2, r5
10002670:	e7f5      	b.n	1000265e <_out_rev+0x36>
10002672:	003d      	movs	r5, r7
10002674:	464f      	mov	r7, r9
10002676:	465c      	mov	r4, fp
10002678:	9b01      	ldr	r3, [sp, #4]
1000267a:	469b      	mov	fp, r3
1000267c:	46b1      	mov	r9, r6
1000267e:	4646      	mov	r6, r8
10002680:	46b8      	mov	r8, r7
10002682:	0037      	movs	r7, r6
10002684:	002e      	movs	r6, r5
10002686:	e007      	b.n	10002698 <_out_rev+0x70>
10002688:	3c01      	subs	r4, #1
1000268a:	1c55      	adds	r5, r2, #1
1000268c:	4653      	mov	r3, sl
1000268e:	5d18      	ldrb	r0, [r3, r4]
10002690:	4643      	mov	r3, r8
10002692:	0039      	movs	r1, r7
10002694:	47b0      	blx	r6
10002696:	002a      	movs	r2, r5
10002698:	2c00      	cmp	r4, #0
1000269a:	d1f5      	bne.n	10002688 <_out_rev+0x60>
1000269c:	0035      	movs	r5, r6
1000269e:	003e      	movs	r6, r7
100026a0:	4647      	mov	r7, r8
100026a2:	9b0f      	ldr	r3, [sp, #60]	; 0x3c
100026a4:	079b      	lsls	r3, r3, #30
100026a6:	d407      	bmi.n	100026b8 <_out_rev+0x90>
100026a8:	0010      	movs	r0, r2
100026aa:	b003      	add	sp, #12
100026ac:	bcf0      	pop	{r4, r5, r6, r7}
100026ae:	46bb      	mov	fp, r7
100026b0:	46b2      	mov	sl, r6
100026b2:	46a9      	mov	r9, r5
100026b4:	46a0      	mov	r8, r4
100026b6:	bdf0      	pop	{r4, r5, r6, r7, pc}
100026b8:	46b0      	mov	r8, r6
100026ba:	464e      	mov	r6, r9
100026bc:	46b9      	mov	r9, r7
100026be:	002f      	movs	r7, r5
100026c0:	465d      	mov	r5, fp
100026c2:	1b53      	subs	r3, r2, r5
100026c4:	42b3      	cmp	r3, r6
100026c6:	d2ef      	bcs.n	100026a8 <_out_rev+0x80>
100026c8:	1c54      	adds	r4, r2, #1
100026ca:	464b      	mov	r3, r9
100026cc:	4641      	mov	r1, r8
100026ce:	2020      	movs	r0, #32
100026d0:	47b8      	blx	r7
100026d2:	0022      	movs	r2, r4
100026d4:	e7f5      	b.n	100026c2 <_out_rev+0x9a>

100026d6 <_ntoa_format>:
100026d6:	b5f0      	push	{r4, r5, r6, r7, lr}
100026d8:	46ce      	mov	lr, r9
100026da:	4647      	mov	r7, r8
100026dc:	b580      	push	{r7, lr}
100026de:	b085      	sub	sp, #20
100026e0:	4694      	mov	ip, r2
100026e2:	4698      	mov	r8, r3
100026e4:	9d0c      	ldr	r5, [sp, #48]	; 0x30
100026e6:	9c0d      	ldr	r4, [sp, #52]	; 0x34
100026e8:	ab0e      	add	r3, sp, #56	; 0x38
100026ea:	781b      	ldrb	r3, [r3, #0]
100026ec:	4699      	mov	r9, r3
100026ee:	9a10      	ldr	r2, [sp, #64]	; 0x40
100026f0:	9b11      	ldr	r3, [sp, #68]	; 0x44
100026f2:	9e12      	ldr	r6, [sp, #72]	; 0x48
100026f4:	07b7      	lsls	r7, r6, #30
100026f6:	d41c      	bmi.n	10002732 <_ntoa_format+0x5c>
100026f8:	2b00      	cmp	r3, #0
100026fa:	d00c      	beq.n	10002716 <_ntoa_format+0x40>
100026fc:	07f7      	lsls	r7, r6, #31
100026fe:	d50a      	bpl.n	10002716 <_ntoa_format+0x40>
10002700:	464f      	mov	r7, r9
10002702:	2f00      	cmp	r7, #0
10002704:	d102      	bne.n	1000270c <_ntoa_format+0x36>
10002706:	370c      	adds	r7, #12
10002708:	4237      	tst	r7, r6
1000270a:	d004      	beq.n	10002716 <_ntoa_format+0x40>
1000270c:	3b01      	subs	r3, #1
1000270e:	e002      	b.n	10002716 <_ntoa_format+0x40>
10002710:	2730      	movs	r7, #48	; 0x30
10002712:	552f      	strb	r7, [r5, r4]
10002714:	3401      	adds	r4, #1
10002716:	4294      	cmp	r4, r2
10002718:	d201      	bcs.n	1000271e <_ntoa_format+0x48>
1000271a:	2c1f      	cmp	r4, #31
1000271c:	d9f8      	bls.n	10002710 <_ntoa_format+0x3a>
1000271e:	07f7      	lsls	r7, r6, #31
10002720:	d507      	bpl.n	10002732 <_ntoa_format+0x5c>
10002722:	429c      	cmp	r4, r3
10002724:	d205      	bcs.n	10002732 <_ntoa_format+0x5c>
10002726:	2c1f      	cmp	r4, #31
10002728:	d803      	bhi.n	10002732 <_ntoa_format+0x5c>
1000272a:	2730      	movs	r7, #48	; 0x30
1000272c:	552f      	strb	r7, [r5, r4]
1000272e:	3401      	adds	r4, #1
10002730:	e7f5      	b.n	1000271e <_ntoa_format+0x48>
10002732:	06f7      	lsls	r7, r6, #27
10002734:	d515      	bpl.n	10002762 <_ntoa_format+0x8c>
10002736:	0577      	lsls	r7, r6, #21
10002738:	d405      	bmi.n	10002746 <_ntoa_format+0x70>
1000273a:	2c00      	cmp	r4, #0
1000273c:	d003      	beq.n	10002746 <_ntoa_format+0x70>
1000273e:	4294      	cmp	r4, r2
10002740:	d024      	beq.n	1000278c <_ntoa_format+0xb6>
10002742:	429c      	cmp	r4, r3
10002744:	d022      	beq.n	1000278c <_ntoa_format+0xb6>
10002746:	9a0f      	ldr	r2, [sp, #60]	; 0x3c
10002748:	2a10      	cmp	r2, #16
1000274a:	d02b      	beq.n	100027a4 <_ntoa_format+0xce>
1000274c:	9a0f      	ldr	r2, [sp, #60]	; 0x3c
1000274e:	2a10      	cmp	r2, #16
10002750:	d030      	beq.n	100027b4 <_ntoa_format+0xde>
10002752:	9a0f      	ldr	r2, [sp, #60]	; 0x3c
10002754:	2a02      	cmp	r2, #2
10002756:	d035      	beq.n	100027c4 <_ntoa_format+0xee>
10002758:	2c1f      	cmp	r4, #31
1000275a:	d802      	bhi.n	10002762 <_ntoa_format+0x8c>
1000275c:	2230      	movs	r2, #48	; 0x30
1000275e:	552a      	strb	r2, [r5, r4]
10002760:	3401      	adds	r4, #1
10002762:	2c1f      	cmp	r4, #31
10002764:	d805      	bhi.n	10002772 <_ntoa_format+0x9c>
10002766:	464a      	mov	r2, r9
10002768:	2a00      	cmp	r2, #0
1000276a:	d031      	beq.n	100027d0 <_ntoa_format+0xfa>
1000276c:	222d      	movs	r2, #45	; 0x2d
1000276e:	552a      	strb	r2, [r5, r4]
10002770:	3401      	adds	r4, #1
10002772:	9603      	str	r6, [sp, #12]
10002774:	9302      	str	r3, [sp, #8]
10002776:	9401      	str	r4, [sp, #4]
10002778:	9500      	str	r5, [sp, #0]
1000277a:	4643      	mov	r3, r8
1000277c:	4662      	mov	r2, ip
1000277e:	f7ff ff53 	bl	10002628 <_out_rev>
10002782:	b005      	add	sp, #20
10002784:	bcc0      	pop	{r6, r7}
10002786:	46b9      	mov	r9, r7
10002788:	46b0      	mov	r8, r6
1000278a:	bdf0      	pop	{r4, r5, r6, r7, pc}
1000278c:	1e62      	subs	r2, r4, #1
1000278e:	2c01      	cmp	r4, #1
10002790:	d006      	beq.n	100027a0 <_ntoa_format+0xca>
10002792:	9f0f      	ldr	r7, [sp, #60]	; 0x3c
10002794:	2f10      	cmp	r7, #16
10002796:	d001      	beq.n	1000279c <_ntoa_format+0xc6>
10002798:	0014      	movs	r4, r2
1000279a:	e7d4      	b.n	10002746 <_ntoa_format+0x70>
1000279c:	3c02      	subs	r4, #2
1000279e:	e7d2      	b.n	10002746 <_ntoa_format+0x70>
100027a0:	0014      	movs	r4, r2
100027a2:	e7d0      	b.n	10002746 <_ntoa_format+0x70>
100027a4:	06b2      	lsls	r2, r6, #26
100027a6:	d4d1      	bmi.n	1000274c <_ntoa_format+0x76>
100027a8:	2c1f      	cmp	r4, #31
100027aa:	d8cf      	bhi.n	1000274c <_ntoa_format+0x76>
100027ac:	2278      	movs	r2, #120	; 0x78
100027ae:	552a      	strb	r2, [r5, r4]
100027b0:	3401      	adds	r4, #1
100027b2:	e7d1      	b.n	10002758 <_ntoa_format+0x82>
100027b4:	06b2      	lsls	r2, r6, #26
100027b6:	d5cc      	bpl.n	10002752 <_ntoa_format+0x7c>
100027b8:	2c1f      	cmp	r4, #31
100027ba:	d8ca      	bhi.n	10002752 <_ntoa_format+0x7c>
100027bc:	2258      	movs	r2, #88	; 0x58
100027be:	552a      	strb	r2, [r5, r4]
100027c0:	3401      	adds	r4, #1
100027c2:	e7c9      	b.n	10002758 <_ntoa_format+0x82>
100027c4:	2c1f      	cmp	r4, #31
100027c6:	d8c7      	bhi.n	10002758 <_ntoa_format+0x82>
100027c8:	3260      	adds	r2, #96	; 0x60
100027ca:	552a      	strb	r2, [r5, r4]
100027cc:	3401      	adds	r4, #1
100027ce:	e7c3      	b.n	10002758 <_ntoa_format+0x82>
100027d0:	0772      	lsls	r2, r6, #29
100027d2:	d503      	bpl.n	100027dc <_ntoa_format+0x106>
100027d4:	222b      	movs	r2, #43	; 0x2b
100027d6:	552a      	strb	r2, [r5, r4]
100027d8:	3401      	adds	r4, #1
100027da:	e7ca      	b.n	10002772 <_ntoa_format+0x9c>
100027dc:	0732      	lsls	r2, r6, #28
100027de:	d5c8      	bpl.n	10002772 <_ntoa_format+0x9c>
100027e0:	2220      	movs	r2, #32
100027e2:	552a      	strb	r2, [r5, r4]
100027e4:	3401      	adds	r4, #1
100027e6:	e7c4      	b.n	10002772 <_ntoa_format+0x9c>

100027e8 <_ntoa_long>:
100027e8:	b5f0      	push	{r4, r5, r6, r7, lr}
100027ea:	46de      	mov	lr, fp
100027ec:	4657      	mov	r7, sl
100027ee:	464e      	mov	r6, r9
100027f0:	4645      	mov	r5, r8
100027f2:	b5e0      	push	{r5, r6, r7, lr}
100027f4:	b093      	sub	sp, #76	; 0x4c
100027f6:	4681      	mov	r9, r0
100027f8:	468a      	mov	sl, r1
100027fa:	9208      	str	r2, [sp, #32]
100027fc:	9309      	str	r3, [sp, #36]	; 0x24
100027fe:	ab1c      	add	r3, sp, #112	; 0x70
10002800:	cb10      	ldmia	r3!, {r4}
10002802:	781b      	ldrb	r3, [r3, #0]
10002804:	469b      	mov	fp, r3
10002806:	9d1e      	ldr	r5, [sp, #120]	; 0x78
10002808:	9b21      	ldr	r3, [sp, #132]	; 0x84
1000280a:	4698      	mov	r8, r3
1000280c:	2c00      	cmp	r4, #0
1000280e:	d103      	bne.n	10002818 <_ntoa_long+0x30>
10002810:	2310      	movs	r3, #16
10002812:	4642      	mov	r2, r8
10002814:	439a      	bics	r2, r3
10002816:	4690      	mov	r8, r2
10002818:	2380      	movs	r3, #128	; 0x80
1000281a:	00db      	lsls	r3, r3, #3
1000281c:	4646      	mov	r6, r8
1000281e:	401e      	ands	r6, r3
10002820:	4642      	mov	r2, r8
10002822:	421a      	tst	r2, r3
10002824:	d012      	beq.n	1000284c <_ntoa_long+0x64>
10002826:	2c00      	cmp	r4, #0
10002828:	d022      	beq.n	10002870 <_ntoa_long+0x88>
1000282a:	2600      	movs	r6, #0
1000282c:	e00e      	b.n	1000284c <_ntoa_long+0x64>
1000282e:	3330      	adds	r3, #48	; 0x30
10002830:	b2d9      	uxtb	r1, r3
10002832:	1c77      	adds	r7, r6, #1
10002834:	ab0a      	add	r3, sp, #40	; 0x28
10002836:	5599      	strb	r1, [r3, r6]
10002838:	0029      	movs	r1, r5
1000283a:	0020      	movs	r0, r4
1000283c:	f000 ffd6 	bl	100037ec <__wrap___aeabi_uidiv>
10002840:	42ac      	cmp	r4, r5
10002842:	d316      	bcc.n	10002872 <_ntoa_long+0x8a>
10002844:	2f1f      	cmp	r7, #31
10002846:	d814      	bhi.n	10002872 <_ntoa_long+0x8a>
10002848:	003e      	movs	r6, r7
1000284a:	0004      	movs	r4, r0
1000284c:	0029      	movs	r1, r5
1000284e:	0020      	movs	r0, r4
10002850:	f000 ffcc 	bl	100037ec <__wrap___aeabi_uidiv>
10002854:	b2cb      	uxtb	r3, r1
10002856:	2b09      	cmp	r3, #9
10002858:	d9e9      	bls.n	1000282e <_ntoa_long+0x46>
1000285a:	4642      	mov	r2, r8
1000285c:	0692      	lsls	r2, r2, #26
1000285e:	d505      	bpl.n	1000286c <_ntoa_long+0x84>
10002860:	2141      	movs	r1, #65	; 0x41
10002862:	18c9      	adds	r1, r1, r3
10002864:	b2c9      	uxtb	r1, r1
10002866:	390a      	subs	r1, #10
10002868:	b2c9      	uxtb	r1, r1
1000286a:	e7e2      	b.n	10002832 <_ntoa_long+0x4a>
1000286c:	2161      	movs	r1, #97	; 0x61
1000286e:	e7f8      	b.n	10002862 <_ntoa_long+0x7a>
10002870:	0027      	movs	r7, r4
10002872:	4643      	mov	r3, r8
10002874:	9306      	str	r3, [sp, #24]
10002876:	9b20      	ldr	r3, [sp, #128]	; 0x80
10002878:	9305      	str	r3, [sp, #20]
1000287a:	9b1f      	ldr	r3, [sp, #124]	; 0x7c
1000287c:	9304      	str	r3, [sp, #16]
1000287e:	9503      	str	r5, [sp, #12]
10002880:	465b      	mov	r3, fp
10002882:	9302      	str	r3, [sp, #8]
10002884:	9701      	str	r7, [sp, #4]
10002886:	ab0a      	add	r3, sp, #40	; 0x28
10002888:	9300      	str	r3, [sp, #0]
1000288a:	9b09      	ldr	r3, [sp, #36]	; 0x24
1000288c:	9a08      	ldr	r2, [sp, #32]
1000288e:	4651      	mov	r1, sl
10002890:	4648      	mov	r0, r9
10002892:	f7ff ff20 	bl	100026d6 <_ntoa_format>
10002896:	b013      	add	sp, #76	; 0x4c
10002898:	bcf0      	pop	{r4, r5, r6, r7}
1000289a:	46bb      	mov	fp, r7
1000289c:	46b2      	mov	sl, r6
1000289e:	46a9      	mov	r9, r5
100028a0:	46a0      	mov	r8, r4
100028a2:	bdf0      	pop	{r4, r5, r6, r7, pc}

100028a4 <_ntoa_long_long>:
100028a4:	b5f0      	push	{r4, r5, r6, r7, lr}
100028a6:	46de      	mov	lr, fp
100028a8:	4657      	mov	r7, sl
100028aa:	464e      	mov	r6, r9
100028ac:	4645      	mov	r5, r8
100028ae:	b5e0      	push	{r5, r6, r7, lr}
100028b0:	b095      	sub	sp, #84	; 0x54
100028b2:	9008      	str	r0, [sp, #32]
100028b4:	9109      	str	r1, [sp, #36]	; 0x24
100028b6:	920a      	str	r2, [sp, #40]	; 0x28
100028b8:	930b      	str	r3, [sp, #44]	; 0x2c
100028ba:	9e1e      	ldr	r6, [sp, #120]	; 0x78
100028bc:	9c1f      	ldr	r4, [sp, #124]	; 0x7c
100028be:	ab20      	add	r3, sp, #128	; 0x80
100028c0:	781b      	ldrb	r3, [r3, #0]
100028c2:	469b      	mov	fp, r3
100028c4:	9b22      	ldr	r3, [sp, #136]	; 0x88
100028c6:	4699      	mov	r9, r3
100028c8:	9d23      	ldr	r5, [sp, #140]	; 0x8c
100028ca:	9b26      	ldr	r3, [sp, #152]	; 0x98
100028cc:	469a      	mov	sl, r3
100028ce:	0033      	movs	r3, r6
100028d0:	4323      	orrs	r3, r4
100028d2:	d103      	bne.n	100028dc <_ntoa_long_long+0x38>
100028d4:	3310      	adds	r3, #16
100028d6:	4652      	mov	r2, sl
100028d8:	439a      	bics	r2, r3
100028da:	4692      	mov	sl, r2
100028dc:	2380      	movs	r3, #128	; 0x80
100028de:	00db      	lsls	r3, r3, #3
100028e0:	4657      	mov	r7, sl
100028e2:	401f      	ands	r7, r3
100028e4:	4652      	mov	r2, sl
100028e6:	421a      	tst	r2, r3
100028e8:	d019      	beq.n	1000291e <_ntoa_long_long+0x7a>
100028ea:	0033      	movs	r3, r6
100028ec:	4323      	orrs	r3, r4
100028ee:	d02d      	beq.n	1000294c <_ntoa_long_long+0xa8>
100028f0:	2700      	movs	r7, #0
100028f2:	e014      	b.n	1000291e <_ntoa_long_long+0x7a>
100028f4:	3330      	adds	r3, #48	; 0x30
100028f6:	b2da      	uxtb	r2, r3
100028f8:	1c7b      	adds	r3, r7, #1
100028fa:	4698      	mov	r8, r3
100028fc:	ab0c      	add	r3, sp, #48	; 0x30
100028fe:	55da      	strb	r2, [r3, r7]
10002900:	464a      	mov	r2, r9
10002902:	002b      	movs	r3, r5
10002904:	0030      	movs	r0, r6
10002906:	0021      	movs	r1, r4
10002908:	f000 ffae 	bl	10003868 <__wrap___aeabi_uldivmod>
1000290c:	42a5      	cmp	r5, r4
1000290e:	d81f      	bhi.n	10002950 <_ntoa_long_long+0xac>
10002910:	d019      	beq.n	10002946 <_ntoa_long_long+0xa2>
10002912:	4643      	mov	r3, r8
10002914:	2b1f      	cmp	r3, #31
10002916:	d81b      	bhi.n	10002950 <_ntoa_long_long+0xac>
10002918:	4647      	mov	r7, r8
1000291a:	0006      	movs	r6, r0
1000291c:	000c      	movs	r4, r1
1000291e:	464a      	mov	r2, r9
10002920:	002b      	movs	r3, r5
10002922:	0030      	movs	r0, r6
10002924:	0021      	movs	r1, r4
10002926:	f000 ff9f 	bl	10003868 <__wrap___aeabi_uldivmod>
1000292a:	b2d3      	uxtb	r3, r2
1000292c:	2b09      	cmp	r3, #9
1000292e:	d9e1      	bls.n	100028f4 <_ntoa_long_long+0x50>
10002930:	4652      	mov	r2, sl
10002932:	0692      	lsls	r2, r2, #26
10002934:	d505      	bpl.n	10002942 <_ntoa_long_long+0x9e>
10002936:	2241      	movs	r2, #65	; 0x41
10002938:	18d2      	adds	r2, r2, r3
1000293a:	b2d2      	uxtb	r2, r2
1000293c:	3a0a      	subs	r2, #10
1000293e:	b2d2      	uxtb	r2, r2
10002940:	e7da      	b.n	100028f8 <_ntoa_long_long+0x54>
10002942:	2261      	movs	r2, #97	; 0x61
10002944:	e7f8      	b.n	10002938 <_ntoa_long_long+0x94>
10002946:	45b1      	cmp	r9, r6
10002948:	d9e3      	bls.n	10002912 <_ntoa_long_long+0x6e>
1000294a:	e001      	b.n	10002950 <_ntoa_long_long+0xac>
1000294c:	2300      	movs	r3, #0
1000294e:	4698      	mov	r8, r3
10002950:	4653      	mov	r3, sl
10002952:	9306      	str	r3, [sp, #24]
10002954:	9b25      	ldr	r3, [sp, #148]	; 0x94
10002956:	9305      	str	r3, [sp, #20]
10002958:	9b24      	ldr	r3, [sp, #144]	; 0x90
1000295a:	9304      	str	r3, [sp, #16]
1000295c:	464b      	mov	r3, r9
1000295e:	9303      	str	r3, [sp, #12]
10002960:	465b      	mov	r3, fp
10002962:	9302      	str	r3, [sp, #8]
10002964:	4643      	mov	r3, r8
10002966:	9301      	str	r3, [sp, #4]
10002968:	ab0c      	add	r3, sp, #48	; 0x30
1000296a:	9300      	str	r3, [sp, #0]
1000296c:	9b0b      	ldr	r3, [sp, #44]	; 0x2c
1000296e:	9a0a      	ldr	r2, [sp, #40]	; 0x28
10002970:	9909      	ldr	r1, [sp, #36]	; 0x24
10002972:	9808      	ldr	r0, [sp, #32]
10002974:	f7ff feaf 	bl	100026d6 <_ntoa_format>
10002978:	b015      	add	sp, #84	; 0x54
1000297a:	bcf0      	pop	{r4, r5, r6, r7}
1000297c:	46bb      	mov	fp, r7
1000297e:	46b2      	mov	sl, r6
10002980:	46a9      	mov	r9, r5
10002982:	46a0      	mov	r8, r4
10002984:	bdf0      	pop	{r4, r5, r6, r7, pc}
	...

10002988 <_etoa>:
10002988:	b5f0      	push	{r4, r5, r6, r7, lr}
1000298a:	46de      	mov	lr, fp
1000298c:	4657      	mov	r7, sl
1000298e:	464e      	mov	r6, r9
10002990:	4645      	mov	r5, r8
10002992:	b5e0      	push	{r5, r6, r7, lr}
10002994:	b091      	sub	sp, #68	; 0x44
10002996:	4683      	mov	fp, r0
10002998:	468a      	mov	sl, r1
1000299a:	920c      	str	r2, [sp, #48]	; 0x30
1000299c:	4698      	mov	r8, r3
1000299e:	9c1a      	ldr	r4, [sp, #104]	; 0x68
100029a0:	9408      	str	r4, [sp, #32]
100029a2:	9d1b      	ldr	r5, [sp, #108]	; 0x6c
100029a4:	9509      	str	r5, [sp, #36]	; 0x24
100029a6:	0022      	movs	r2, r4
100029a8:	002b      	movs	r3, r5
100029aa:	0020      	movs	r0, r4
100029ac:	0029      	movs	r1, r5
100029ae:	f001 f9e6 	bl	10003d7e <__wrap___aeabi_dcmpun>
100029b2:	2800      	cmp	r0, #0
100029b4:	d000      	beq.n	100029b8 <_etoa+0x30>
100029b6:	e0e5      	b.n	10002b84 <_etoa+0x1fc>
100029b8:	2201      	movs	r2, #1
100029ba:	4252      	negs	r2, r2
100029bc:	4bd7      	ldr	r3, [pc, #860]	; (10002d1c <_etoa+0x394>)
100029be:	0020      	movs	r0, r4
100029c0:	0029      	movs	r1, r5
100029c2:	f001 f9d7 	bl	10003d74 <__wrap___aeabi_dcmpgt>
100029c6:	2800      	cmp	r0, #0
100029c8:	d000      	beq.n	100029cc <_etoa+0x44>
100029ca:	e0db      	b.n	10002b84 <_etoa+0x1fc>
100029cc:	2201      	movs	r2, #1
100029ce:	4252      	negs	r2, r2
100029d0:	4bd3      	ldr	r3, [pc, #844]	; (10002d20 <_etoa+0x398>)
100029d2:	0020      	movs	r0, r4
100029d4:	0029      	movs	r1, r5
100029d6:	f001 f9b7 	bl	10003d48 <__wrap___aeabi_dcmplt>
100029da:	2800      	cmp	r0, #0
100029dc:	d000      	beq.n	100029e0 <_etoa+0x58>
100029de:	e0d1      	b.n	10002b84 <_etoa+0x1fc>
100029e0:	2200      	movs	r2, #0
100029e2:	2300      	movs	r3, #0
100029e4:	9e08      	ldr	r6, [sp, #32]
100029e6:	0030      	movs	r0, r6
100029e8:	9d09      	ldr	r5, [sp, #36]	; 0x24
100029ea:	0029      	movs	r1, r5
100029ec:	f001 f9ac 	bl	10003d48 <__wrap___aeabi_dcmplt>
100029f0:	2800      	cmp	r0, #0
100029f2:	d000      	beq.n	100029f6 <_etoa+0x6e>
100029f4:	e0dd      	b.n	10002bb2 <_etoa+0x22a>
100029f6:	9808      	ldr	r0, [sp, #32]
100029f8:	9909      	ldr	r1, [sp, #36]	; 0x24
100029fa:	9006      	str	r0, [sp, #24]
100029fc:	9107      	str	r1, [sp, #28]
100029fe:	2380      	movs	r3, #128	; 0x80
10002a00:	00db      	lsls	r3, r3, #3
10002a02:	9a1e      	ldr	r2, [sp, #120]	; 0x78
10002a04:	401a      	ands	r2, r3
10002a06:	920d      	str	r2, [sp, #52]	; 0x34
10002a08:	9a1e      	ldr	r2, [sp, #120]	; 0x78
10002a0a:	421a      	tst	r2, r3
10002a0c:	d101      	bne.n	10002a12 <_etoa+0x8a>
10002a0e:	2306      	movs	r3, #6
10002a10:	931c      	str	r3, [sp, #112]	; 0x70
10002a12:	9806      	ldr	r0, [sp, #24]
10002a14:	9907      	ldr	r1, [sp, #28]
10002a16:	0004      	movs	r4, r0
10002a18:	000d      	movs	r5, r1
10002a1a:	000a      	movs	r2, r1
10002a1c:	0006      	movs	r6, r0
10002a1e:	4302      	orrs	r2, r0
10002a20:	d100      	bne.n	10002a24 <_etoa+0x9c>
10002a22:	e0d1      	b.n	10002bc8 <_etoa+0x240>
10002a24:	0d08      	lsrs	r0, r1, #20
10002a26:	0540      	lsls	r0, r0, #21
10002a28:	0d40      	lsrs	r0, r0, #21
10002a2a:	4cbe      	ldr	r4, [pc, #760]	; (10002d24 <_etoa+0x39c>)
10002a2c:	46a4      	mov	ip, r4
10002a2e:	4460      	add	r0, ip
10002a30:	030a      	lsls	r2, r1, #12
10002a32:	0b12      	lsrs	r2, r2, #12
10002a34:	4bbc      	ldr	r3, [pc, #752]	; (10002d28 <_etoa+0x3a0>)
10002a36:	4313      	orrs	r3, r2
10002a38:	001f      	movs	r7, r3
10002a3a:	f001 f9b3 	bl	10003da4 <__wrap___aeabi_i2d>
10002a3e:	4abb      	ldr	r2, [pc, #748]	; (10002d2c <_etoa+0x3a4>)
10002a40:	4bbb      	ldr	r3, [pc, #748]	; (10002d30 <_etoa+0x3a8>)
10002a42:	f001 f93e 	bl	10003cc2 <__wrap___aeabi_dmul>
10002a46:	4abb      	ldr	r2, [pc, #748]	; (10002d34 <_etoa+0x3ac>)
10002a48:	4bbb      	ldr	r3, [pc, #748]	; (10002d38 <_etoa+0x3b0>)
10002a4a:	f001 f913 	bl	10003c74 <__wrap___aeabi_dadd>
10002a4e:	0004      	movs	r4, r0
10002a50:	000d      	movs	r5, r1
10002a52:	2200      	movs	r2, #0
10002a54:	4bb9      	ldr	r3, [pc, #740]	; (10002d3c <_etoa+0x3b4>)
10002a56:	0030      	movs	r0, r6
10002a58:	0039      	movs	r1, r7
10002a5a:	f001 f902 	bl	10003c62 <__wrap___aeabi_dsub>
10002a5e:	4ab8      	ldr	r2, [pc, #736]	; (10002d40 <_etoa+0x3b8>)
10002a60:	4bb8      	ldr	r3, [pc, #736]	; (10002d44 <_etoa+0x3bc>)
10002a62:	f001 f92e 	bl	10003cc2 <__wrap___aeabi_dmul>
10002a66:	0002      	movs	r2, r0
10002a68:	000b      	movs	r3, r1
10002a6a:	0020      	movs	r0, r4
10002a6c:	0029      	movs	r1, r5
10002a6e:	f001 f901 	bl	10003c74 <__wrap___aeabi_dadd>
10002a72:	f001 f9af 	bl	10003dd4 <__wrap___aeabi_d2iz>
10002a76:	4681      	mov	r9, r0
10002a78:	f001 f994 	bl	10003da4 <__wrap___aeabi_i2d>
10002a7c:	0004      	movs	r4, r0
10002a7e:	000d      	movs	r5, r1
10002a80:	4ab1      	ldr	r2, [pc, #708]	; (10002d48 <_etoa+0x3c0>)
10002a82:	4bb2      	ldr	r3, [pc, #712]	; (10002d4c <_etoa+0x3c4>)
10002a84:	f001 f91d 	bl	10003cc2 <__wrap___aeabi_dmul>
10002a88:	2200      	movs	r2, #0
10002a8a:	4bb1      	ldr	r3, [pc, #708]	; (10002d50 <_etoa+0x3c8>)
10002a8c:	f001 f8f2 	bl	10003c74 <__wrap___aeabi_dadd>
10002a90:	f001 f9a0 	bl	10003dd4 <__wrap___aeabi_d2iz>
10002a94:	0006      	movs	r6, r0
10002a96:	4aaf      	ldr	r2, [pc, #700]	; (10002d54 <_etoa+0x3cc>)
10002a98:	4baf      	ldr	r3, [pc, #700]	; (10002d58 <_etoa+0x3d0>)
10002a9a:	0020      	movs	r0, r4
10002a9c:	0029      	movs	r1, r5
10002a9e:	f001 f910 	bl	10003cc2 <__wrap___aeabi_dmul>
10002aa2:	0004      	movs	r4, r0
10002aa4:	000d      	movs	r5, r1
10002aa6:	0030      	movs	r0, r6
10002aa8:	f001 f97c 	bl	10003da4 <__wrap___aeabi_i2d>
10002aac:	4aab      	ldr	r2, [pc, #684]	; (10002d5c <_etoa+0x3d4>)
10002aae:	4bac      	ldr	r3, [pc, #688]	; (10002d60 <_etoa+0x3d8>)
10002ab0:	f001 f907 	bl	10003cc2 <__wrap___aeabi_dmul>
10002ab4:	0002      	movs	r2, r0
10002ab6:	000b      	movs	r3, r1
10002ab8:	0020      	movs	r0, r4
10002aba:	0029      	movs	r1, r5
10002abc:	f001 f8d1 	bl	10003c62 <__wrap___aeabi_dsub>
10002ac0:	0004      	movs	r4, r0
10002ac2:	000d      	movs	r5, r1
10002ac4:	0002      	movs	r2, r0
10002ac6:	000b      	movs	r3, r1
10002ac8:	f001 f8fb 	bl	10003cc2 <__wrap___aeabi_dmul>
10002acc:	900a      	str	r0, [sp, #40]	; 0x28
10002ace:	910b      	str	r1, [sp, #44]	; 0x2c
10002ad0:	4ba4      	ldr	r3, [pc, #656]	; (10002d64 <_etoa+0x3dc>)
10002ad2:	18f3      	adds	r3, r6, r3
10002ad4:	2600      	movs	r6, #0
10002ad6:	051f      	lsls	r7, r3, #20
10002ad8:	0022      	movs	r2, r4
10002ada:	002b      	movs	r3, r5
10002adc:	0020      	movs	r0, r4
10002ade:	0029      	movs	r1, r5
10002ae0:	f001 f8c8 	bl	10003c74 <__wrap___aeabi_dadd>
10002ae4:	900e      	str	r0, [sp, #56]	; 0x38
10002ae6:	910f      	str	r1, [sp, #60]	; 0x3c
10002ae8:	0022      	movs	r2, r4
10002aea:	002b      	movs	r3, r5
10002aec:	2000      	movs	r0, #0
10002aee:	2180      	movs	r1, #128	; 0x80
10002af0:	05c9      	lsls	r1, r1, #23
10002af2:	f001 f8b6 	bl	10003c62 <__wrap___aeabi_dsub>
10002af6:	0004      	movs	r4, r0
10002af8:	000d      	movs	r5, r1
10002afa:	2200      	movs	r2, #0
10002afc:	4b9a      	ldr	r3, [pc, #616]	; (10002d68 <_etoa+0x3e0>)
10002afe:	980a      	ldr	r0, [sp, #40]	; 0x28
10002b00:	990b      	ldr	r1, [sp, #44]	; 0x2c
10002b02:	f001 f8c0 	bl	10003c86 <__wrap___aeabi_ddiv>
10002b06:	2200      	movs	r2, #0
10002b08:	4b98      	ldr	r3, [pc, #608]	; (10002d6c <_etoa+0x3e4>)
10002b0a:	f001 f8b3 	bl	10003c74 <__wrap___aeabi_dadd>
10002b0e:	0002      	movs	r2, r0
10002b10:	000b      	movs	r3, r1
10002b12:	980a      	ldr	r0, [sp, #40]	; 0x28
10002b14:	990b      	ldr	r1, [sp, #44]	; 0x2c
10002b16:	f001 f8b6 	bl	10003c86 <__wrap___aeabi_ddiv>
10002b1a:	2200      	movs	r2, #0
10002b1c:	4b94      	ldr	r3, [pc, #592]	; (10002d70 <_etoa+0x3e8>)
10002b1e:	f001 f8a9 	bl	10003c74 <__wrap___aeabi_dadd>
10002b22:	0002      	movs	r2, r0
10002b24:	000b      	movs	r3, r1
10002b26:	980a      	ldr	r0, [sp, #40]	; 0x28
10002b28:	990b      	ldr	r1, [sp, #44]	; 0x2c
10002b2a:	f001 f8ac 	bl	10003c86 <__wrap___aeabi_ddiv>
10002b2e:	0002      	movs	r2, r0
10002b30:	000b      	movs	r3, r1
10002b32:	0020      	movs	r0, r4
10002b34:	0029      	movs	r1, r5
10002b36:	f001 f89d 	bl	10003c74 <__wrap___aeabi_dadd>
10002b3a:	0002      	movs	r2, r0
10002b3c:	000b      	movs	r3, r1
10002b3e:	980e      	ldr	r0, [sp, #56]	; 0x38
10002b40:	990f      	ldr	r1, [sp, #60]	; 0x3c
10002b42:	f001 f8a0 	bl	10003c86 <__wrap___aeabi_ddiv>
10002b46:	2200      	movs	r2, #0
10002b48:	4b77      	ldr	r3, [pc, #476]	; (10002d28 <_etoa+0x3a0>)
10002b4a:	f001 f893 	bl	10003c74 <__wrap___aeabi_dadd>
10002b4e:	0032      	movs	r2, r6
10002b50:	003b      	movs	r3, r7
10002b52:	f001 f8b6 	bl	10003cc2 <__wrap___aeabi_dmul>
10002b56:	0006      	movs	r6, r0
10002b58:	000f      	movs	r7, r1
10002b5a:	0004      	movs	r4, r0
10002b5c:	000d      	movs	r5, r1
10002b5e:	9a06      	ldr	r2, [sp, #24]
10002b60:	9b07      	ldr	r3, [sp, #28]
10002b62:	f001 f907 	bl	10003d74 <__wrap___aeabi_dcmpgt>
10002b66:	2800      	cmp	r0, #0
10002b68:	d030      	beq.n	10002bcc <_etoa+0x244>
10002b6a:	2301      	movs	r3, #1
10002b6c:	425b      	negs	r3, r3
10002b6e:	469c      	mov	ip, r3
10002b70:	44e1      	add	r9, ip
10002b72:	2200      	movs	r2, #0
10002b74:	4b7d      	ldr	r3, [pc, #500]	; (10002d6c <_etoa+0x3e4>)
10002b76:	0030      	movs	r0, r6
10002b78:	0039      	movs	r1, r7
10002b7a:	f001 f884 	bl	10003c86 <__wrap___aeabi_ddiv>
10002b7e:	0004      	movs	r4, r0
10002b80:	000d      	movs	r5, r1
10002b82:	e023      	b.n	10002bcc <_etoa+0x244>
10002b84:	9b1e      	ldr	r3, [sp, #120]	; 0x78
10002b86:	9304      	str	r3, [sp, #16]
10002b88:	9b1d      	ldr	r3, [sp, #116]	; 0x74
10002b8a:	9303      	str	r3, [sp, #12]
10002b8c:	9b1c      	ldr	r3, [sp, #112]	; 0x70
10002b8e:	9302      	str	r3, [sp, #8]
10002b90:	9a08      	ldr	r2, [sp, #32]
10002b92:	9b09      	ldr	r3, [sp, #36]	; 0x24
10002b94:	9200      	str	r2, [sp, #0]
10002b96:	9301      	str	r3, [sp, #4]
10002b98:	4643      	mov	r3, r8
10002b9a:	9a0c      	ldr	r2, [sp, #48]	; 0x30
10002b9c:	4651      	mov	r1, sl
10002b9e:	4658      	mov	r0, fp
10002ba0:	f000 f8fc 	bl	10002d9c <_ftoa>
10002ba4:	b011      	add	sp, #68	; 0x44
10002ba6:	bcf0      	pop	{r4, r5, r6, r7}
10002ba8:	46bb      	mov	fp, r7
10002baa:	46b2      	mov	sl, r6
10002bac:	46a9      	mov	r9, r5
10002bae:	46a0      	mov	r8, r4
10002bb0:	bdf0      	pop	{r4, r5, r6, r7, pc}
10002bb2:	2300      	movs	r3, #0
10002bb4:	2400      	movs	r4, #0
10002bb6:	9306      	str	r3, [sp, #24]
10002bb8:	9407      	str	r4, [sp, #28]
10002bba:	9606      	str	r6, [sp, #24]
10002bbc:	2380      	movs	r3, #128	; 0x80
10002bbe:	061b      	lsls	r3, r3, #24
10002bc0:	469c      	mov	ip, r3
10002bc2:	4465      	add	r5, ip
10002bc4:	9507      	str	r5, [sp, #28]
10002bc6:	e71a      	b.n	100029fe <_etoa+0x76>
10002bc8:	2300      	movs	r3, #0
10002bca:	4699      	mov	r9, r3
10002bcc:	464b      	mov	r3, r9
10002bce:	3363      	adds	r3, #99	; 0x63
10002bd0:	2bc6      	cmp	r3, #198	; 0xc6
10002bd2:	d81e      	bhi.n	10002c12 <_etoa+0x28a>
10002bd4:	2604      	movs	r6, #4
10002bd6:	9b1e      	ldr	r3, [sp, #120]	; 0x78
10002bd8:	051b      	lsls	r3, r3, #20
10002bda:	d526      	bpl.n	10002c2a <_etoa+0x2a2>
10002bdc:	002b      	movs	r3, r5
10002bde:	4323      	orrs	r3, r4
10002be0:	d00f      	beq.n	10002c02 <_etoa+0x27a>
10002be2:	4a64      	ldr	r2, [pc, #400]	; (10002d74 <_etoa+0x3ec>)
10002be4:	4b64      	ldr	r3, [pc, #400]	; (10002d78 <_etoa+0x3f0>)
10002be6:	9806      	ldr	r0, [sp, #24]
10002be8:	9907      	ldr	r1, [sp, #28]
10002bea:	f001 f8bb 	bl	10003d64 <__wrap___aeabi_dcmpge>
10002bee:	2800      	cmp	r0, #0
10002bf0:	d079      	beq.n	10002ce6 <_etoa+0x35e>
10002bf2:	2200      	movs	r2, #0
10002bf4:	4b61      	ldr	r3, [pc, #388]	; (10002d7c <_etoa+0x3f4>)
10002bf6:	9806      	ldr	r0, [sp, #24]
10002bf8:	9907      	ldr	r1, [sp, #28]
10002bfa:	f001 f8a5 	bl	10003d48 <__wrap___aeabi_dcmplt>
10002bfe:	2800      	cmp	r0, #0
10002c00:	d071      	beq.n	10002ce6 <_etoa+0x35e>
10002c02:	9b1c      	ldr	r3, [sp, #112]	; 0x70
10002c04:	454b      	cmp	r3, r9
10002c06:	dd06      	ble.n	10002c16 <_etoa+0x28e>
10002c08:	464a      	mov	r2, r9
10002c0a:	1a98      	subs	r0, r3, r2
10002c0c:	1e43      	subs	r3, r0, #1
10002c0e:	931c      	str	r3, [sp, #112]	; 0x70
10002c10:	e003      	b.n	10002c1a <_etoa+0x292>
10002c12:	2605      	movs	r6, #5
10002c14:	e7df      	b.n	10002bd6 <_etoa+0x24e>
10002c16:	2300      	movs	r3, #0
10002c18:	931c      	str	r3, [sp, #112]	; 0x70
10002c1a:	2380      	movs	r3, #128	; 0x80
10002c1c:	00db      	lsls	r3, r3, #3
10002c1e:	9a1e      	ldr	r2, [sp, #120]	; 0x78
10002c20:	431a      	orrs	r2, r3
10002c22:	921e      	str	r2, [sp, #120]	; 0x78
10002c24:	2600      	movs	r6, #0
10002c26:	2300      	movs	r3, #0
10002c28:	4699      	mov	r9, r3
10002c2a:	9b1d      	ldr	r3, [sp, #116]	; 0x74
10002c2c:	429e      	cmp	r6, r3
10002c2e:	d264      	bcs.n	10002cfa <_etoa+0x372>
10002c30:	1b9f      	subs	r7, r3, r6
10002c32:	2302      	movs	r3, #2
10002c34:	9a1e      	ldr	r2, [sp, #120]	; 0x78
10002c36:	401a      	ands	r2, r3
10002c38:	920a      	str	r2, [sp, #40]	; 0x28
10002c3a:	9a1e      	ldr	r2, [sp, #120]	; 0x78
10002c3c:	4213      	tst	r3, r2
10002c3e:	d002      	beq.n	10002c46 <_etoa+0x2be>
10002c40:	2e00      	cmp	r6, #0
10002c42:	d000      	beq.n	10002c46 <_etoa+0x2be>
10002c44:	2700      	movs	r7, #0
10002c46:	464b      	mov	r3, r9
10002c48:	2b00      	cmp	r3, #0
10002c4a:	d007      	beq.n	10002c5c <_etoa+0x2d4>
10002c4c:	0022      	movs	r2, r4
10002c4e:	002b      	movs	r3, r5
10002c50:	9806      	ldr	r0, [sp, #24]
10002c52:	9907      	ldr	r1, [sp, #28]
10002c54:	f001 f817 	bl	10003c86 <__wrap___aeabi_ddiv>
10002c58:	9006      	str	r0, [sp, #24]
10002c5a:	9107      	str	r1, [sp, #28]
10002c5c:	2200      	movs	r2, #0
10002c5e:	2300      	movs	r3, #0
10002c60:	9808      	ldr	r0, [sp, #32]
10002c62:	9909      	ldr	r1, [sp, #36]	; 0x24
10002c64:	f001 f870 	bl	10003d48 <__wrap___aeabi_dcmplt>
10002c68:	2800      	cmp	r0, #0
10002c6a:	d148      	bne.n	10002cfe <_etoa+0x376>
10002c6c:	4b44      	ldr	r3, [pc, #272]	; (10002d80 <_etoa+0x3f8>)
10002c6e:	9a1e      	ldr	r2, [sp, #120]	; 0x78
10002c70:	4013      	ands	r3, r2
10002c72:	9304      	str	r3, [sp, #16]
10002c74:	9703      	str	r7, [sp, #12]
10002c76:	9b1c      	ldr	r3, [sp, #112]	; 0x70
10002c78:	9302      	str	r3, [sp, #8]
10002c7a:	9b06      	ldr	r3, [sp, #24]
10002c7c:	9c07      	ldr	r4, [sp, #28]
10002c7e:	9300      	str	r3, [sp, #0]
10002c80:	9401      	str	r4, [sp, #4]
10002c82:	4643      	mov	r3, r8
10002c84:	9a0c      	ldr	r2, [sp, #48]	; 0x30
10002c86:	4651      	mov	r1, sl
10002c88:	4658      	mov	r0, fp
10002c8a:	f000 f887 	bl	10002d9c <_ftoa>
10002c8e:	2e00      	cmp	r6, #0
10002c90:	d100      	bne.n	10002c94 <_etoa+0x30c>
10002c92:	e787      	b.n	10002ba4 <_etoa+0x21c>
10002c94:	9b1e      	ldr	r3, [sp, #120]	; 0x78
10002c96:	069b      	lsls	r3, r3, #26
10002c98:	d53d      	bpl.n	10002d16 <_etoa+0x38e>
10002c9a:	2545      	movs	r5, #69	; 0x45
10002c9c:	1c44      	adds	r4, r0, #1
10002c9e:	4643      	mov	r3, r8
10002ca0:	0002      	movs	r2, r0
10002ca2:	4651      	mov	r1, sl
10002ca4:	0028      	movs	r0, r5
10002ca6:	47d8      	blx	fp
10002ca8:	464b      	mov	r3, r9
10002caa:	17da      	asrs	r2, r3, #31
10002cac:	189b      	adds	r3, r3, r2
10002cae:	4053      	eors	r3, r2
10002cb0:	2205      	movs	r2, #5
10002cb2:	9205      	str	r2, [sp, #20]
10002cb4:	3e01      	subs	r6, #1
10002cb6:	9604      	str	r6, [sp, #16]
10002cb8:	2200      	movs	r2, #0
10002cba:	9203      	str	r2, [sp, #12]
10002cbc:	320a      	adds	r2, #10
10002cbe:	9202      	str	r2, [sp, #8]
10002cc0:	464a      	mov	r2, r9
10002cc2:	0fd0      	lsrs	r0, r2, #31
10002cc4:	9001      	str	r0, [sp, #4]
10002cc6:	9300      	str	r3, [sp, #0]
10002cc8:	4643      	mov	r3, r8
10002cca:	0022      	movs	r2, r4
10002ccc:	4651      	mov	r1, sl
10002cce:	4658      	mov	r0, fp
10002cd0:	f7ff fd8a 	bl	100027e8 <_ntoa_long>
10002cd4:	9b0a      	ldr	r3, [sp, #40]	; 0x28
10002cd6:	2b00      	cmp	r3, #0
10002cd8:	d100      	bne.n	10002cdc <_etoa+0x354>
10002cda:	e763      	b.n	10002ba4 <_etoa+0x21c>
10002cdc:	0002      	movs	r2, r0
10002cde:	465f      	mov	r7, fp
10002ce0:	9e0c      	ldr	r6, [sp, #48]	; 0x30
10002ce2:	9d1d      	ldr	r5, [sp, #116]	; 0x74
10002ce4:	e054      	b.n	10002d90 <_etoa+0x408>
10002ce6:	9b1c      	ldr	r3, [sp, #112]	; 0x70
10002ce8:	2b00      	cmp	r3, #0
10002cea:	d09e      	beq.n	10002c2a <_etoa+0x2a2>
10002cec:	9b0d      	ldr	r3, [sp, #52]	; 0x34
10002cee:	2b00      	cmp	r3, #0
10002cf0:	d09b      	beq.n	10002c2a <_etoa+0x2a2>
10002cf2:	9b1c      	ldr	r3, [sp, #112]	; 0x70
10002cf4:	3b01      	subs	r3, #1
10002cf6:	931c      	str	r3, [sp, #112]	; 0x70
10002cf8:	e797      	b.n	10002c2a <_etoa+0x2a2>
10002cfa:	2700      	movs	r7, #0
10002cfc:	e799      	b.n	10002c32 <_etoa+0x2aa>
10002cfe:	9c06      	ldr	r4, [sp, #24]
10002d00:	9d07      	ldr	r5, [sp, #28]
10002d02:	0022      	movs	r2, r4
10002d04:	0029      	movs	r1, r5
10002d06:	2080      	movs	r0, #128	; 0x80
10002d08:	0600      	lsls	r0, r0, #24
10002d0a:	4684      	mov	ip, r0
10002d0c:	4461      	add	r1, ip
10002d0e:	000b      	movs	r3, r1
10002d10:	9206      	str	r2, [sp, #24]
10002d12:	9307      	str	r3, [sp, #28]
10002d14:	e7aa      	b.n	10002c6c <_etoa+0x2e4>
10002d16:	2565      	movs	r5, #101	; 0x65
10002d18:	e7c0      	b.n	10002c9c <_etoa+0x314>
10002d1a:	46c0      	nop			; (mov r8, r8)
10002d1c:	7fefffff 	.word	0x7fefffff
10002d20:	ffefffff 	.word	0xffefffff
10002d24:	fffffc01 	.word	0xfffffc01
10002d28:	3ff00000 	.word	0x3ff00000
10002d2c:	509f79fb 	.word	0x509f79fb
10002d30:	3fd34413 	.word	0x3fd34413
10002d34:	8b60c8b3 	.word	0x8b60c8b3
10002d38:	3fc68a28 	.word	0x3fc68a28
10002d3c:	3ff80000 	.word	0x3ff80000
10002d40:	636f4361 	.word	0x636f4361
10002d44:	3fd287a7 	.word	0x3fd287a7
10002d48:	0979a371 	.word	0x0979a371
10002d4c:	400a934f 	.word	0x400a934f
10002d50:	3fe00000 	.word	0x3fe00000
10002d54:	bbb55516 	.word	0xbbb55516
10002d58:	40026bb1 	.word	0x40026bb1
10002d5c:	fefa39ef 	.word	0xfefa39ef
10002d60:	3fe62e42 	.word	0x3fe62e42
10002d64:	000003ff 	.word	0x000003ff
10002d68:	402c0000 	.word	0x402c0000
10002d6c:	40240000 	.word	0x40240000
10002d70:	40180000 	.word	0x40180000
10002d74:	eb1c432d 	.word	0xeb1c432d
10002d78:	3f1a36e2 	.word	0x3f1a36e2
10002d7c:	412e8480 	.word	0x412e8480
10002d80:	fffff7ff 	.word	0xfffff7ff
10002d84:	1c54      	adds	r4, r2, #1
10002d86:	4643      	mov	r3, r8
10002d88:	4651      	mov	r1, sl
10002d8a:	2020      	movs	r0, #32
10002d8c:	47b8      	blx	r7
10002d8e:	0022      	movs	r2, r4
10002d90:	1b93      	subs	r3, r2, r6
10002d92:	42ab      	cmp	r3, r5
10002d94:	d3f6      	bcc.n	10002d84 <_etoa+0x3fc>
10002d96:	0010      	movs	r0, r2
10002d98:	e704      	b.n	10002ba4 <_etoa+0x21c>
10002d9a:	46c0      	nop			; (mov r8, r8)

10002d9c <_ftoa>:
10002d9c:	b5f0      	push	{r4, r5, r6, r7, lr}
10002d9e:	46de      	mov	lr, fp
10002da0:	4657      	mov	r7, sl
10002da2:	464e      	mov	r6, r9
10002da4:	4645      	mov	r5, r8
10002da6:	b5e0      	push	{r5, r6, r7, lr}
10002da8:	b095      	sub	sp, #84	; 0x54
10002daa:	9006      	str	r0, [sp, #24]
10002dac:	9107      	str	r1, [sp, #28]
10002dae:	4693      	mov	fp, r2
10002db0:	4699      	mov	r9, r3
10002db2:	9f20      	ldr	r7, [sp, #128]	; 0x80
10002db4:	9a1e      	ldr	r2, [sp, #120]	; 0x78
10002db6:	9b1f      	ldr	r3, [sp, #124]	; 0x7c
10002db8:	0010      	movs	r0, r2
10002dba:	0019      	movs	r1, r3
10002dbc:	f000 ffdf 	bl	10003d7e <__wrap___aeabi_dcmpun>
10002dc0:	2800      	cmp	r0, #0
10002dc2:	d131      	bne.n	10002e28 <_ftoa+0x8c>
10002dc4:	2201      	movs	r2, #1
10002dc6:	4252      	negs	r2, r2
10002dc8:	4bbf      	ldr	r3, [pc, #764]	; (100030c8 <_ftoa+0x32c>)
10002dca:	981e      	ldr	r0, [sp, #120]	; 0x78
10002dcc:	991f      	ldr	r1, [sp, #124]	; 0x7c
10002dce:	f000 ffbb 	bl	10003d48 <__wrap___aeabi_dcmplt>
10002dd2:	2800      	cmp	r0, #0
10002dd4:	d137      	bne.n	10002e46 <_ftoa+0xaa>
10002dd6:	2201      	movs	r2, #1
10002dd8:	4252      	negs	r2, r2
10002dda:	4bbc      	ldr	r3, [pc, #752]	; (100030cc <_ftoa+0x330>)
10002ddc:	981e      	ldr	r0, [sp, #120]	; 0x78
10002dde:	991f      	ldr	r1, [sp, #124]	; 0x7c
10002de0:	f000 ffc8 	bl	10003d74 <__wrap___aeabi_dcmpgt>
10002de4:	2800      	cmp	r0, #0
10002de6:	d13d      	bne.n	10002e64 <_ftoa+0xc8>
10002de8:	2200      	movs	r2, #0
10002dea:	4bb9      	ldr	r3, [pc, #740]	; (100030d0 <_ftoa+0x334>)
10002dec:	981e      	ldr	r0, [sp, #120]	; 0x78
10002dee:	991f      	ldr	r1, [sp, #124]	; 0x7c
10002df0:	f000 ffc0 	bl	10003d74 <__wrap___aeabi_dcmpgt>
10002df4:	2800      	cmp	r0, #0
10002df6:	d150      	bne.n	10002e9a <_ftoa+0xfe>
10002df8:	2200      	movs	r2, #0
10002dfa:	4bb6      	ldr	r3, [pc, #728]	; (100030d4 <_ftoa+0x338>)
10002dfc:	981e      	ldr	r0, [sp, #120]	; 0x78
10002dfe:	991f      	ldr	r1, [sp, #124]	; 0x7c
10002e00:	f000 ffa2 	bl	10003d48 <__wrap___aeabi_dcmplt>
10002e04:	2800      	cmp	r0, #0
10002e06:	d148      	bne.n	10002e9a <_ftoa+0xfe>
10002e08:	2200      	movs	r2, #0
10002e0a:	2300      	movs	r3, #0
10002e0c:	981e      	ldr	r0, [sp, #120]	; 0x78
10002e0e:	991f      	ldr	r1, [sp, #124]	; 0x7c
10002e10:	f000 ff9a 	bl	10003d48 <__wrap___aeabi_dcmplt>
10002e14:	2800      	cmp	r0, #0
10002e16:	d150      	bne.n	10002eba <_ftoa+0x11e>
10002e18:	2300      	movs	r3, #0
10002e1a:	4698      	mov	r8, r3
10002e1c:	9b22      	ldr	r3, [sp, #136]	; 0x88
10002e1e:	055b      	lsls	r3, r3, #21
10002e20:	d400      	bmi.n	10002e24 <_ftoa+0x88>
10002e22:	e0b6      	b.n	10002f92 <_ftoa+0x1f6>
10002e24:	2400      	movs	r4, #0
10002e26:	e058      	b.n	10002eda <_ftoa+0x13e>
10002e28:	9b22      	ldr	r3, [sp, #136]	; 0x88
10002e2a:	9303      	str	r3, [sp, #12]
10002e2c:	9b21      	ldr	r3, [sp, #132]	; 0x84
10002e2e:	9302      	str	r3, [sp, #8]
10002e30:	2303      	movs	r3, #3
10002e32:	9301      	str	r3, [sp, #4]
10002e34:	4ba8      	ldr	r3, [pc, #672]	; (100030d8 <_ftoa+0x33c>)
10002e36:	9300      	str	r3, [sp, #0]
10002e38:	464b      	mov	r3, r9
10002e3a:	465a      	mov	r2, fp
10002e3c:	9907      	ldr	r1, [sp, #28]
10002e3e:	9806      	ldr	r0, [sp, #24]
10002e40:	f7ff fbf2 	bl	10002628 <_out_rev>
10002e44:	e10e      	b.n	10003064 <_ftoa+0x2c8>
10002e46:	9b22      	ldr	r3, [sp, #136]	; 0x88
10002e48:	9303      	str	r3, [sp, #12]
10002e4a:	9b21      	ldr	r3, [sp, #132]	; 0x84
10002e4c:	9302      	str	r3, [sp, #8]
10002e4e:	2304      	movs	r3, #4
10002e50:	9301      	str	r3, [sp, #4]
10002e52:	4ba2      	ldr	r3, [pc, #648]	; (100030dc <_ftoa+0x340>)
10002e54:	9300      	str	r3, [sp, #0]
10002e56:	464b      	mov	r3, r9
10002e58:	465a      	mov	r2, fp
10002e5a:	9907      	ldr	r1, [sp, #28]
10002e5c:	9806      	ldr	r0, [sp, #24]
10002e5e:	f7ff fbe3 	bl	10002628 <_out_rev>
10002e62:	e0ff      	b.n	10003064 <_ftoa+0x2c8>
10002e64:	2304      	movs	r3, #4
10002e66:	9a22      	ldr	r2, [sp, #136]	; 0x88
10002e68:	401a      	ands	r2, r3
10002e6a:	9922      	ldr	r1, [sp, #136]	; 0x88
10002e6c:	420b      	tst	r3, r1
10002e6e:	d010      	beq.n	10002e92 <_ftoa+0xf6>
10002e70:	4b9b      	ldr	r3, [pc, #620]	; (100030e0 <_ftoa+0x344>)
10002e72:	2a00      	cmp	r2, #0
10002e74:	d00f      	beq.n	10002e96 <_ftoa+0xfa>
10002e76:	2204      	movs	r2, #4
10002e78:	9922      	ldr	r1, [sp, #136]	; 0x88
10002e7a:	9103      	str	r1, [sp, #12]
10002e7c:	9921      	ldr	r1, [sp, #132]	; 0x84
10002e7e:	9102      	str	r1, [sp, #8]
10002e80:	9201      	str	r2, [sp, #4]
10002e82:	9300      	str	r3, [sp, #0]
10002e84:	464b      	mov	r3, r9
10002e86:	465a      	mov	r2, fp
10002e88:	9907      	ldr	r1, [sp, #28]
10002e8a:	9806      	ldr	r0, [sp, #24]
10002e8c:	f7ff fbcc 	bl	10002628 <_out_rev>
10002e90:	e0e8      	b.n	10003064 <_ftoa+0x2c8>
10002e92:	4b94      	ldr	r3, [pc, #592]	; (100030e4 <_ftoa+0x348>)
10002e94:	e7ed      	b.n	10002e72 <_ftoa+0xd6>
10002e96:	2203      	movs	r2, #3
10002e98:	e7ee      	b.n	10002e78 <_ftoa+0xdc>
10002e9a:	9b22      	ldr	r3, [sp, #136]	; 0x88
10002e9c:	9304      	str	r3, [sp, #16]
10002e9e:	9b21      	ldr	r3, [sp, #132]	; 0x84
10002ea0:	9303      	str	r3, [sp, #12]
10002ea2:	9702      	str	r7, [sp, #8]
10002ea4:	9b1e      	ldr	r3, [sp, #120]	; 0x78
10002ea6:	9c1f      	ldr	r4, [sp, #124]	; 0x7c
10002ea8:	9300      	str	r3, [sp, #0]
10002eaa:	9401      	str	r4, [sp, #4]
10002eac:	464b      	mov	r3, r9
10002eae:	465a      	mov	r2, fp
10002eb0:	9907      	ldr	r1, [sp, #28]
10002eb2:	9806      	ldr	r0, [sp, #24]
10002eb4:	f7ff fd68 	bl	10002988 <_etoa>
10002eb8:	e0d4      	b.n	10003064 <_ftoa+0x2c8>
10002eba:	9a1e      	ldr	r2, [sp, #120]	; 0x78
10002ebc:	9b1f      	ldr	r3, [sp, #124]	; 0x7c
10002ebe:	2000      	movs	r0, #0
10002ec0:	2100      	movs	r1, #0
10002ec2:	f000 fece 	bl	10003c62 <__wrap___aeabi_dsub>
10002ec6:	901e      	str	r0, [sp, #120]	; 0x78
10002ec8:	911f      	str	r1, [sp, #124]	; 0x7c
10002eca:	2301      	movs	r3, #1
10002ecc:	4698      	mov	r8, r3
10002ece:	e7a5      	b.n	10002e1c <_ftoa+0x80>
10002ed0:	ab0c      	add	r3, sp, #48	; 0x30
10002ed2:	2230      	movs	r2, #48	; 0x30
10002ed4:	551a      	strb	r2, [r3, r4]
10002ed6:	3f01      	subs	r7, #1
10002ed8:	3401      	adds	r4, #1
10002eda:	2c1f      	cmp	r4, #31
10002edc:	d801      	bhi.n	10002ee2 <_ftoa+0x146>
10002ede:	2f09      	cmp	r7, #9
10002ee0:	d8f6      	bhi.n	10002ed0 <_ftoa+0x134>
10002ee2:	981e      	ldr	r0, [sp, #120]	; 0x78
10002ee4:	991f      	ldr	r1, [sp, #124]	; 0x7c
10002ee6:	f000 ff75 	bl	10003dd4 <__wrap___aeabi_d2iz>
10002eea:	0005      	movs	r5, r0
10002eec:	f000 ff5a 	bl	10003da4 <__wrap___aeabi_i2d>
10002ef0:	0002      	movs	r2, r0
10002ef2:	000b      	movs	r3, r1
10002ef4:	981e      	ldr	r0, [sp, #120]	; 0x78
10002ef6:	991f      	ldr	r1, [sp, #124]	; 0x7c
10002ef8:	f000 feb3 	bl	10003c62 <__wrap___aeabi_dsub>
10002efc:	00fa      	lsls	r2, r7, #3
10002efe:	4b7a      	ldr	r3, [pc, #488]	; (100030e8 <_ftoa+0x34c>)
10002f00:	189b      	adds	r3, r3, r2
10002f02:	681a      	ldr	r2, [r3, #0]
10002f04:	685b      	ldr	r3, [r3, #4]
10002f06:	920a      	str	r2, [sp, #40]	; 0x28
10002f08:	930b      	str	r3, [sp, #44]	; 0x2c
10002f0a:	f000 feda 	bl	10003cc2 <__wrap___aeabi_dmul>
10002f0e:	9008      	str	r0, [sp, #32]
10002f10:	9109      	str	r1, [sp, #36]	; 0x24
10002f12:	f000 ff83 	bl	10003e1c <__wrap___aeabi_d2uiz>
10002f16:	0006      	movs	r6, r0
10002f18:	f000 ff40 	bl	10003d9c <__wrap___aeabi_ui2d>
10002f1c:	0002      	movs	r2, r0
10002f1e:	000b      	movs	r3, r1
10002f20:	9808      	ldr	r0, [sp, #32]
10002f22:	9909      	ldr	r1, [sp, #36]	; 0x24
10002f24:	f000 fe9d 	bl	10003c62 <__wrap___aeabi_dsub>
10002f28:	9008      	str	r0, [sp, #32]
10002f2a:	9109      	str	r1, [sp, #36]	; 0x24
10002f2c:	2200      	movs	r2, #0
10002f2e:	4b6f      	ldr	r3, [pc, #444]	; (100030ec <_ftoa+0x350>)
10002f30:	f000 ff20 	bl	10003d74 <__wrap___aeabi_dcmpgt>
10002f34:	2800      	cmp	r0, #0
10002f36:	d02e      	beq.n	10002f96 <_ftoa+0x1fa>
10002f38:	3601      	adds	r6, #1
10002f3a:	0030      	movs	r0, r6
10002f3c:	f000 ff2e 	bl	10003d9c <__wrap___aeabi_ui2d>
10002f40:	0002      	movs	r2, r0
10002f42:	000b      	movs	r3, r1
10002f44:	980a      	ldr	r0, [sp, #40]	; 0x28
10002f46:	990b      	ldr	r1, [sp, #44]	; 0x2c
10002f48:	f000 ff04 	bl	10003d54 <__wrap___aeabi_dcmple>
10002f4c:	2800      	cmp	r0, #0
10002f4e:	d001      	beq.n	10002f54 <_ftoa+0x1b8>
10002f50:	3501      	adds	r5, #1
10002f52:	2600      	movs	r6, #0
10002f54:	2f00      	cmp	r7, #0
10002f56:	d12c      	bne.n	10002fb2 <_ftoa+0x216>
10002f58:	0028      	movs	r0, r5
10002f5a:	f000 ff23 	bl	10003da4 <__wrap___aeabi_i2d>
10002f5e:	0002      	movs	r2, r0
10002f60:	000b      	movs	r3, r1
10002f62:	981e      	ldr	r0, [sp, #120]	; 0x78
10002f64:	991f      	ldr	r1, [sp, #124]	; 0x7c
10002f66:	f000 fe7c 	bl	10003c62 <__wrap___aeabi_dsub>
10002f6a:	0006      	movs	r6, r0
10002f6c:	000f      	movs	r7, r1
10002f6e:	2200      	movs	r2, #0
10002f70:	4b5e      	ldr	r3, [pc, #376]	; (100030ec <_ftoa+0x350>)
10002f72:	f000 fee9 	bl	10003d48 <__wrap___aeabi_dcmplt>
10002f76:	2800      	cmp	r0, #0
10002f78:	d146      	bne.n	10003008 <_ftoa+0x26c>
10002f7a:	2200      	movs	r2, #0
10002f7c:	4b5b      	ldr	r3, [pc, #364]	; (100030ec <_ftoa+0x350>)
10002f7e:	0030      	movs	r0, r6
10002f80:	0039      	movs	r1, r7
10002f82:	f000 fef7 	bl	10003d74 <__wrap___aeabi_dcmpgt>
10002f86:	2800      	cmp	r0, #0
10002f88:	d13e      	bne.n	10003008 <_ftoa+0x26c>
10002f8a:	07eb      	lsls	r3, r5, #31
10002f8c:	d53c      	bpl.n	10003008 <_ftoa+0x26c>
10002f8e:	3501      	adds	r5, #1
10002f90:	e03a      	b.n	10003008 <_ftoa+0x26c>
10002f92:	2706      	movs	r7, #6
10002f94:	e746      	b.n	10002e24 <_ftoa+0x88>
10002f96:	2200      	movs	r2, #0
10002f98:	4b54      	ldr	r3, [pc, #336]	; (100030ec <_ftoa+0x350>)
10002f9a:	9808      	ldr	r0, [sp, #32]
10002f9c:	9909      	ldr	r1, [sp, #36]	; 0x24
10002f9e:	f000 fed3 	bl	10003d48 <__wrap___aeabi_dcmplt>
10002fa2:	2800      	cmp	r0, #0
10002fa4:	d1d6      	bne.n	10002f54 <_ftoa+0x1b8>
10002fa6:	2e00      	cmp	r6, #0
10002fa8:	d001      	beq.n	10002fae <_ftoa+0x212>
10002faa:	07f3      	lsls	r3, r6, #31
10002fac:	d5d2      	bpl.n	10002f54 <_ftoa+0x1b8>
10002fae:	3601      	adds	r6, #1
10002fb0:	e7d0      	b.n	10002f54 <_ftoa+0x1b8>
10002fb2:	46aa      	mov	sl, r5
10002fb4:	2c1f      	cmp	r4, #31
10002fb6:	d811      	bhi.n	10002fdc <_ftoa+0x240>
10002fb8:	3f01      	subs	r7, #1
10002fba:	210a      	movs	r1, #10
10002fbc:	0030      	movs	r0, r6
10002fbe:	f000 fc15 	bl	100037ec <__wrap___aeabi_uidiv>
10002fc2:	1c65      	adds	r5, r4, #1
10002fc4:	3130      	adds	r1, #48	; 0x30
10002fc6:	ab0c      	add	r3, sp, #48	; 0x30
10002fc8:	5519      	strb	r1, [r3, r4]
10002fca:	210a      	movs	r1, #10
10002fcc:	0030      	movs	r0, r6
10002fce:	f000 fc0d 	bl	100037ec <__wrap___aeabi_uidiv>
10002fd2:	2e09      	cmp	r6, #9
10002fd4:	d90e      	bls.n	10002ff4 <_ftoa+0x258>
10002fd6:	0006      	movs	r6, r0
10002fd8:	002c      	movs	r4, r5
10002fda:	e7eb      	b.n	10002fb4 <_ftoa+0x218>
10002fdc:	4655      	mov	r5, sl
10002fde:	2c1f      	cmp	r4, #31
10002fe0:	d80c      	bhi.n	10002ffc <_ftoa+0x260>
10002fe2:	1e7b      	subs	r3, r7, #1
10002fe4:	2f00      	cmp	r7, #0
10002fe6:	d009      	beq.n	10002ffc <_ftoa+0x260>
10002fe8:	aa0c      	add	r2, sp, #48	; 0x30
10002fea:	2130      	movs	r1, #48	; 0x30
10002fec:	5511      	strb	r1, [r2, r4]
10002fee:	001f      	movs	r7, r3
10002ff0:	3401      	adds	r4, #1
10002ff2:	e7f4      	b.n	10002fde <_ftoa+0x242>
10002ff4:	002b      	movs	r3, r5
10002ff6:	4655      	mov	r5, sl
10002ff8:	001c      	movs	r4, r3
10002ffa:	e7f0      	b.n	10002fde <_ftoa+0x242>
10002ffc:	2c1f      	cmp	r4, #31
10002ffe:	d803      	bhi.n	10003008 <_ftoa+0x26c>
10003000:	ab0c      	add	r3, sp, #48	; 0x30
10003002:	222e      	movs	r2, #46	; 0x2e
10003004:	551a      	strb	r2, [r3, r4]
10003006:	3401      	adds	r4, #1
10003008:	2c1f      	cmp	r4, #31
1000300a:	d810      	bhi.n	1000302e <_ftoa+0x292>
1000300c:	210a      	movs	r1, #10
1000300e:	0028      	movs	r0, r5
10003010:	f000 fbc4 	bl	1000379c <__wrap___aeabi_idiv>
10003014:	1c66      	adds	r6, r4, #1
10003016:	3130      	adds	r1, #48	; 0x30
10003018:	ab0c      	add	r3, sp, #48	; 0x30
1000301a:	5519      	strb	r1, [r3, r4]
1000301c:	210a      	movs	r1, #10
1000301e:	0028      	movs	r0, r5
10003020:	f000 fbbc 	bl	1000379c <__wrap___aeabi_idiv>
10003024:	1e05      	subs	r5, r0, #0
10003026:	d001      	beq.n	1000302c <_ftoa+0x290>
10003028:	0034      	movs	r4, r6
1000302a:	e7ed      	b.n	10003008 <_ftoa+0x26c>
1000302c:	0034      	movs	r4, r6
1000302e:	2303      	movs	r3, #3
10003030:	9a22      	ldr	r2, [sp, #136]	; 0x88
10003032:	4013      	ands	r3, r2
10003034:	2b01      	cmp	r3, #1
10003036:	d01c      	beq.n	10003072 <_ftoa+0x2d6>
10003038:	2c1f      	cmp	r4, #31
1000303a:	d806      	bhi.n	1000304a <_ftoa+0x2ae>
1000303c:	4643      	mov	r3, r8
1000303e:	2b00      	cmp	r3, #0
10003040:	d032      	beq.n	100030a8 <_ftoa+0x30c>
10003042:	ab0c      	add	r3, sp, #48	; 0x30
10003044:	222d      	movs	r2, #45	; 0x2d
10003046:	551a      	strb	r2, [r3, r4]
10003048:	3401      	adds	r4, #1
1000304a:	9b22      	ldr	r3, [sp, #136]	; 0x88
1000304c:	9303      	str	r3, [sp, #12]
1000304e:	9b21      	ldr	r3, [sp, #132]	; 0x84
10003050:	9302      	str	r3, [sp, #8]
10003052:	9401      	str	r4, [sp, #4]
10003054:	ab0c      	add	r3, sp, #48	; 0x30
10003056:	9300      	str	r3, [sp, #0]
10003058:	464b      	mov	r3, r9
1000305a:	465a      	mov	r2, fp
1000305c:	9907      	ldr	r1, [sp, #28]
1000305e:	9806      	ldr	r0, [sp, #24]
10003060:	f7ff fae2 	bl	10002628 <_out_rev>
10003064:	b015      	add	sp, #84	; 0x54
10003066:	bcf0      	pop	{r4, r5, r6, r7}
10003068:	46bb      	mov	fp, r7
1000306a:	46b2      	mov	sl, r6
1000306c:	46a9      	mov	r9, r5
1000306e:	46a0      	mov	r8, r4
10003070:	bdf0      	pop	{r4, r5, r6, r7, pc}
10003072:	9b21      	ldr	r3, [sp, #132]	; 0x84
10003074:	2b00      	cmp	r3, #0
10003076:	d013      	beq.n	100030a0 <_ftoa+0x304>
10003078:	4643      	mov	r3, r8
1000307a:	2b00      	cmp	r3, #0
1000307c:	d102      	bne.n	10003084 <_ftoa+0x2e8>
1000307e:	330c      	adds	r3, #12
10003080:	4213      	tst	r3, r2
10003082:	d00f      	beq.n	100030a4 <_ftoa+0x308>
10003084:	9b21      	ldr	r3, [sp, #132]	; 0x84
10003086:	3b01      	subs	r3, #1
10003088:	9321      	str	r3, [sp, #132]	; 0x84
1000308a:	0019      	movs	r1, r3
1000308c:	e003      	b.n	10003096 <_ftoa+0x2fa>
1000308e:	ab0c      	add	r3, sp, #48	; 0x30
10003090:	2230      	movs	r2, #48	; 0x30
10003092:	551a      	strb	r2, [r3, r4]
10003094:	3401      	adds	r4, #1
10003096:	428c      	cmp	r4, r1
10003098:	d2ce      	bcs.n	10003038 <_ftoa+0x29c>
1000309a:	2c1f      	cmp	r4, #31
1000309c:	d9f7      	bls.n	1000308e <_ftoa+0x2f2>
1000309e:	e7cb      	b.n	10003038 <_ftoa+0x29c>
100030a0:	9921      	ldr	r1, [sp, #132]	; 0x84
100030a2:	e7f8      	b.n	10003096 <_ftoa+0x2fa>
100030a4:	9921      	ldr	r1, [sp, #132]	; 0x84
100030a6:	e7f6      	b.n	10003096 <_ftoa+0x2fa>
100030a8:	9b22      	ldr	r3, [sp, #136]	; 0x88
100030aa:	075b      	lsls	r3, r3, #29
100030ac:	d504      	bpl.n	100030b8 <_ftoa+0x31c>
100030ae:	ab0c      	add	r3, sp, #48	; 0x30
100030b0:	222b      	movs	r2, #43	; 0x2b
100030b2:	551a      	strb	r2, [r3, r4]
100030b4:	3401      	adds	r4, #1
100030b6:	e7c8      	b.n	1000304a <_ftoa+0x2ae>
100030b8:	9b22      	ldr	r3, [sp, #136]	; 0x88
100030ba:	071b      	lsls	r3, r3, #28
100030bc:	d5c5      	bpl.n	1000304a <_ftoa+0x2ae>
100030be:	ab0c      	add	r3, sp, #48	; 0x30
100030c0:	2220      	movs	r2, #32
100030c2:	551a      	strb	r2, [r3, r4]
100030c4:	3401      	adds	r4, #1
100030c6:	e7c0      	b.n	1000304a <_ftoa+0x2ae>
100030c8:	ffefffff 	.word	0xffefffff
100030cc:	7fefffff 	.word	0x7fefffff
100030d0:	41cdcd65 	.word	0x41cdcd65
100030d4:	c1cdcd65 	.word	0xc1cdcd65
100030d8:	100066d8 	.word	0x100066d8
100030dc:	100066dc 	.word	0x100066dc
100030e0:	100066d0 	.word	0x100066d0
100030e4:	100066cc 	.word	0x100066cc
100030e8:	100068c8 	.word	0x100068c8
100030ec:	3fe00000 	.word	0x3fe00000

100030f0 <_vsnprintf>:
100030f0:	b5f0      	push	{r4, r5, r6, r7, lr}
100030f2:	46de      	mov	lr, fp
100030f4:	4657      	mov	r7, sl
100030f6:	464e      	mov	r6, r9
100030f8:	4645      	mov	r5, r8
100030fa:	b5e0      	push	{r5, r6, r7, lr}
100030fc:	b093      	sub	sp, #76	; 0x4c
100030fe:	4682      	mov	sl, r0
10003100:	468b      	mov	fp, r1
10003102:	4690      	mov	r8, r2
10003104:	9311      	str	r3, [sp, #68]	; 0x44
10003106:	2900      	cmp	r1, #0
10003108:	d100      	bne.n	1000310c <_vsnprintf+0x1c>
1000310a:	e2eb      	b.n	100036e4 <_vsnprintf+0x5f4>
1000310c:	2700      	movs	r7, #0
1000310e:	4655      	mov	r5, sl
10003110:	9b11      	ldr	r3, [sp, #68]	; 0x44
10003112:	7818      	ldrb	r0, [r3, #0]
10003114:	2800      	cmp	r0, #0
10003116:	d100      	bne.n	1000311a <_vsnprintf+0x2a>
10003118:	e2e7      	b.n	100036ea <_vsnprintf+0x5fa>
1000311a:	2825      	cmp	r0, #37	; 0x25
1000311c:	d009      	beq.n	10003132 <_vsnprintf+0x42>
1000311e:	1c7c      	adds	r4, r7, #1
10003120:	4643      	mov	r3, r8
10003122:	003a      	movs	r2, r7
10003124:	4659      	mov	r1, fp
10003126:	47a8      	blx	r5
10003128:	9b11      	ldr	r3, [sp, #68]	; 0x44
1000312a:	3301      	adds	r3, #1
1000312c:	9311      	str	r3, [sp, #68]	; 0x44
1000312e:	0027      	movs	r7, r4
10003130:	e7ee      	b.n	10003110 <_vsnprintf+0x20>
10003132:	3301      	adds	r3, #1
10003134:	9311      	str	r3, [sp, #68]	; 0x44
10003136:	2400      	movs	r4, #0
10003138:	9a11      	ldr	r2, [sp, #68]	; 0x44
1000313a:	7811      	ldrb	r1, [r2, #0]
1000313c:	000b      	movs	r3, r1
1000313e:	3b20      	subs	r3, #32
10003140:	b2d8      	uxtb	r0, r3
10003142:	2810      	cmp	r0, #16
10003144:	d803      	bhi.n	1000314e <_vsnprintf+0x5e>
10003146:	0083      	lsls	r3, r0, #2
10003148:	48d0      	ldr	r0, [pc, #832]	; (1000348c <_vsnprintf+0x39c>)
1000314a:	58c3      	ldr	r3, [r0, r3]
1000314c:	469f      	mov	pc, r3
1000314e:	000b      	movs	r3, r1
10003150:	3b30      	subs	r3, #48	; 0x30
10003152:	b2db      	uxtb	r3, r3
10003154:	2b09      	cmp	r3, #9
10003156:	d92c      	bls.n	100031b2 <_vsnprintf+0xc2>
10003158:	292a      	cmp	r1, #42	; 0x2a
1000315a:	d02f      	beq.n	100031bc <_vsnprintf+0xcc>
1000315c:	2300      	movs	r3, #0
1000315e:	930a      	str	r3, [sp, #40]	; 0x28
10003160:	9b11      	ldr	r3, [sp, #68]	; 0x44
10003162:	781a      	ldrb	r2, [r3, #0]
10003164:	2a2e      	cmp	r2, #46	; 0x2e
10003166:	d039      	beq.n	100031dc <_vsnprintf+0xec>
10003168:	2300      	movs	r3, #0
1000316a:	469a      	mov	sl, r3
1000316c:	9a11      	ldr	r2, [sp, #68]	; 0x44
1000316e:	7813      	ldrb	r3, [r2, #0]
10003170:	3b68      	subs	r3, #104	; 0x68
10003172:	b2d9      	uxtb	r1, r3
10003174:	2912      	cmp	r1, #18
10003176:	d876      	bhi.n	10003266 <_vsnprintf+0x176>
10003178:	008b      	lsls	r3, r1, #2
1000317a:	49c5      	ldr	r1, [pc, #788]	; (10003490 <_vsnprintf+0x3a0>)
1000317c:	58cb      	ldr	r3, [r1, r3]
1000317e:	469f      	mov	pc, r3
10003180:	2301      	movs	r3, #1
10003182:	431c      	orrs	r4, r3
10003184:	3201      	adds	r2, #1
10003186:	9211      	str	r2, [sp, #68]	; 0x44
10003188:	e7d6      	b.n	10003138 <_vsnprintf+0x48>
1000318a:	2302      	movs	r3, #2
1000318c:	431c      	orrs	r4, r3
1000318e:	3201      	adds	r2, #1
10003190:	9211      	str	r2, [sp, #68]	; 0x44
10003192:	e7d1      	b.n	10003138 <_vsnprintf+0x48>
10003194:	2304      	movs	r3, #4
10003196:	431c      	orrs	r4, r3
10003198:	3201      	adds	r2, #1
1000319a:	9211      	str	r2, [sp, #68]	; 0x44
1000319c:	e7cc      	b.n	10003138 <_vsnprintf+0x48>
1000319e:	2308      	movs	r3, #8
100031a0:	431c      	orrs	r4, r3
100031a2:	3201      	adds	r2, #1
100031a4:	9211      	str	r2, [sp, #68]	; 0x44
100031a6:	e7c7      	b.n	10003138 <_vsnprintf+0x48>
100031a8:	2310      	movs	r3, #16
100031aa:	431c      	orrs	r4, r3
100031ac:	3201      	adds	r2, #1
100031ae:	9211      	str	r2, [sp, #68]	; 0x44
100031b0:	e7c2      	b.n	10003138 <_vsnprintf+0x48>
100031b2:	a811      	add	r0, sp, #68	; 0x44
100031b4:	f7ff fa26 	bl	10002604 <_atoi>
100031b8:	900a      	str	r0, [sp, #40]	; 0x28
100031ba:	e7d1      	b.n	10003160 <_vsnprintf+0x70>
100031bc:	9b1c      	ldr	r3, [sp, #112]	; 0x70
100031be:	1d1a      	adds	r2, r3, #4
100031c0:	921c      	str	r2, [sp, #112]	; 0x70
100031c2:	6818      	ldr	r0, [r3, #0]
100031c4:	2800      	cmp	r0, #0
100031c6:	db04      	blt.n	100031d2 <_vsnprintf+0xe2>
100031c8:	900a      	str	r0, [sp, #40]	; 0x28
100031ca:	9b11      	ldr	r3, [sp, #68]	; 0x44
100031cc:	3301      	adds	r3, #1
100031ce:	9311      	str	r3, [sp, #68]	; 0x44
100031d0:	e7c6      	b.n	10003160 <_vsnprintf+0x70>
100031d2:	2302      	movs	r3, #2
100031d4:	431c      	orrs	r4, r3
100031d6:	4243      	negs	r3, r0
100031d8:	930a      	str	r3, [sp, #40]	; 0x28
100031da:	e7f6      	b.n	100031ca <_vsnprintf+0xda>
100031dc:	2280      	movs	r2, #128	; 0x80
100031de:	00d2      	lsls	r2, r2, #3
100031e0:	4314      	orrs	r4, r2
100031e2:	1c5a      	adds	r2, r3, #1
100031e4:	9211      	str	r2, [sp, #68]	; 0x44
100031e6:	785a      	ldrb	r2, [r3, #1]
100031e8:	0013      	movs	r3, r2
100031ea:	3b30      	subs	r3, #48	; 0x30
100031ec:	b2db      	uxtb	r3, r3
100031ee:	2b09      	cmp	r3, #9
100031f0:	d904      	bls.n	100031fc <_vsnprintf+0x10c>
100031f2:	2a2a      	cmp	r2, #42	; 0x2a
100031f4:	d007      	beq.n	10003206 <_vsnprintf+0x116>
100031f6:	2300      	movs	r3, #0
100031f8:	469a      	mov	sl, r3
100031fa:	e7b7      	b.n	1000316c <_vsnprintf+0x7c>
100031fc:	a811      	add	r0, sp, #68	; 0x44
100031fe:	f7ff fa01 	bl	10002604 <_atoi>
10003202:	4682      	mov	sl, r0
10003204:	e7b2      	b.n	1000316c <_vsnprintf+0x7c>
10003206:	9b1c      	ldr	r3, [sp, #112]	; 0x70
10003208:	1d1a      	adds	r2, r3, #4
1000320a:	921c      	str	r2, [sp, #112]	; 0x70
1000320c:	6818      	ldr	r0, [r3, #0]
1000320e:	2800      	cmp	r0, #0
10003210:	db04      	blt.n	1000321c <_vsnprintf+0x12c>
10003212:	4682      	mov	sl, r0
10003214:	9b11      	ldr	r3, [sp, #68]	; 0x44
10003216:	3301      	adds	r3, #1
10003218:	9311      	str	r3, [sp, #68]	; 0x44
1000321a:	e7a7      	b.n	1000316c <_vsnprintf+0x7c>
1000321c:	2000      	movs	r0, #0
1000321e:	e7f8      	b.n	10003212 <_vsnprintf+0x122>
10003220:	2380      	movs	r3, #128	; 0x80
10003222:	005b      	lsls	r3, r3, #1
10003224:	4323      	orrs	r3, r4
10003226:	1c51      	adds	r1, r2, #1
10003228:	9111      	str	r1, [sp, #68]	; 0x44
1000322a:	7852      	ldrb	r2, [r2, #1]
1000322c:	2a6c      	cmp	r2, #108	; 0x6c
1000322e:	d001      	beq.n	10003234 <_vsnprintf+0x144>
10003230:	001c      	movs	r4, r3
10003232:	e018      	b.n	10003266 <_vsnprintf+0x176>
10003234:	23c0      	movs	r3, #192	; 0xc0
10003236:	009b      	lsls	r3, r3, #2
10003238:	431c      	orrs	r4, r3
1000323a:	3101      	adds	r1, #1
1000323c:	9111      	str	r1, [sp, #68]	; 0x44
1000323e:	e012      	b.n	10003266 <_vsnprintf+0x176>
10003240:	2380      	movs	r3, #128	; 0x80
10003242:	4323      	orrs	r3, r4
10003244:	1c51      	adds	r1, r2, #1
10003246:	9111      	str	r1, [sp, #68]	; 0x44
10003248:	7852      	ldrb	r2, [r2, #1]
1000324a:	2a68      	cmp	r2, #104	; 0x68
1000324c:	d001      	beq.n	10003252 <_vsnprintf+0x162>
1000324e:	001c      	movs	r4, r3
10003250:	e009      	b.n	10003266 <_vsnprintf+0x176>
10003252:	23c0      	movs	r3, #192	; 0xc0
10003254:	431c      	orrs	r4, r3
10003256:	3101      	adds	r1, #1
10003258:	9111      	str	r1, [sp, #68]	; 0x44
1000325a:	e004      	b.n	10003266 <_vsnprintf+0x176>
1000325c:	2380      	movs	r3, #128	; 0x80
1000325e:	005b      	lsls	r3, r3, #1
10003260:	431c      	orrs	r4, r3
10003262:	3201      	adds	r2, #1
10003264:	9211      	str	r2, [sp, #68]	; 0x44
10003266:	9b11      	ldr	r3, [sp, #68]	; 0x44
10003268:	7818      	ldrb	r0, [r3, #0]
1000326a:	0003      	movs	r3, r0
1000326c:	3b25      	subs	r3, #37	; 0x25
1000326e:	b2da      	uxtb	r2, r3
10003270:	2a53      	cmp	r2, #83	; 0x53
10003272:	d900      	bls.n	10003276 <_vsnprintf+0x186>
10003274:	e22c      	b.n	100036d0 <_vsnprintf+0x5e0>
10003276:	0093      	lsls	r3, r2, #2
10003278:	4a86      	ldr	r2, [pc, #536]	; (10003494 <_vsnprintf+0x3a4>)
1000327a:	58d3      	ldr	r3, [r2, r3]
1000327c:	469f      	mov	pc, r3
1000327e:	2380      	movs	r3, #128	; 0x80
10003280:	009b      	lsls	r3, r3, #2
10003282:	431c      	orrs	r4, r3
10003284:	3201      	adds	r2, #1
10003286:	9211      	str	r2, [sp, #68]	; 0x44
10003288:	e7ed      	b.n	10003266 <_vsnprintf+0x176>
1000328a:	2380      	movs	r3, #128	; 0x80
1000328c:	005b      	lsls	r3, r3, #1
1000328e:	431c      	orrs	r4, r3
10003290:	3201      	adds	r2, #1
10003292:	9211      	str	r2, [sp, #68]	; 0x44
10003294:	e7e7      	b.n	10003266 <_vsnprintf+0x176>
10003296:	2878      	cmp	r0, #120	; 0x78
10003298:	d009      	beq.n	100032ae <_vsnprintf+0x1be>
1000329a:	2858      	cmp	r0, #88	; 0x58
1000329c:	d038      	beq.n	10003310 <_vsnprintf+0x220>
1000329e:	286f      	cmp	r0, #111	; 0x6f
100032a0:	d038      	beq.n	10003314 <_vsnprintf+0x224>
100032a2:	2862      	cmp	r0, #98	; 0x62
100032a4:	d038      	beq.n	10003318 <_vsnprintf+0x228>
100032a6:	2310      	movs	r3, #16
100032a8:	439c      	bics	r4, r3
100032aa:	260a      	movs	r6, #10
100032ac:	e000      	b.n	100032b0 <_vsnprintf+0x1c0>
100032ae:	2610      	movs	r6, #16
100032b0:	2858      	cmp	r0, #88	; 0x58
100032b2:	d033      	beq.n	1000331c <_vsnprintf+0x22c>
100032b4:	2869      	cmp	r0, #105	; 0x69
100032b6:	d003      	beq.n	100032c0 <_vsnprintf+0x1d0>
100032b8:	2864      	cmp	r0, #100	; 0x64
100032ba:	d001      	beq.n	100032c0 <_vsnprintf+0x1d0>
100032bc:	220c      	movs	r2, #12
100032be:	4394      	bics	r4, r2
100032c0:	0563      	lsls	r3, r4, #21
100032c2:	d501      	bpl.n	100032c8 <_vsnprintf+0x1d8>
100032c4:	2201      	movs	r2, #1
100032c6:	4394      	bics	r4, r2
100032c8:	2869      	cmp	r0, #105	; 0x69
100032ca:	d02a      	beq.n	10003322 <_vsnprintf+0x232>
100032cc:	2864      	cmp	r0, #100	; 0x64
100032ce:	d028      	beq.n	10003322 <_vsnprintf+0x232>
100032d0:	05a3      	lsls	r3, r4, #22
100032d2:	d500      	bpl.n	100032d6 <_vsnprintf+0x1e6>
100032d4:	e09f      	b.n	10003416 <_vsnprintf+0x326>
100032d6:	05e3      	lsls	r3, r4, #23
100032d8:	d500      	bpl.n	100032dc <_vsnprintf+0x1ec>
100032da:	e0b8      	b.n	1000344e <_vsnprintf+0x35e>
100032dc:	0663      	lsls	r3, r4, #25
100032de:	d400      	bmi.n	100032e2 <_vsnprintf+0x1f2>
100032e0:	e0ca      	b.n	10003478 <_vsnprintf+0x388>
100032e2:	9a1c      	ldr	r2, [sp, #112]	; 0x70
100032e4:	1d11      	adds	r1, r2, #4
100032e6:	911c      	str	r1, [sp, #112]	; 0x70
100032e8:	6811      	ldr	r1, [r2, #0]
100032ea:	22ff      	movs	r2, #255	; 0xff
100032ec:	400a      	ands	r2, r1
100032ee:	9405      	str	r4, [sp, #20]
100032f0:	9b0a      	ldr	r3, [sp, #40]	; 0x28
100032f2:	9304      	str	r3, [sp, #16]
100032f4:	4653      	mov	r3, sl
100032f6:	9303      	str	r3, [sp, #12]
100032f8:	9602      	str	r6, [sp, #8]
100032fa:	2300      	movs	r3, #0
100032fc:	9301      	str	r3, [sp, #4]
100032fe:	9200      	str	r2, [sp, #0]
10003300:	4643      	mov	r3, r8
10003302:	003a      	movs	r2, r7
10003304:	4659      	mov	r1, fp
10003306:	0028      	movs	r0, r5
10003308:	f7ff fa6e 	bl	100027e8 <_ntoa_long>
1000330c:	0007      	movs	r7, r0
1000330e:	e027      	b.n	10003360 <_vsnprintf+0x270>
10003310:	2610      	movs	r6, #16
10003312:	e7cd      	b.n	100032b0 <_vsnprintf+0x1c0>
10003314:	2608      	movs	r6, #8
10003316:	e7cb      	b.n	100032b0 <_vsnprintf+0x1c0>
10003318:	2602      	movs	r6, #2
1000331a:	e7c9      	b.n	100032b0 <_vsnprintf+0x1c0>
1000331c:	2220      	movs	r2, #32
1000331e:	4314      	orrs	r4, r2
10003320:	e7c8      	b.n	100032b4 <_vsnprintf+0x1c4>
10003322:	05a3      	lsls	r3, r4, #22
10003324:	d420      	bmi.n	10003368 <_vsnprintf+0x278>
10003326:	05e3      	lsls	r3, r4, #23
10003328:	d450      	bmi.n	100033cc <_vsnprintf+0x2dc>
1000332a:	0663      	lsls	r3, r4, #25
1000332c:	d566      	bpl.n	100033fc <_vsnprintf+0x30c>
1000332e:	9a1c      	ldr	r2, [sp, #112]	; 0x70
10003330:	1d11      	adds	r1, r2, #4
10003332:	911c      	str	r1, [sp, #112]	; 0x70
10003334:	6811      	ldr	r1, [r2, #0]
10003336:	22ff      	movs	r2, #255	; 0xff
10003338:	400a      	ands	r2, r1
1000333a:	17d3      	asrs	r3, r2, #31
1000333c:	18d1      	adds	r1, r2, r3
1000333e:	4059      	eors	r1, r3
10003340:	9405      	str	r4, [sp, #20]
10003342:	9b0a      	ldr	r3, [sp, #40]	; 0x28
10003344:	9304      	str	r3, [sp, #16]
10003346:	4653      	mov	r3, sl
10003348:	9303      	str	r3, [sp, #12]
1000334a:	9602      	str	r6, [sp, #8]
1000334c:	0fd2      	lsrs	r2, r2, #31
1000334e:	9201      	str	r2, [sp, #4]
10003350:	9100      	str	r1, [sp, #0]
10003352:	4643      	mov	r3, r8
10003354:	003a      	movs	r2, r7
10003356:	4659      	mov	r1, fp
10003358:	0028      	movs	r0, r5
1000335a:	f7ff fa45 	bl	100027e8 <_ntoa_long>
1000335e:	0007      	movs	r7, r0
10003360:	9b11      	ldr	r3, [sp, #68]	; 0x44
10003362:	3301      	adds	r3, #1
10003364:	9311      	str	r3, [sp, #68]	; 0x44
10003366:	e6d3      	b.n	10003110 <_vsnprintf+0x20>
10003368:	9b1c      	ldr	r3, [sp, #112]	; 0x70
1000336a:	1dda      	adds	r2, r3, #7
1000336c:	2107      	movs	r1, #7
1000336e:	438a      	bics	r2, r1
10003370:	0011      	movs	r1, r2
10003372:	3108      	adds	r1, #8
10003374:	911c      	str	r1, [sp, #112]	; 0x70
10003376:	6811      	ldr	r1, [r2, #0]
10003378:	6853      	ldr	r3, [r2, #4]
1000337a:	469c      	mov	ip, r3
1000337c:	17db      	asrs	r3, r3, #31
1000337e:	930c      	str	r3, [sp, #48]	; 0x30
10003380:	930d      	str	r3, [sp, #52]	; 0x34
10003382:	9a0c      	ldr	r2, [sp, #48]	; 0x30
10003384:	9b0d      	ldr	r3, [sp, #52]	; 0x34
10003386:	0010      	movs	r0, r2
10003388:	4048      	eors	r0, r1
1000338a:	900e      	str	r0, [sp, #56]	; 0x38
1000338c:	4662      	mov	r2, ip
1000338e:	4053      	eors	r3, r2
10003390:	930f      	str	r3, [sp, #60]	; 0x3c
10003392:	980e      	ldr	r0, [sp, #56]	; 0x38
10003394:	990f      	ldr	r1, [sp, #60]	; 0x3c
10003396:	9a0c      	ldr	r2, [sp, #48]	; 0x30
10003398:	9b0d      	ldr	r3, [sp, #52]	; 0x34
1000339a:	1a80      	subs	r0, r0, r2
1000339c:	4199      	sbcs	r1, r3
1000339e:	900e      	str	r0, [sp, #56]	; 0x38
100033a0:	910f      	str	r1, [sp, #60]	; 0x3c
100033a2:	9408      	str	r4, [sp, #32]
100033a4:	9b0a      	ldr	r3, [sp, #40]	; 0x28
100033a6:	9307      	str	r3, [sp, #28]
100033a8:	4653      	mov	r3, sl
100033aa:	9306      	str	r3, [sp, #24]
100033ac:	9604      	str	r6, [sp, #16]
100033ae:	2300      	movs	r3, #0
100033b0:	9305      	str	r3, [sp, #20]
100033b2:	4663      	mov	r3, ip
100033b4:	0fda      	lsrs	r2, r3, #31
100033b6:	9202      	str	r2, [sp, #8]
100033b8:	9000      	str	r0, [sp, #0]
100033ba:	9101      	str	r1, [sp, #4]
100033bc:	4643      	mov	r3, r8
100033be:	003a      	movs	r2, r7
100033c0:	4659      	mov	r1, fp
100033c2:	0028      	movs	r0, r5
100033c4:	f7ff fa6e 	bl	100028a4 <_ntoa_long_long>
100033c8:	0007      	movs	r7, r0
100033ca:	e7c9      	b.n	10003360 <_vsnprintf+0x270>
100033cc:	9a1c      	ldr	r2, [sp, #112]	; 0x70
100033ce:	1d11      	adds	r1, r2, #4
100033d0:	911c      	str	r1, [sp, #112]	; 0x70
100033d2:	6812      	ldr	r2, [r2, #0]
100033d4:	17d3      	asrs	r3, r2, #31
100033d6:	18d1      	adds	r1, r2, r3
100033d8:	4059      	eors	r1, r3
100033da:	9405      	str	r4, [sp, #20]
100033dc:	9b0a      	ldr	r3, [sp, #40]	; 0x28
100033de:	9304      	str	r3, [sp, #16]
100033e0:	4653      	mov	r3, sl
100033e2:	9303      	str	r3, [sp, #12]
100033e4:	9602      	str	r6, [sp, #8]
100033e6:	0fd2      	lsrs	r2, r2, #31
100033e8:	9201      	str	r2, [sp, #4]
100033ea:	9100      	str	r1, [sp, #0]
100033ec:	4643      	mov	r3, r8
100033ee:	003a      	movs	r2, r7
100033f0:	4659      	mov	r1, fp
100033f2:	0028      	movs	r0, r5
100033f4:	f7ff f9f8 	bl	100027e8 <_ntoa_long>
100033f8:	0007      	movs	r7, r0
100033fa:	e7b1      	b.n	10003360 <_vsnprintf+0x270>
100033fc:	0623      	lsls	r3, r4, #24
100033fe:	d505      	bpl.n	1000340c <_vsnprintf+0x31c>
10003400:	9a1c      	ldr	r2, [sp, #112]	; 0x70
10003402:	1d11      	adds	r1, r2, #4
10003404:	911c      	str	r1, [sp, #112]	; 0x70
10003406:	2300      	movs	r3, #0
10003408:	5ed2      	ldrsh	r2, [r2, r3]
1000340a:	e796      	b.n	1000333a <_vsnprintf+0x24a>
1000340c:	9a1c      	ldr	r2, [sp, #112]	; 0x70
1000340e:	1d11      	adds	r1, r2, #4
10003410:	911c      	str	r1, [sp, #112]	; 0x70
10003412:	6812      	ldr	r2, [r2, #0]
10003414:	e791      	b.n	1000333a <_vsnprintf+0x24a>
10003416:	9b1c      	ldr	r3, [sp, #112]	; 0x70
10003418:	1dda      	adds	r2, r3, #7
1000341a:	2107      	movs	r1, #7
1000341c:	438a      	bics	r2, r1
1000341e:	0011      	movs	r1, r2
10003420:	3108      	adds	r1, #8
10003422:	911c      	str	r1, [sp, #112]	; 0x70
10003424:	9408      	str	r4, [sp, #32]
10003426:	9b0a      	ldr	r3, [sp, #40]	; 0x28
10003428:	9307      	str	r3, [sp, #28]
1000342a:	4653      	mov	r3, sl
1000342c:	9306      	str	r3, [sp, #24]
1000342e:	9604      	str	r6, [sp, #16]
10003430:	2300      	movs	r3, #0
10003432:	9305      	str	r3, [sp, #20]
10003434:	9302      	str	r3, [sp, #8]
10003436:	6813      	ldr	r3, [r2, #0]
10003438:	6854      	ldr	r4, [r2, #4]
1000343a:	9300      	str	r3, [sp, #0]
1000343c:	9401      	str	r4, [sp, #4]
1000343e:	4643      	mov	r3, r8
10003440:	003a      	movs	r2, r7
10003442:	4659      	mov	r1, fp
10003444:	0028      	movs	r0, r5
10003446:	f7ff fa2d 	bl	100028a4 <_ntoa_long_long>
1000344a:	0007      	movs	r7, r0
1000344c:	e788      	b.n	10003360 <_vsnprintf+0x270>
1000344e:	9a1c      	ldr	r2, [sp, #112]	; 0x70
10003450:	1d11      	adds	r1, r2, #4
10003452:	911c      	str	r1, [sp, #112]	; 0x70
10003454:	9405      	str	r4, [sp, #20]
10003456:	9b0a      	ldr	r3, [sp, #40]	; 0x28
10003458:	9304      	str	r3, [sp, #16]
1000345a:	4653      	mov	r3, sl
1000345c:	9303      	str	r3, [sp, #12]
1000345e:	9602      	str	r6, [sp, #8]
10003460:	2300      	movs	r3, #0
10003462:	9301      	str	r3, [sp, #4]
10003464:	6813      	ldr	r3, [r2, #0]
10003466:	9300      	str	r3, [sp, #0]
10003468:	4643      	mov	r3, r8
1000346a:	003a      	movs	r2, r7
1000346c:	4659      	mov	r1, fp
1000346e:	0028      	movs	r0, r5
10003470:	f7ff f9ba 	bl	100027e8 <_ntoa_long>
10003474:	0007      	movs	r7, r0
10003476:	e773      	b.n	10003360 <_vsnprintf+0x270>
10003478:	0623      	lsls	r3, r4, #24
1000347a:	d50d      	bpl.n	10003498 <_vsnprintf+0x3a8>
1000347c:	9a1c      	ldr	r2, [sp, #112]	; 0x70
1000347e:	1d11      	adds	r1, r2, #4
10003480:	911c      	str	r1, [sp, #112]	; 0x70
10003482:	6812      	ldr	r2, [r2, #0]
10003484:	0412      	lsls	r2, r2, #16
10003486:	0c12      	lsrs	r2, r2, #16
10003488:	e731      	b.n	100032ee <_vsnprintf+0x1fe>
1000348a:	46c0      	nop			; (mov r8, r8)
1000348c:	100066e4 	.word	0x100066e4
10003490:	10006728 	.word	0x10006728
10003494:	10006774 	.word	0x10006774
10003498:	9a1c      	ldr	r2, [sp, #112]	; 0x70
1000349a:	1d11      	adds	r1, r2, #4
1000349c:	911c      	str	r1, [sp, #112]	; 0x70
1000349e:	6812      	ldr	r2, [r2, #0]
100034a0:	e725      	b.n	100032ee <_vsnprintf+0x1fe>
100034a2:	2846      	cmp	r0, #70	; 0x46
100034a4:	d01a      	beq.n	100034dc <_vsnprintf+0x3ec>
100034a6:	9b1c      	ldr	r3, [sp, #112]	; 0x70
100034a8:	3307      	adds	r3, #7
100034aa:	2207      	movs	r2, #7
100034ac:	4393      	bics	r3, r2
100034ae:	001a      	movs	r2, r3
100034b0:	3208      	adds	r2, #8
100034b2:	921c      	str	r2, [sp, #112]	; 0x70
100034b4:	9404      	str	r4, [sp, #16]
100034b6:	9a0a      	ldr	r2, [sp, #40]	; 0x28
100034b8:	9203      	str	r2, [sp, #12]
100034ba:	4652      	mov	r2, sl
100034bc:	9202      	str	r2, [sp, #8]
100034be:	685c      	ldr	r4, [r3, #4]
100034c0:	681b      	ldr	r3, [r3, #0]
100034c2:	9300      	str	r3, [sp, #0]
100034c4:	9401      	str	r4, [sp, #4]
100034c6:	4643      	mov	r3, r8
100034c8:	003a      	movs	r2, r7
100034ca:	4659      	mov	r1, fp
100034cc:	0028      	movs	r0, r5
100034ce:	f7ff fc65 	bl	10002d9c <_ftoa>
100034d2:	0007      	movs	r7, r0
100034d4:	9b11      	ldr	r3, [sp, #68]	; 0x44
100034d6:	3301      	adds	r3, #1
100034d8:	9311      	str	r3, [sp, #68]	; 0x44
100034da:	e619      	b.n	10003110 <_vsnprintf+0x20>
100034dc:	2320      	movs	r3, #32
100034de:	431c      	orrs	r4, r3
100034e0:	e7e1      	b.n	100034a6 <_vsnprintf+0x3b6>
100034e2:	2867      	cmp	r0, #103	; 0x67
100034e4:	d001      	beq.n	100034ea <_vsnprintf+0x3fa>
100034e6:	2847      	cmp	r0, #71	; 0x47
100034e8:	d102      	bne.n	100034f0 <_vsnprintf+0x400>
100034ea:	2380      	movs	r3, #128	; 0x80
100034ec:	011b      	lsls	r3, r3, #4
100034ee:	431c      	orrs	r4, r3
100034f0:	2845      	cmp	r0, #69	; 0x45
100034f2:	d001      	beq.n	100034f8 <_vsnprintf+0x408>
100034f4:	2847      	cmp	r0, #71	; 0x47
100034f6:	d101      	bne.n	100034fc <_vsnprintf+0x40c>
100034f8:	2320      	movs	r3, #32
100034fa:	431c      	orrs	r4, r3
100034fc:	9b1c      	ldr	r3, [sp, #112]	; 0x70
100034fe:	3307      	adds	r3, #7
10003500:	2207      	movs	r2, #7
10003502:	4393      	bics	r3, r2
10003504:	001a      	movs	r2, r3
10003506:	3208      	adds	r2, #8
10003508:	921c      	str	r2, [sp, #112]	; 0x70
1000350a:	9404      	str	r4, [sp, #16]
1000350c:	9a0a      	ldr	r2, [sp, #40]	; 0x28
1000350e:	9203      	str	r2, [sp, #12]
10003510:	4652      	mov	r2, sl
10003512:	9202      	str	r2, [sp, #8]
10003514:	685c      	ldr	r4, [r3, #4]
10003516:	681b      	ldr	r3, [r3, #0]
10003518:	9300      	str	r3, [sp, #0]
1000351a:	9401      	str	r4, [sp, #4]
1000351c:	4643      	mov	r3, r8
1000351e:	003a      	movs	r2, r7
10003520:	4659      	mov	r1, fp
10003522:	0028      	movs	r0, r5
10003524:	f7ff fa30 	bl	10002988 <_etoa>
10003528:	0007      	movs	r7, r0
1000352a:	9b11      	ldr	r3, [sp, #68]	; 0x44
1000352c:	3301      	adds	r3, #1
1000352e:	9311      	str	r3, [sp, #68]	; 0x44
10003530:	e5ee      	b.n	10003110 <_vsnprintf+0x20>
10003532:	2302      	movs	r3, #2
10003534:	001a      	movs	r2, r3
10003536:	4022      	ands	r2, r4
10003538:	4692      	mov	sl, r2
1000353a:	4223      	tst	r3, r4
1000353c:	d01f      	beq.n	1000357e <_vsnprintf+0x48e>
1000353e:	2401      	movs	r4, #1
10003540:	9b1c      	ldr	r3, [sp, #112]	; 0x70
10003542:	1d1a      	adds	r2, r3, #4
10003544:	921c      	str	r2, [sp, #112]	; 0x70
10003546:	1c7a      	adds	r2, r7, #1
10003548:	4691      	mov	r9, r2
1000354a:	7818      	ldrb	r0, [r3, #0]
1000354c:	4643      	mov	r3, r8
1000354e:	003a      	movs	r2, r7
10003550:	4659      	mov	r1, fp
10003552:	47a8      	blx	r5
10003554:	4653      	mov	r3, sl
10003556:	2b00      	cmp	r3, #0
10003558:	d116      	bne.n	10003588 <_vsnprintf+0x498>
1000355a:	9b11      	ldr	r3, [sp, #68]	; 0x44
1000355c:	3301      	adds	r3, #1
1000355e:	9311      	str	r3, [sp, #68]	; 0x44
10003560:	464f      	mov	r7, r9
10003562:	e5d5      	b.n	10003110 <_vsnprintf+0x20>
10003564:	1c56      	adds	r6, r2, #1
10003566:	4643      	mov	r3, r8
10003568:	4659      	mov	r1, fp
1000356a:	2020      	movs	r0, #32
1000356c:	47b8      	blx	r7
1000356e:	0023      	movs	r3, r4
10003570:	0032      	movs	r2, r6
10003572:	1c5c      	adds	r4, r3, #1
10003574:	429d      	cmp	r5, r3
10003576:	d8f5      	bhi.n	10003564 <_vsnprintf+0x474>
10003578:	003d      	movs	r5, r7
1000357a:	0017      	movs	r7, r2
1000357c:	e7e0      	b.n	10003540 <_vsnprintf+0x450>
1000357e:	2301      	movs	r3, #1
10003580:	003a      	movs	r2, r7
10003582:	002f      	movs	r7, r5
10003584:	9d0a      	ldr	r5, [sp, #40]	; 0x28
10003586:	e7f4      	b.n	10003572 <_vsnprintf+0x482>
10003588:	464a      	mov	r2, r9
1000358a:	46a9      	mov	r9, r5
1000358c:	9d0a      	ldr	r5, [sp, #40]	; 0x28
1000358e:	e006      	b.n	1000359e <_vsnprintf+0x4ae>
10003590:	1c57      	adds	r7, r2, #1
10003592:	4643      	mov	r3, r8
10003594:	4659      	mov	r1, fp
10003596:	2020      	movs	r0, #32
10003598:	47c8      	blx	r9
1000359a:	0034      	movs	r4, r6
1000359c:	003a      	movs	r2, r7
1000359e:	1c66      	adds	r6, r4, #1
100035a0:	42a5      	cmp	r5, r4
100035a2:	d8f5      	bhi.n	10003590 <_vsnprintf+0x4a0>
100035a4:	464d      	mov	r5, r9
100035a6:	4691      	mov	r9, r2
100035a8:	e7d7      	b.n	1000355a <_vsnprintf+0x46a>
100035aa:	9b1c      	ldr	r3, [sp, #112]	; 0x70
100035ac:	1d1a      	adds	r2, r3, #4
100035ae:	921c      	str	r2, [sp, #112]	; 0x70
100035b0:	681b      	ldr	r3, [r3, #0]
100035b2:	4699      	mov	r9, r3
100035b4:	4653      	mov	r3, sl
100035b6:	2b00      	cmp	r3, #0
100035b8:	d100      	bne.n	100035bc <_vsnprintf+0x4cc>
100035ba:	3b01      	subs	r3, #1
100035bc:	464e      	mov	r6, r9
100035be:	e001      	b.n	100035c4 <_vsnprintf+0x4d4>
100035c0:	3601      	adds	r6, #1
100035c2:	0013      	movs	r3, r2
100035c4:	7832      	ldrb	r2, [r6, #0]
100035c6:	2a00      	cmp	r2, #0
100035c8:	d002      	beq.n	100035d0 <_vsnprintf+0x4e0>
100035ca:	1e5a      	subs	r2, r3, #1
100035cc:	2b00      	cmp	r3, #0
100035ce:	d1f7      	bne.n	100035c0 <_vsnprintf+0x4d0>
100035d0:	464b      	mov	r3, r9
100035d2:	1af2      	subs	r2, r6, r3
100035d4:	9210      	str	r2, [sp, #64]	; 0x40
100035d6:	2380      	movs	r3, #128	; 0x80
100035d8:	00db      	lsls	r3, r3, #3
100035da:	0026      	movs	r6, r4
100035dc:	401e      	ands	r6, r3
100035de:	421c      	tst	r4, r3
100035e0:	d003      	beq.n	100035ea <_vsnprintf+0x4fa>
100035e2:	4552      	cmp	r2, sl
100035e4:	d901      	bls.n	100035ea <_vsnprintf+0x4fa>
100035e6:	4653      	mov	r3, sl
100035e8:	9310      	str	r3, [sp, #64]	; 0x40
100035ea:	2302      	movs	r3, #2
100035ec:	001a      	movs	r2, r3
100035ee:	4022      	ands	r2, r4
100035f0:	920b      	str	r2, [sp, #44]	; 0x2c
100035f2:	4223      	tst	r3, r4
100035f4:	d005      	beq.n	10003602 <_vsnprintf+0x512>
100035f6:	003a      	movs	r2, r7
100035f8:	0037      	movs	r7, r6
100035fa:	464c      	mov	r4, r9
100035fc:	46a9      	mov	r9, r5
100035fe:	4655      	mov	r5, sl
10003600:	e020      	b.n	10003644 <_vsnprintf+0x554>
10003602:	003a      	movs	r2, r7
10003604:	9b10      	ldr	r3, [sp, #64]	; 0x40
10003606:	465f      	mov	r7, fp
10003608:	46b3      	mov	fp, r6
1000360a:	002e      	movs	r6, r5
1000360c:	e006      	b.n	1000361c <_vsnprintf+0x52c>
1000360e:	1c55      	adds	r5, r2, #1
10003610:	4643      	mov	r3, r8
10003612:	0039      	movs	r1, r7
10003614:	2020      	movs	r0, #32
10003616:	47b0      	blx	r6
10003618:	0023      	movs	r3, r4
1000361a:	002a      	movs	r2, r5
1000361c:	1c5c      	adds	r4, r3, #1
1000361e:	990a      	ldr	r1, [sp, #40]	; 0x28
10003620:	4299      	cmp	r1, r3
10003622:	d8f4      	bhi.n	1000360e <_vsnprintf+0x51e>
10003624:	0035      	movs	r5, r6
10003626:	465e      	mov	r6, fp
10003628:	46bb      	mov	fp, r7
1000362a:	9410      	str	r4, [sp, #64]	; 0x40
1000362c:	0037      	movs	r7, r6
1000362e:	464c      	mov	r4, r9
10003630:	46a9      	mov	r9, r5
10003632:	4655      	mov	r5, sl
10003634:	e006      	b.n	10003644 <_vsnprintf+0x554>
10003636:	001d      	movs	r5, r3
10003638:	3401      	adds	r4, #1
1000363a:	1c56      	adds	r6, r2, #1
1000363c:	4643      	mov	r3, r8
1000363e:	4659      	mov	r1, fp
10003640:	47c8      	blx	r9
10003642:	0032      	movs	r2, r6
10003644:	7820      	ldrb	r0, [r4, #0]
10003646:	2800      	cmp	r0, #0
10003648:	d004      	beq.n	10003654 <_vsnprintf+0x564>
1000364a:	2f00      	cmp	r7, #0
1000364c:	d0f4      	beq.n	10003638 <_vsnprintf+0x548>
1000364e:	1e6b      	subs	r3, r5, #1
10003650:	2d00      	cmp	r5, #0
10003652:	d1f0      	bne.n	10003636 <_vsnprintf+0x546>
10003654:	0017      	movs	r7, r2
10003656:	464d      	mov	r5, r9
10003658:	9b0b      	ldr	r3, [sp, #44]	; 0x2c
1000365a:	2b00      	cmp	r3, #0
1000365c:	d103      	bne.n	10003666 <_vsnprintf+0x576>
1000365e:	9b11      	ldr	r3, [sp, #68]	; 0x44
10003660:	3301      	adds	r3, #1
10003662:	9311      	str	r3, [sp, #68]	; 0x44
10003664:	e554      	b.n	10003110 <_vsnprintf+0x20>
10003666:	9f0a      	ldr	r7, [sp, #40]	; 0x28
10003668:	9b10      	ldr	r3, [sp, #64]	; 0x40
1000366a:	e006      	b.n	1000367a <_vsnprintf+0x58a>
1000366c:	1c56      	adds	r6, r2, #1
1000366e:	4643      	mov	r3, r8
10003670:	4659      	mov	r1, fp
10003672:	2020      	movs	r0, #32
10003674:	47a8      	blx	r5
10003676:	0023      	movs	r3, r4
10003678:	0032      	movs	r2, r6
1000367a:	1c5c      	adds	r4, r3, #1
1000367c:	429f      	cmp	r7, r3
1000367e:	d8f5      	bhi.n	1000366c <_vsnprintf+0x57c>
10003680:	0017      	movs	r7, r2
10003682:	e7ec      	b.n	1000365e <_vsnprintf+0x56e>
10003684:	2321      	movs	r3, #33	; 0x21
10003686:	431c      	orrs	r4, r3
10003688:	9b1c      	ldr	r3, [sp, #112]	; 0x70
1000368a:	1d1a      	adds	r2, r3, #4
1000368c:	921c      	str	r2, [sp, #112]	; 0x70
1000368e:	681b      	ldr	r3, [r3, #0]
10003690:	9300      	str	r3, [sp, #0]
10003692:	9405      	str	r4, [sp, #20]
10003694:	2308      	movs	r3, #8
10003696:	9304      	str	r3, [sp, #16]
10003698:	4653      	mov	r3, sl
1000369a:	9303      	str	r3, [sp, #12]
1000369c:	2310      	movs	r3, #16
1000369e:	9302      	str	r3, [sp, #8]
100036a0:	2300      	movs	r3, #0
100036a2:	9301      	str	r3, [sp, #4]
100036a4:	4643      	mov	r3, r8
100036a6:	003a      	movs	r2, r7
100036a8:	4659      	mov	r1, fp
100036aa:	0028      	movs	r0, r5
100036ac:	f7ff f89c 	bl	100027e8 <_ntoa_long>
100036b0:	0007      	movs	r7, r0
100036b2:	9b11      	ldr	r3, [sp, #68]	; 0x44
100036b4:	3301      	adds	r3, #1
100036b6:	9311      	str	r3, [sp, #68]	; 0x44
100036b8:	e52a      	b.n	10003110 <_vsnprintf+0x20>
100036ba:	1c7c      	adds	r4, r7, #1
100036bc:	4643      	mov	r3, r8
100036be:	003a      	movs	r2, r7
100036c0:	4659      	mov	r1, fp
100036c2:	2025      	movs	r0, #37	; 0x25
100036c4:	47a8      	blx	r5
100036c6:	9b11      	ldr	r3, [sp, #68]	; 0x44
100036c8:	3301      	adds	r3, #1
100036ca:	9311      	str	r3, [sp, #68]	; 0x44
100036cc:	0027      	movs	r7, r4
100036ce:	e51f      	b.n	10003110 <_vsnprintf+0x20>
100036d0:	1c7c      	adds	r4, r7, #1
100036d2:	4643      	mov	r3, r8
100036d4:	003a      	movs	r2, r7
100036d6:	4659      	mov	r1, fp
100036d8:	47a8      	blx	r5
100036da:	9b11      	ldr	r3, [sp, #68]	; 0x44
100036dc:	3301      	adds	r3, #1
100036de:	9311      	str	r3, [sp, #68]	; 0x44
100036e0:	0027      	movs	r7, r4
100036e2:	e515      	b.n	10003110 <_vsnprintf+0x20>
100036e4:	4b0a      	ldr	r3, [pc, #40]	; (10003710 <_vsnprintf+0x620>)
100036e6:	469a      	mov	sl, r3
100036e8:	e510      	b.n	1000310c <_vsnprintf+0x1c>
100036ea:	46aa      	mov	sl, r5
100036ec:	4547      	cmp	r7, r8
100036ee:	d302      	bcc.n	100036f6 <_vsnprintf+0x606>
100036f0:	4643      	mov	r3, r8
100036f2:	1e5a      	subs	r2, r3, #1
100036f4:	e000      	b.n	100036f8 <_vsnprintf+0x608>
100036f6:	003a      	movs	r2, r7
100036f8:	4643      	mov	r3, r8
100036fa:	4659      	mov	r1, fp
100036fc:	2000      	movs	r0, #0
100036fe:	47d0      	blx	sl
10003700:	0038      	movs	r0, r7
10003702:	b013      	add	sp, #76	; 0x4c
10003704:	bcf0      	pop	{r4, r5, r6, r7}
10003706:	46bb      	mov	fp, r7
10003708:	46b2      	mov	sl, r6
1000370a:	46a9      	mov	r9, r5
1000370c:	46a0      	mov	r8, r4
1000370e:	bdf0      	pop	{r4, r5, r6, r7, pc}
10003710:	100025f5 	.word	0x100025f5

10003714 <vfctprintf>:
10003714:	b500      	push	{lr}
10003716:	b085      	sub	sp, #20
10003718:	9002      	str	r0, [sp, #8]
1000371a:	9103      	str	r1, [sp, #12]
1000371c:	2101      	movs	r1, #1
1000371e:	9300      	str	r3, [sp, #0]
10003720:	0013      	movs	r3, r2
10003722:	424a      	negs	r2, r1
10003724:	a902      	add	r1, sp, #8
10003726:	4802      	ldr	r0, [pc, #8]	; (10003730 <vfctprintf+0x1c>)
10003728:	f7ff fce2 	bl	100030f0 <_vsnprintf>
1000372c:	b005      	add	sp, #20
1000372e:	bd00      	pop	{pc}
10003730:	100025f7 	.word	0x100025f7

10003734 <__aeabi_bits_init>:
10003734:	4801      	ldr	r0, [pc, #4]	; (1000373c <__aeabi_bits_init+0x8>)
10003736:	2104      	movs	r1, #4
10003738:	4b01      	ldr	r3, [pc, #4]	; (10003740 <__aeabi_bits_init+0xc>)
1000373a:	4718      	bx	r3
1000373c:	200002b0 	.word	0x200002b0
10003740:	10003765 	.word	0x10003765

10003744 <rom_func_lookup>:
10003744:	b510      	push	{r4, lr}
10003746:	0001      	movs	r1, r0
10003748:	2318      	movs	r3, #24
1000374a:	881b      	ldrh	r3, [r3, #0]
1000374c:	2214      	movs	r2, #20
1000374e:	8810      	ldrh	r0, [r2, #0]
10003750:	4798      	blx	r3
10003752:	bd10      	pop	{r4, pc}

10003754 <rom_data_lookup>:
10003754:	b510      	push	{r4, lr}
10003756:	0001      	movs	r1, r0
10003758:	2318      	movs	r3, #24
1000375a:	881b      	ldrh	r3, [r3, #0]
1000375c:	2216      	movs	r2, #22
1000375e:	8810      	ldrh	r0, [r2, #0]
10003760:	4798      	blx	r3
10003762:	bd10      	pop	{r4, pc}

10003764 <rom_funcs_lookup>:
10003764:	b5f0      	push	{r4, r5, r6, r7, lr}
10003766:	46c6      	mov	lr, r8
10003768:	b500      	push	{lr}
1000376a:	0007      	movs	r7, r0
1000376c:	000e      	movs	r6, r1
1000376e:	2500      	movs	r5, #0
10003770:	2301      	movs	r3, #1
10003772:	4698      	mov	r8, r3
10003774:	e000      	b.n	10003778 <rom_funcs_lookup+0x14>
10003776:	3501      	adds	r5, #1
10003778:	42b5      	cmp	r5, r6
1000377a:	d20a      	bcs.n	10003792 <rom_funcs_lookup+0x2e>
1000377c:	00ac      	lsls	r4, r5, #2
1000377e:	193c      	adds	r4, r7, r4
10003780:	6820      	ldr	r0, [r4, #0]
10003782:	f7ff ffdf 	bl	10003744 <rom_func_lookup>
10003786:	6020      	str	r0, [r4, #0]
10003788:	2800      	cmp	r0, #0
1000378a:	d1f4      	bne.n	10003776 <rom_funcs_lookup+0x12>
1000378c:	2300      	movs	r3, #0
1000378e:	4698      	mov	r8, r3
10003790:	e7f1      	b.n	10003776 <rom_funcs_lookup+0x12>
10003792:	4640      	mov	r0, r8
10003794:	bc80      	pop	{r7}
10003796:	46b8      	mov	r8, r7
10003798:	bdf0      	pop	{r4, r5, r6, r7, pc}
	...

1000379c <__wrap___aeabi_idiv>:
1000379c:	4a12      	ldr	r2, [pc, #72]	; (100037e8 <divmod_s32s32_savestate+0x18>)
1000379e:	6f93      	ldr	r3, [r2, #120]	; 0x78
100037a0:	089b      	lsrs	r3, r3, #2
100037a2:	d215      	bcs.n	100037d0 <divmod_s32s32_savestate>

100037a4 <divmod_s32s32_unsafe>:
100037a4:	6690      	str	r0, [r2, #104]	; 0x68
100037a6:	66d1      	str	r1, [r2, #108]	; 0x6c
100037a8:	2900      	cmp	r1, #0
100037aa:	d005      	beq.n	100037b8 <divmod_s32s32_unsafe+0x14>
100037ac:	e7ff      	b.n	100037ae <divmod_s32s32_unsafe+0xa>
100037ae:	e7ff      	b.n	100037b0 <divmod_s32s32_unsafe+0xc>
100037b0:	e7ff      	b.n	100037b2 <divmod_s32s32_unsafe+0xe>
100037b2:	6f51      	ldr	r1, [r2, #116]	; 0x74
100037b4:	6f10      	ldr	r0, [r2, #112]	; 0x70
100037b6:	4770      	bx	lr
100037b8:	b504      	push	{r2, lr}
100037ba:	2180      	movs	r1, #128	; 0x80
100037bc:	0609      	lsls	r1, r1, #24
100037be:	17c2      	asrs	r2, r0, #31
100037c0:	4051      	eors	r1, r2
100037c2:	2800      	cmp	r0, #0
100037c4:	d000      	beq.n	100037c8 <divmod_s32s32_unsafe+0x24>
100037c6:	43c8      	mvns	r0, r1
100037c8:	f001 ff46 	bl	10005658 <____aeabi_idiv0_veneer>
100037cc:	2100      	movs	r1, #0
100037ce:	bd04      	pop	{r2, pc}

100037d0 <divmod_s32s32_savestate>:
100037d0:	b5f0      	push	{r4, r5, r6, r7, lr}
100037d2:	6e14      	ldr	r4, [r2, #96]	; 0x60
100037d4:	6e55      	ldr	r5, [r2, #100]	; 0x64
100037d6:	6f57      	ldr	r7, [r2, #116]	; 0x74
100037d8:	6f16      	ldr	r6, [r2, #112]	; 0x70
100037da:	f7ff ffe3 	bl	100037a4 <divmod_s32s32_unsafe>
100037de:	6614      	str	r4, [r2, #96]	; 0x60
100037e0:	6655      	str	r5, [r2, #100]	; 0x64
100037e2:	6757      	str	r7, [r2, #116]	; 0x74
100037e4:	6716      	str	r6, [r2, #112]	; 0x70
100037e6:	bdf0      	pop	{r4, r5, r6, r7, pc}
100037e8:	d0000000 	.word	0xd0000000

100037ec <__wrap___aeabi_uidiv>:
100037ec:	4a11      	ldr	r2, [pc, #68]	; (10003834 <divmod_u32u32_savestate+0x18>)
100037ee:	6f93      	ldr	r3, [r2, #120]	; 0x78
100037f0:	089b      	lsrs	r3, r3, #2
100037f2:	d213      	bcs.n	1000381c <divmod_u32u32_savestate>

100037f4 <divmod_u32u32_unsafe>:
100037f4:	6610      	str	r0, [r2, #96]	; 0x60
100037f6:	6651      	str	r1, [r2, #100]	; 0x64
100037f8:	2900      	cmp	r1, #0
100037fa:	d005      	beq.n	10003808 <divmod_u32u32_unsafe+0x14>
100037fc:	e7ff      	b.n	100037fe <divmod_u32u32_unsafe+0xa>
100037fe:	e7ff      	b.n	10003800 <divmod_u32u32_unsafe+0xc>
10003800:	e7ff      	b.n	10003802 <divmod_u32u32_unsafe+0xe>
10003802:	6f51      	ldr	r1, [r2, #116]	; 0x74
10003804:	6f10      	ldr	r0, [r2, #112]	; 0x70
10003806:	4770      	bx	lr
10003808:	b504      	push	{r2, lr}
1000380a:	2800      	cmp	r0, #0
1000380c:	d001      	beq.n	10003812 <divmod_u32u32_unsafe+0x1e>
1000380e:	2000      	movs	r0, #0
10003810:	43c0      	mvns	r0, r0
10003812:	f001 ff21 	bl	10005658 <____aeabi_idiv0_veneer>
10003816:	2100      	movs	r1, #0
10003818:	bd04      	pop	{r2, pc}
1000381a:	46c0      	nop			; (mov r8, r8)

1000381c <divmod_u32u32_savestate>:
1000381c:	b5f0      	push	{r4, r5, r6, r7, lr}
1000381e:	6e14      	ldr	r4, [r2, #96]	; 0x60
10003820:	6e55      	ldr	r5, [r2, #100]	; 0x64
10003822:	6f57      	ldr	r7, [r2, #116]	; 0x74
10003824:	6f16      	ldr	r6, [r2, #112]	; 0x70
10003826:	f7ff ffe5 	bl	100037f4 <divmod_u32u32_unsafe>
1000382a:	6614      	str	r4, [r2, #96]	; 0x60
1000382c:	6655      	str	r5, [r2, #100]	; 0x64
1000382e:	6757      	str	r7, [r2, #116]	; 0x74
10003830:	6716      	str	r6, [r2, #112]	; 0x70
10003832:	bdf0      	pop	{r4, r5, r6, r7, pc}
10003834:	d0000000 	.word	0xd0000000

10003838 <__wrap___aeabi_ldivmod>:
10003838:	4694      	mov	ip, r2
1000383a:	4a4a      	ldr	r2, [pc, #296]	; (10003964 <udiv0+0x1a>)
1000383c:	6f92      	ldr	r2, [r2, #120]	; 0x78
1000383e:	0892      	lsrs	r2, r2, #2
10003840:	4662      	mov	r2, ip
10003842:	d201      	bcs.n	10003848 <divmod_s64s64_savestate>
10003844:	e028      	b.n	10003898 <divmod_s64s64_unsafe>
10003846:	46c0      	nop			; (mov r8, r8)

10003848 <divmod_s64s64_savestate>:
10003848:	b5f0      	push	{r4, r5, r6, r7, lr}
1000384a:	4e46      	ldr	r6, [pc, #280]	; (10003964 <udiv0+0x1a>)
1000384c:	6e34      	ldr	r4, [r6, #96]	; 0x60
1000384e:	6e75      	ldr	r5, [r6, #100]	; 0x64
10003850:	6f77      	ldr	r7, [r6, #116]	; 0x74
10003852:	6f36      	ldr	r6, [r6, #112]	; 0x70
10003854:	f000 f820 	bl	10003898 <divmod_s64s64_unsafe>
10003858:	4694      	mov	ip, r2
1000385a:	4a42      	ldr	r2, [pc, #264]	; (10003964 <udiv0+0x1a>)
1000385c:	6614      	str	r4, [r2, #96]	; 0x60
1000385e:	6655      	str	r5, [r2, #100]	; 0x64
10003860:	6757      	str	r7, [r2, #116]	; 0x74
10003862:	6716      	str	r6, [r2, #112]	; 0x70
10003864:	4662      	mov	r2, ip
10003866:	bdf0      	pop	{r4, r5, r6, r7, pc}

10003868 <__wrap___aeabi_uldivmod>:
10003868:	4694      	mov	ip, r2
1000386a:	4a3e      	ldr	r2, [pc, #248]	; (10003964 <udiv0+0x1a>)
1000386c:	6f92      	ldr	r2, [r2, #120]	; 0x78
1000386e:	0892      	lsrs	r2, r2, #2
10003870:	4662      	mov	r2, ip
10003872:	d201      	bcs.n	10003878 <divmod_u64u64_savestate>
10003874:	e054      	b.n	10003920 <divmod_u64u64_unsafe>
10003876:	46c0      	nop			; (mov r8, r8)

10003878 <divmod_u64u64_savestate>:
10003878:	b5f0      	push	{r4, r5, r6, r7, lr}
1000387a:	4e3a      	ldr	r6, [pc, #232]	; (10003964 <udiv0+0x1a>)
1000387c:	6e34      	ldr	r4, [r6, #96]	; 0x60
1000387e:	6e75      	ldr	r5, [r6, #100]	; 0x64
10003880:	6f77      	ldr	r7, [r6, #116]	; 0x74
10003882:	6f36      	ldr	r6, [r6, #112]	; 0x70
10003884:	f000 f84c 	bl	10003920 <divmod_u64u64_unsafe>
10003888:	4694      	mov	ip, r2
1000388a:	4a36      	ldr	r2, [pc, #216]	; (10003964 <udiv0+0x1a>)
1000388c:	6614      	str	r4, [r2, #96]	; 0x60
1000388e:	6655      	str	r5, [r2, #100]	; 0x64
10003890:	6757      	str	r7, [r2, #116]	; 0x74
10003892:	6716      	str	r6, [r2, #112]	; 0x70
10003894:	4662      	mov	r2, ip
10003896:	bdf0      	pop	{r4, r5, r6, r7, pc}

10003898 <divmod_s64s64_unsafe>:
10003898:	2b00      	cmp	r3, #0
1000389a:	db24      	blt.n	100038e6 <l42_1+0x26>
1000389c:	d011      	beq.n	100038c2 <l42_1+0x2>
1000389e:	2900      	cmp	r1, #0
100038a0:	da3e      	bge.n	10003920 <divmod_u64u64_unsafe>
100038a2:	b500      	push	{lr}
100038a4:	43c9      	mvns	r1, r1
100038a6:	4240      	negs	r0, r0
100038a8:	d100      	bne.n	100038ac <l40_1>
100038aa:	3101      	adds	r1, #1

100038ac <l40_1>:
100038ac:	f000 f838 	bl	10003920 <divmod_u64u64_unsafe>
100038b0:	43c9      	mvns	r1, r1
100038b2:	4240      	negs	r0, r0
100038b4:	d100      	bne.n	100038b8 <l41_1>
100038b6:	3101      	adds	r1, #1

100038b8 <l41_1>:
100038b8:	43db      	mvns	r3, r3
100038ba:	4252      	negs	r2, r2
100038bc:	d100      	bne.n	100038c0 <l42_1>
100038be:	3301      	adds	r3, #1

100038c0 <l42_1>:
100038c0:	bd00      	pop	{pc}
100038c2:	2a00      	cmp	r2, #0
100038c4:	d1eb      	bne.n	1000389e <divmod_s64s64_unsafe+0x6>
100038c6:	2800      	cmp	r0, #0
100038c8:	d101      	bne.n	100038ce <l42_1+0xe>
100038ca:	2900      	cmp	r1, #0
100038cc:	d005      	beq.n	100038da <l42_1+0x1a>
100038ce:	2000      	movs	r0, #0
100038d0:	0fc9      	lsrs	r1, r1, #31
100038d2:	07c9      	lsls	r1, r1, #31
100038d4:	d101      	bne.n	100038da <l42_1+0x1a>
100038d6:	43c0      	mvns	r0, r0
100038d8:	0841      	lsrs	r1, r0, #1
100038da:	b500      	push	{lr}
100038dc:	f001 feb4 	bl	10005648 <____aeabi_ldiv0_veneer>
100038e0:	2200      	movs	r2, #0
100038e2:	2300      	movs	r3, #0
100038e4:	bd00      	pop	{pc}
100038e6:	b500      	push	{lr}
100038e8:	2900      	cmp	r1, #0
100038ea:	db0a      	blt.n	10003902 <l44_1+0x2>
100038ec:	43db      	mvns	r3, r3
100038ee:	4252      	negs	r2, r2
100038f0:	d100      	bne.n	100038f4 <l43_1>
100038f2:	3301      	adds	r3, #1

100038f4 <l43_1>:
100038f4:	f000 f814 	bl	10003920 <divmod_u64u64_unsafe>
100038f8:	43c9      	mvns	r1, r1
100038fa:	4240      	negs	r0, r0
100038fc:	d100      	bne.n	10003900 <l44_1>
100038fe:	3101      	adds	r1, #1

10003900 <l44_1>:
10003900:	bd00      	pop	{pc}
10003902:	43c9      	mvns	r1, r1
10003904:	4240      	negs	r0, r0
10003906:	d100      	bne.n	1000390a <l45_1>
10003908:	3101      	adds	r1, #1

1000390a <l45_1>:
1000390a:	43db      	mvns	r3, r3
1000390c:	4252      	negs	r2, r2
1000390e:	d100      	bne.n	10003912 <l46_1>
10003910:	3301      	adds	r3, #1

10003912 <l46_1>:
10003912:	f000 f805 	bl	10003920 <divmod_u64u64_unsafe>
10003916:	43db      	mvns	r3, r3
10003918:	4252      	negs	r2, r2
1000391a:	d100      	bne.n	1000391e <l47_1>
1000391c:	3301      	adds	r3, #1

1000391e <l47_1>:
1000391e:	bd00      	pop	{pc}

10003920 <divmod_u64u64_unsafe>:
10003920:	2900      	cmp	r1, #0
10003922:	d123      	bne.n	1000396c <y64>
10003924:	2b00      	cmp	r3, #0
10003926:	d118      	bne.n	1000395a <udiv0+0x10>
10003928:	2a00      	cmp	r2, #0
1000392a:	d00c      	beq.n	10003946 <divmod_u64u64_unsafe+0x26>
1000392c:	46bc      	mov	ip, r7
1000392e:	4f0d      	ldr	r7, [pc, #52]	; (10003964 <udiv0+0x1a>)
10003930:	6638      	str	r0, [r7, #96]	; 0x60
10003932:	667a      	str	r2, [r7, #100]	; 0x64
10003934:	2100      	movs	r1, #0
10003936:	2300      	movs	r3, #0
10003938:	e7ff      	b.n	1000393a <divmod_u64u64_unsafe+0x1a>
1000393a:	e7ff      	b.n	1000393c <divmod_u64u64_unsafe+0x1c>
1000393c:	e7ff      	b.n	1000393e <divmod_u64u64_unsafe+0x1e>
1000393e:	6f7a      	ldr	r2, [r7, #116]	; 0x74
10003940:	6f38      	ldr	r0, [r7, #112]	; 0x70
10003942:	4667      	mov	r7, ip
10003944:	4770      	bx	lr
10003946:	2800      	cmp	r0, #0
10003948:	d001      	beq.n	1000394e <udiv0+0x4>

1000394a <udiv0>:
1000394a:	4807      	ldr	r0, [pc, #28]	; (10003968 <udiv0+0x1e>)
1000394c:	0001      	movs	r1, r0
1000394e:	b500      	push	{lr}
10003950:	f001 fe7a 	bl	10005648 <____aeabi_ldiv0_veneer>
10003954:	2200      	movs	r2, #0
10003956:	2300      	movs	r3, #0
10003958:	bd00      	pop	{pc}
1000395a:	0002      	movs	r2, r0
1000395c:	000b      	movs	r3, r1
1000395e:	2000      	movs	r0, #0
10003960:	2100      	movs	r1, #0
10003962:	4770      	bx	lr
10003964:	d0000000 	.word	0xd0000000
10003968:	ffffffff 	.word	0xffffffff

1000396c <y64>:
1000396c:	2b00      	cmp	r3, #0
1000396e:	d000      	beq.n	10003972 <y64+0x6>
10003970:	e0bf      	b.n	10003af2 <y64_x48>
10003972:	0c13      	lsrs	r3, r2, #16
10003974:	d128      	bne.n	100039c8 <y64_x32>
10003976:	2a00      	cmp	r2, #0
10003978:	d0e7      	beq.n	1000394a <udiv0>
1000397a:	b480      	push	{r7}
1000397c:	4f11      	ldr	r7, [pc, #68]	; (100039c4 <y64+0x58>)
1000397e:	6639      	str	r1, [r7, #96]	; 0x60
10003980:	667a      	str	r2, [r7, #100]	; 0x64
10003982:	e7ff      	b.n	10003984 <y64+0x18>
10003984:	e7ff      	b.n	10003986 <y64+0x1a>
10003986:	b430      	push	{r4, r5}
10003988:	0c04      	lsrs	r4, r0, #16
1000398a:	6f7b      	ldr	r3, [r7, #116]	; 0x74
1000398c:	6f39      	ldr	r1, [r7, #112]	; 0x70
1000398e:	041b      	lsls	r3, r3, #16
10003990:	4323      	orrs	r3, r4
10003992:	663b      	str	r3, [r7, #96]	; 0x60
10003994:	667a      	str	r2, [r7, #100]	; 0x64
10003996:	e7ff      	b.n	10003998 <y64+0x2c>
10003998:	e7ff      	b.n	1000399a <y64+0x2e>
1000399a:	e7ff      	b.n	1000399c <y64+0x30>
1000399c:	46c0      	nop			; (mov r8, r8)
1000399e:	b284      	uxth	r4, r0
100039a0:	6f7b      	ldr	r3, [r7, #116]	; 0x74
100039a2:	6f3d      	ldr	r5, [r7, #112]	; 0x70
100039a4:	041b      	lsls	r3, r3, #16
100039a6:	4323      	orrs	r3, r4
100039a8:	663b      	str	r3, [r7, #96]	; 0x60
100039aa:	667a      	str	r2, [r7, #100]	; 0x64
100039ac:	e7ff      	b.n	100039ae <y64+0x42>
100039ae:	e7ff      	b.n	100039b0 <y64+0x44>
100039b0:	46c0      	nop			; (mov r8, r8)
100039b2:	2300      	movs	r3, #0
100039b4:	042c      	lsls	r4, r5, #16
100039b6:	0c2d      	lsrs	r5, r5, #16
100039b8:	6f7a      	ldr	r2, [r7, #116]	; 0x74
100039ba:	6f38      	ldr	r0, [r7, #112]	; 0x70
100039bc:	1900      	adds	r0, r0, r4
100039be:	4169      	adcs	r1, r5
100039c0:	bcb0      	pop	{r4, r5, r7}
100039c2:	4770      	bx	lr
100039c4:	d0000000 	.word	0xd0000000

100039c8 <y64_x32>:
100039c8:	b5f0      	push	{r4, r5, r6, r7, lr}
100039ca:	4694      	mov	ip, r2
100039cc:	2500      	movs	r5, #0
100039ce:	0e14      	lsrs	r4, r2, #24
100039d0:	d101      	bne.n	100039d6 <y64_x32+0xe>
100039d2:	0212      	lsls	r2, r2, #8
100039d4:	3508      	adds	r5, #8
100039d6:	0f14      	lsrs	r4, r2, #28
100039d8:	d101      	bne.n	100039de <y64_x32+0x16>
100039da:	0112      	lsls	r2, r2, #4
100039dc:	3504      	adds	r5, #4
100039de:	0f94      	lsrs	r4, r2, #30
100039e0:	d101      	bne.n	100039e6 <y64_x32+0x1e>
100039e2:	0092      	lsls	r2, r2, #2
100039e4:	3502      	adds	r5, #2
100039e6:	0fd4      	lsrs	r4, r2, #31
100039e8:	d101      	bne.n	100039ee <y64_x32+0x26>
100039ea:	0052      	lsls	r2, r2, #1
100039ec:	3501      	adds	r5, #1
100039ee:	0bd4      	lsrs	r4, r2, #15
100039f0:	3401      	adds	r4, #1
100039f2:	4f25      	ldr	r7, [pc, #148]	; (10003a88 <y64_x32+0xc0>)
100039f4:	667c      	str	r4, [r7, #100]	; 0x64
100039f6:	4c25      	ldr	r4, [pc, #148]	; (10003a8c <y64_x32+0xc4>)
100039f8:	663c      	str	r4, [r7, #96]	; 0x60
100039fa:	0c0e      	lsrs	r6, r1, #16
100039fc:	b293      	uxth	r3, r2
100039fe:	e7ff      	b.n	10003a00 <y64_x32+0x38>
10003a00:	e7ff      	b.n	10003a02 <y64_x32+0x3a>
10003a02:	e7ff      	b.n	10003a04 <y64_x32+0x3c>
10003a04:	6f3c      	ldr	r4, [r7, #112]	; 0x70
10003a06:	4366      	muls	r6, r4
10003a08:	0c36      	lsrs	r6, r6, #16
10003a0a:	0377      	lsls	r7, r6, #13
10003a0c:	46be      	mov	lr, r7
10003a0e:	4373      	muls	r3, r6
10003a10:	0bdf      	lsrs	r7, r3, #15
10003a12:	045b      	lsls	r3, r3, #17
10003a14:	1ac0      	subs	r0, r0, r3
10003a16:	41b9      	sbcs	r1, r7
10003a18:	0c13      	lsrs	r3, r2, #16
10003a1a:	4373      	muls	r3, r6
10003a1c:	18db      	adds	r3, r3, r3
10003a1e:	1ac9      	subs	r1, r1, r3
10003a20:	08ce      	lsrs	r6, r1, #3
10003a22:	4366      	muls	r6, r4
10003a24:	0c36      	lsrs	r6, r6, #16
10003a26:	44b6      	add	lr, r6
10003a28:	b293      	uxth	r3, r2
10003a2a:	4373      	muls	r3, r6
10003a2c:	0f1f      	lsrs	r7, r3, #28
10003a2e:	011b      	lsls	r3, r3, #4
10003a30:	1ac0      	subs	r0, r0, r3
10003a32:	41b9      	sbcs	r1, r7
10003a34:	0c13      	lsrs	r3, r2, #16
10003a36:	4373      	muls	r3, r6
10003a38:	0b1f      	lsrs	r7, r3, #12
10003a3a:	051b      	lsls	r3, r3, #20
10003a3c:	1ac0      	subs	r0, r0, r3
10003a3e:	41b9      	sbcs	r1, r7
10003a40:	0d86      	lsrs	r6, r0, #22
10003a42:	028f      	lsls	r7, r1, #10
10003a44:	433e      	orrs	r6, r7
10003a46:	4366      	muls	r6, r4
10003a48:	0c36      	lsrs	r6, r6, #16
10003a4a:	2d09      	cmp	r5, #9
10003a4c:	db24      	blt.n	10003a98 <last0>
10003a4e:	0a52      	lsrs	r2, r2, #9
10003a50:	4372      	muls	r2, r6
10003a52:	1a80      	subs	r0, r0, r2
10003a54:	0377      	lsls	r7, r6, #13
10003a56:	0a46      	lsrs	r6, r0, #9
10003a58:	4366      	muls	r6, r4
10003a5a:	0c36      	lsrs	r6, r6, #16
10003a5c:	2316      	movs	r3, #22
10003a5e:	1b5b      	subs	r3, r3, r5
10003a60:	40de      	lsrs	r6, r3
10003a62:	40df      	lsrs	r7, r3
10003a64:	19bf      	adds	r7, r7, r6
10003a66:	4664      	mov	r4, ip
10003a68:	4366      	muls	r6, r4
10003a6a:	1b82      	subs	r2, r0, r6
10003a6c:	4670      	mov	r0, lr
10003a6e:	3504      	adds	r5, #4
10003a70:	3306      	adds	r3, #6
10003a72:	0001      	movs	r1, r0
10003a74:	40d9      	lsrs	r1, r3
10003a76:	40a8      	lsls	r0, r5
10003a78:	19c0      	adds	r0, r0, r7
10003a7a:	d300      	bcc.n	10003a7e <y64_x32+0xb6>
10003a7c:	3101      	adds	r1, #1
10003a7e:	42a2      	cmp	r2, r4
10003a80:	d206      	bcs.n	10003a90 <y64_x32+0xc8>
10003a82:	2300      	movs	r3, #0
10003a84:	bdf0      	pop	{r4, r5, r6, r7, pc}
10003a86:	0000      	.short	0x0000
10003a88:	d0000000 	.word	0xd0000000
10003a8c:	ffffffff 	.word	0xffffffff
10003a90:	1b12      	subs	r2, r2, r4
10003a92:	3001      	adds	r0, #1
10003a94:	d3f3      	bcc.n	10003a7e <y64_x32+0xb6>
10003a96:	e7f1      	b.n	10003a7c <y64_x32+0xb4>

10003a98 <last0>:
10003a98:	2709      	movs	r7, #9
10003a9a:	1b7f      	subs	r7, r7, r5
10003a9c:	40fe      	lsrs	r6, r7
10003a9e:	4664      	mov	r4, ip
10003aa0:	b2a2      	uxth	r2, r4
10003aa2:	4372      	muls	r2, r6
10003aa4:	1a80      	subs	r0, r0, r2
10003aa6:	d200      	bcs.n	10003aaa <last0+0x12>
10003aa8:	3901      	subs	r1, #1
10003aaa:	0c22      	lsrs	r2, r4, #16
10003aac:	4372      	muls	r2, r6
10003aae:	0c13      	lsrs	r3, r2, #16
10003ab0:	0412      	lsls	r2, r2, #16
10003ab2:	1a82      	subs	r2, r0, r2
10003ab4:	4199      	sbcs	r1, r3
10003ab6:	000b      	movs	r3, r1
10003ab8:	4670      	mov	r0, lr
10003aba:	3504      	adds	r5, #4
10003abc:	3713      	adds	r7, #19
10003abe:	0001      	movs	r1, r0
10003ac0:	40f9      	lsrs	r1, r7
10003ac2:	40a8      	lsls	r0, r5
10003ac4:	1980      	adds	r0, r0, r6
10003ac6:	d300      	bcc.n	10003aca <last0+0x32>
10003ac8:	3101      	adds	r1, #1
10003aca:	2b00      	cmp	r3, #0
10003acc:	d102      	bne.n	10003ad4 <last0+0x3c>
10003ace:	42a2      	cmp	r2, r4
10003ad0:	d20a      	bcs.n	10003ae8 <last0+0x50>
10003ad2:	bdf0      	pop	{r4, r5, r6, r7, pc}
10003ad4:	3001      	adds	r0, #1
10003ad6:	d300      	bcc.n	10003ada <last0+0x42>
10003ad8:	3101      	adds	r1, #1
10003ada:	1b12      	subs	r2, r2, r4
10003adc:	d2fa      	bcs.n	10003ad4 <last0+0x3c>
10003ade:	3b01      	subs	r3, #1
10003ae0:	d1f8      	bne.n	10003ad4 <last0+0x3c>
10003ae2:	42a2      	cmp	r2, r4
10003ae4:	d200      	bcs.n	10003ae8 <last0+0x50>
10003ae6:	bdf0      	pop	{r4, r5, r6, r7, pc}
10003ae8:	3001      	adds	r0, #1
10003aea:	d300      	bcc.n	10003aee <last0+0x56>
10003aec:	3101      	adds	r1, #1
10003aee:	1b12      	subs	r2, r2, r4
10003af0:	e7f7      	b.n	10003ae2 <last0+0x4a>

10003af2 <y64_x48>:
10003af2:	b5f0      	push	{r4, r5, r6, r7, lr}
10003af4:	0c1c      	lsrs	r4, r3, #16
10003af6:	d000      	beq.n	10003afa <y64_x48+0x8>
10003af8:	e080      	b.n	10003bfc <y64_x64>
10003afa:	b40c      	push	{r2, r3}
10003afc:	2500      	movs	r5, #0
10003afe:	0a1c      	lsrs	r4, r3, #8
10003b00:	d104      	bne.n	10003b0c <y64_x48+0x1a>
10003b02:	021b      	lsls	r3, r3, #8
10003b04:	0e16      	lsrs	r6, r2, #24
10003b06:	4333      	orrs	r3, r6
10003b08:	0212      	lsls	r2, r2, #8
10003b0a:	3508      	adds	r5, #8
10003b0c:	0b1c      	lsrs	r4, r3, #12
10003b0e:	d104      	bne.n	10003b1a <y64_x48+0x28>
10003b10:	011b      	lsls	r3, r3, #4
10003b12:	0f16      	lsrs	r6, r2, #28
10003b14:	4333      	orrs	r3, r6
10003b16:	0112      	lsls	r2, r2, #4
10003b18:	3504      	adds	r5, #4
10003b1a:	0b9c      	lsrs	r4, r3, #14
10003b1c:	d104      	bne.n	10003b28 <y64_x48+0x36>
10003b1e:	009b      	lsls	r3, r3, #2
10003b20:	0f96      	lsrs	r6, r2, #30
10003b22:	4333      	orrs	r3, r6
10003b24:	0092      	lsls	r2, r2, #2
10003b26:	3502      	adds	r5, #2
10003b28:	0bdc      	lsrs	r4, r3, #15
10003b2a:	d102      	bne.n	10003b32 <y64_x48+0x40>
10003b2c:	1892      	adds	r2, r2, r2
10003b2e:	415b      	adcs	r3, r3
10003b30:	3501      	adds	r5, #1
10003b32:	001c      	movs	r4, r3
10003b34:	1897      	adds	r7, r2, r2
10003b36:	4164      	adcs	r4, r4
10003b38:	3401      	adds	r4, #1
10003b3a:	4f46      	ldr	r7, [pc, #280]	; (10003c54 <y64_x64+0x58>)
10003b3c:	667c      	str	r4, [r7, #100]	; 0x64
10003b3e:	4c46      	ldr	r4, [pc, #280]	; (10003c58 <y64_x64+0x5c>)
10003b40:	663c      	str	r4, [r7, #96]	; 0x60
10003b42:	0c0e      	lsrs	r6, r1, #16
10003b44:	e7ff      	b.n	10003b46 <y64_x48+0x54>
10003b46:	e7ff      	b.n	10003b48 <y64_x48+0x56>
10003b48:	e7ff      	b.n	10003b4a <y64_x48+0x58>
10003b4a:	46c0      	nop			; (mov r8, r8)
10003b4c:	6f3c      	ldr	r4, [r7, #112]	; 0x70
10003b4e:	4366      	muls	r6, r4
10003b50:	0c36      	lsrs	r6, r6, #16
10003b52:	0377      	lsls	r7, r6, #13
10003b54:	46be      	mov	lr, r7
10003b56:	b297      	uxth	r7, r2
10003b58:	4377      	muls	r7, r6
10003b5a:	1bc0      	subs	r0, r0, r7
10003b5c:	d200      	bcs.n	10003b60 <y64_x48+0x6e>
10003b5e:	3901      	subs	r1, #1
10003b60:	1bc0      	subs	r0, r0, r7
10003b62:	d200      	bcs.n	10003b66 <y64_x48+0x74>
10003b64:	3901      	subs	r1, #1
10003b66:	b29f      	uxth	r7, r3
10003b68:	4377      	muls	r7, r6
10003b6a:	1bc9      	subs	r1, r1, r7
10003b6c:	1bc9      	subs	r1, r1, r7
10003b6e:	0c17      	lsrs	r7, r2, #16
10003b70:	4377      	muls	r7, r6
10003b72:	047e      	lsls	r6, r7, #17
10003b74:	0bff      	lsrs	r7, r7, #15
10003b76:	1b80      	subs	r0, r0, r6
10003b78:	41b9      	sbcs	r1, r7
10003b7a:	08ce      	lsrs	r6, r1, #3
10003b7c:	4366      	muls	r6, r4
10003b7e:	0c36      	lsrs	r6, r6, #16
10003b80:	2d0c      	cmp	r5, #12
10003b82:	db33      	blt.n	10003bec <last1>
10003b84:	44b6      	add	lr, r6
10003b86:	0b12      	lsrs	r2, r2, #12
10003b88:	051f      	lsls	r7, r3, #20
10003b8a:	433a      	orrs	r2, r7
10003b8c:	0b1b      	lsrs	r3, r3, #12
10003b8e:	b297      	uxth	r7, r2
10003b90:	4377      	muls	r7, r6
10003b92:	1bc0      	subs	r0, r0, r7
10003b94:	d200      	bcs.n	10003b98 <y64_x48+0xa6>
10003b96:	3901      	subs	r1, #1
10003b98:	b29f      	uxth	r7, r3
10003b9a:	4377      	muls	r7, r6
10003b9c:	1bc9      	subs	r1, r1, r7
10003b9e:	0c17      	lsrs	r7, r2, #16
10003ba0:	4377      	muls	r7, r6
10003ba2:	043e      	lsls	r6, r7, #16
10003ba4:	0c3f      	lsrs	r7, r7, #16
10003ba6:	1b80      	subs	r0, r0, r6
10003ba8:	41b9      	sbcs	r1, r7
10003baa:	0d86      	lsrs	r6, r0, #22
10003bac:	028f      	lsls	r7, r1, #10
10003bae:	433e      	orrs	r6, r7
10003bb0:	4366      	muls	r6, r4
10003bb2:	2729      	movs	r7, #41	; 0x29
10003bb4:	1b7f      	subs	r7, r7, r5
10003bb6:	40fe      	lsrs	r6, r7
10003bb8:	3d0c      	subs	r5, #12
10003bba:	4677      	mov	r7, lr
10003bbc:	40af      	lsls	r7, r5
10003bbe:	19bf      	adds	r7, r7, r6
10003bc0:	bc30      	pop	{r4, r5}
10003bc2:	b2a2      	uxth	r2, r4
10003bc4:	b2ab      	uxth	r3, r5
10003bc6:	4372      	muls	r2, r6
10003bc8:	4373      	muls	r3, r6
10003bca:	1a80      	subs	r0, r0, r2
10003bcc:	4199      	sbcs	r1, r3
10003bce:	0c22      	lsrs	r2, r4, #16
10003bd0:	4372      	muls	r2, r6
10003bd2:	0c13      	lsrs	r3, r2, #16
10003bd4:	0412      	lsls	r2, r2, #16
10003bd6:	1a80      	subs	r0, r0, r2
10003bd8:	4199      	sbcs	r1, r3
10003bda:	0002      	movs	r2, r0
10003bdc:	000b      	movs	r3, r1
10003bde:	3701      	adds	r7, #1
10003be0:	1b00      	subs	r0, r0, r4
10003be2:	41a9      	sbcs	r1, r5
10003be4:	d2f9      	bcs.n	10003bda <y64_x48+0xe8>
10003be6:	1e78      	subs	r0, r7, #1
10003be8:	2100      	movs	r1, #0
10003bea:	bdf0      	pop	{r4, r5, r6, r7, pc}

10003bec <last1>:
10003bec:	270c      	movs	r7, #12
10003bee:	1b7f      	subs	r7, r7, r5
10003bf0:	40fe      	lsrs	r6, r7
10003bf2:	4677      	mov	r7, lr
10003bf4:	0b7f      	lsrs	r7, r7, #13
10003bf6:	40af      	lsls	r7, r5
10003bf8:	19ff      	adds	r7, r7, r7
10003bfa:	e7e0      	b.n	10003bbe <y64_x48+0xcc>

10003bfc <y64_x64>:
10003bfc:	2400      	movs	r4, #0
10003bfe:	1c5d      	adds	r5, r3, #1
10003c00:	d007      	beq.n	10003c12 <y64_x64+0x16>
10003c02:	4f14      	ldr	r7, [pc, #80]	; (10003c54 <y64_x64+0x58>)
10003c04:	667d      	str	r5, [r7, #100]	; 0x64
10003c06:	6639      	str	r1, [r7, #96]	; 0x60
10003c08:	e7ff      	b.n	10003c0a <y64_x64+0xe>
10003c0a:	e7ff      	b.n	10003c0c <y64_x64+0x10>
10003c0c:	e7ff      	b.n	10003c0e <y64_x64+0x12>
10003c0e:	e7ff      	b.n	10003c10 <y64_x64+0x14>
10003c10:	6f3c      	ldr	r4, [r7, #112]	; 0x70
10003c12:	b295      	uxth	r5, r2
10003c14:	b29e      	uxth	r6, r3
10003c16:	4365      	muls	r5, r4
10003c18:	4366      	muls	r6, r4
10003c1a:	1b40      	subs	r0, r0, r5
10003c1c:	41b1      	sbcs	r1, r6
10003c1e:	0c15      	lsrs	r5, r2, #16
10003c20:	0c1e      	lsrs	r6, r3, #16
10003c22:	4365      	muls	r5, r4
10003c24:	4366      	muls	r6, r4
10003c26:	0436      	lsls	r6, r6, #16
10003c28:	0c2f      	lsrs	r7, r5, #16
10003c2a:	433e      	orrs	r6, r7
10003c2c:	042d      	lsls	r5, r5, #16
10003c2e:	1b40      	subs	r0, r0, r5
10003c30:	41b1      	sbcs	r1, r6
10003c32:	4299      	cmp	r1, r3
10003c34:	d204      	bcs.n	10003c40 <y64_x64+0x44>
10003c36:	0002      	movs	r2, r0
10003c38:	000b      	movs	r3, r1
10003c3a:	0020      	movs	r0, r4
10003c3c:	2100      	movs	r1, #0
10003c3e:	bdf0      	pop	{r4, r5, r6, r7, pc}
10003c40:	d101      	bne.n	10003c46 <y64_x64+0x4a>
10003c42:	4290      	cmp	r0, r2
10003c44:	d3f7      	bcc.n	10003c36 <y64_x64+0x3a>
10003c46:	1a80      	subs	r0, r0, r2
10003c48:	4199      	sbcs	r1, r3
10003c4a:	3401      	adds	r4, #1
10003c4c:	4299      	cmp	r1, r3
10003c4e:	d3f2      	bcc.n	10003c36 <y64_x64+0x3a>
10003c50:	e7f6      	b.n	10003c40 <y64_x64+0x44>
10003c52:	0000      	.short	0x0000
10003c54:	d0000000 	.word	0xd0000000
10003c58:	ffffffff 	.word	0xffffffff

10003c5c <__wrap___aeabi_drsub>:
10003c5c:	4048      	eors	r0, r1
10003c5e:	4041      	eors	r1, r0
10003c60:	4048      	eors	r0, r1

10003c62 <__wrap___aeabi_dsub>:
10003c62:	b418      	push	{r3, r4}
10003c64:	4b1b      	ldr	r3, [pc, #108]	; (10003cd4 <__wrap___aeabi_dmul+0x12>)
10003c66:	685b      	ldr	r3, [r3, #4]
10003c68:	46fc      	mov	ip, pc
10003c6a:	9301      	str	r3, [sp, #4]
10003c6c:	bd08      	pop	{r3, pc}
10003c6e:	df04      	.short	0xdf04
10003c70:	10003f37 	.word	0x10003f37

10003c74 <__wrap___aeabi_dadd>:
10003c74:	b418      	push	{r3, r4}
10003c76:	4b17      	ldr	r3, [pc, #92]	; (10003cd4 <__wrap___aeabi_dmul+0x12>)
10003c78:	681b      	ldr	r3, [r3, #0]
10003c7a:	46fc      	mov	ip, pc
10003c7c:	9301      	str	r3, [sp, #4]
10003c7e:	bd08      	pop	{r3, pc}
10003c80:	3f41df00 	.word	0x3f41df00
10003c84:	1000      	.short	0x1000

10003c86 <__wrap___aeabi_ddiv>:
10003c86:	4694      	mov	ip, r2
10003c88:	4a13      	ldr	r2, [pc, #76]	; (10003cd8 <__wrap___aeabi_dmul+0x16>)
10003c8a:	6f92      	ldr	r2, [r2, #120]	; 0x78
10003c8c:	0892      	lsrs	r2, r2, #2
10003c8e:	d209      	bcs.n	10003ca4 <ddiv_save_state>
10003c90:	4662      	mov	r2, ip

10003c92 <ddiv_shim_call>:
10003c92:	b418      	push	{r3, r4}
10003c94:	4b0f      	ldr	r3, [pc, #60]	; (10003cd4 <__wrap___aeabi_dmul+0x12>)
10003c96:	68db      	ldr	r3, [r3, #12]
10003c98:	46fc      	mov	ip, pc
10003c9a:	9301      	str	r3, [sp, #4]
10003c9c:	bd08      	pop	{r3, pc}
10003c9e:	df0c      	.short	0xdf0c
10003ca0:	100041f9 	.word	0x100041f9

10003ca4 <ddiv_save_state>:
10003ca4:	4a0c      	ldr	r2, [pc, #48]	; (10003cd8 <__wrap___aeabi_dmul+0x16>)
10003ca6:	b5f0      	push	{r4, r5, r6, r7, lr}
10003ca8:	6e14      	ldr	r4, [r2, #96]	; 0x60
10003caa:	6e55      	ldr	r5, [r2, #100]	; 0x64
10003cac:	6f57      	ldr	r7, [r2, #116]	; 0x74
10003cae:	6f16      	ldr	r6, [r2, #112]	; 0x70
10003cb0:	4662      	mov	r2, ip
10003cb2:	f7ff ffee 	bl	10003c92 <ddiv_shim_call>
10003cb6:	4a08      	ldr	r2, [pc, #32]	; (10003cd8 <__wrap___aeabi_dmul+0x16>)
10003cb8:	6614      	str	r4, [r2, #96]	; 0x60
10003cba:	6655      	str	r5, [r2, #100]	; 0x64
10003cbc:	6757      	str	r7, [r2, #116]	; 0x74
10003cbe:	6716      	str	r6, [r2, #112]	; 0x70
10003cc0:	bdf0      	pop	{r4, r5, r6, r7, pc}

10003cc2 <__wrap___aeabi_dmul>:
10003cc2:	b418      	push	{r3, r4}
10003cc4:	4b03      	ldr	r3, [pc, #12]	; (10003cd4 <__wrap___aeabi_dmul+0x12>)
10003cc6:	689b      	ldr	r3, [r3, #8]
10003cc8:	46fc      	mov	ip, pc
10003cca:	9301      	str	r3, [sp, #4]
10003ccc:	bd08      	pop	{r3, pc}
10003cce:	df08      	.short	0xdf08
10003cd0:	1000409d 	.word	0x1000409d
10003cd4:	20000d44 	.word	0x20000d44
10003cd8:	d0000000 	.word	0xd0000000

10003cdc <__wrap___aeabi_cdrcmple>:
10003cdc:	b5ff      	push	{r0, r1, r2, r3, r4, r5, r6, r7, lr}
10003cde:	4050      	eors	r0, r2
10003ce0:	4042      	eors	r2, r0
10003ce2:	4050      	eors	r0, r2
10003ce4:	4059      	eors	r1, r3
10003ce6:	404b      	eors	r3, r1
10003ce8:	4059      	eors	r1, r3
10003cea:	e000      	b.n	10003cee <__aeabi_dfcmple_guts>

10003cec <__wrap___aeabi_cdcmpeq>:
10003cec:	b5ff      	push	{r0, r1, r2, r3, r4, r5, r6, r7, lr}

10003cee <__aeabi_dfcmple_guts>:
10003cee:	4f15      	ldr	r7, [pc, #84]	; (10003d44 <__aeabi_dfcmple_guts+0x56>)
10003cf0:	004c      	lsls	r4, r1, #1
10003cf2:	0d64      	lsrs	r4, r4, #21
10003cf4:	d003      	beq.n	10003cfe <__aeabi_dfcmple_guts+0x10>
10003cf6:	42bc      	cmp	r4, r7
10003cf8:	d104      	bne.n	10003d04 <__aeabi_dfcmple_guts+0x16>
10003cfa:	030c      	lsls	r4, r1, #12
10003cfc:	d814      	bhi.n	10003d28 <__aeabi_dfcmple_guts+0x3a>
10003cfe:	2000      	movs	r0, #0
10003d00:	0d09      	lsrs	r1, r1, #20
10003d02:	0509      	lsls	r1, r1, #20
10003d04:	005c      	lsls	r4, r3, #1
10003d06:	0d64      	lsrs	r4, r4, #21
10003d08:	d003      	beq.n	10003d12 <__aeabi_dfcmple_guts+0x24>
10003d0a:	42bc      	cmp	r4, r7
10003d0c:	d104      	bne.n	10003d18 <__aeabi_dfcmple_guts+0x2a>
10003d0e:	031c      	lsls	r4, r3, #12
10003d10:	d80a      	bhi.n	10003d28 <__aeabi_dfcmple_guts+0x3a>
10003d12:	2200      	movs	r2, #0
10003d14:	0d1b      	lsrs	r3, r3, #20
10003d16:	051b      	lsls	r3, r3, #20
10003d18:	2601      	movs	r6, #1
10003d1a:	404b      	eors	r3, r1
10003d1c:	d409      	bmi.n	10003d32 <__aeabi_dfcmple_guts+0x44>
10003d1e:	404b      	eors	r3, r1
10003d20:	d503      	bpl.n	10003d2a <__aeabi_dfcmple_guts+0x3c>
10003d22:	428b      	cmp	r3, r1
10003d24:	d100      	bne.n	10003d28 <__aeabi_dfcmple_guts+0x3a>
10003d26:	4282      	cmp	r2, r0
10003d28:	bdff      	pop	{r0, r1, r2, r3, r4, r5, r6, r7, pc}
10003d2a:	4299      	cmp	r1, r3
10003d2c:	d1fc      	bne.n	10003d28 <__aeabi_dfcmple_guts+0x3a>
10003d2e:	4290      	cmp	r0, r2
10003d30:	bdff      	pop	{r0, r1, r2, r3, r4, r5, r6, r7, pc}
10003d32:	430b      	orrs	r3, r1
10003d34:	18db      	adds	r3, r3, r3
10003d36:	4303      	orrs	r3, r0
10003d38:	4313      	orrs	r3, r2
10003d3a:	d0f5      	beq.n	10003d28 <__aeabi_dfcmple_guts+0x3a>
10003d3c:	43c9      	mvns	r1, r1
10003d3e:	1849      	adds	r1, r1, r1
10003d40:	bdff      	pop	{r0, r1, r2, r3, r4, r5, r6, r7, pc}
10003d42:	0000      	.short	0x0000
10003d44:	000007ff 	.word	0x000007ff

10003d48 <__wrap___aeabi_dcmplt>:
10003d48:	b500      	push	{lr}
10003d4a:	f7ff ffcf 	bl	10003cec <__wrap___aeabi_cdcmpeq>
10003d4e:	4180      	sbcs	r0, r0
10003d50:	bd00      	pop	{pc}
10003d52:	46c0      	nop			; (mov r8, r8)

10003d54 <__wrap___aeabi_dcmple>:
10003d54:	b500      	push	{lr}
10003d56:	f7ff ffc9 	bl	10003cec <__wrap___aeabi_cdcmpeq>
10003d5a:	d901      	bls.n	10003d60 <__wrap___aeabi_dcmple+0xc>
10003d5c:	2000      	movs	r0, #0
10003d5e:	bd00      	pop	{pc}
10003d60:	2001      	movs	r0, #1
10003d62:	bd00      	pop	{pc}

10003d64 <__wrap___aeabi_dcmpge>:
10003d64:	b500      	push	{lr}
10003d66:	f7ff ffb9 	bl	10003cdc <__wrap___aeabi_cdrcmple>
10003d6a:	d901      	bls.n	10003d70 <__wrap___aeabi_dcmpge+0xc>
10003d6c:	2000      	movs	r0, #0
10003d6e:	bd00      	pop	{pc}
10003d70:	2001      	movs	r0, #1
10003d72:	bd00      	pop	{pc}

10003d74 <__wrap___aeabi_dcmpgt>:
10003d74:	b500      	push	{lr}
10003d76:	f7ff ffb1 	bl	10003cdc <__wrap___aeabi_cdrcmple>
10003d7a:	4180      	sbcs	r0, r0
10003d7c:	bd00      	pop	{pc}

10003d7e <__wrap___aeabi_dcmpun>:
10003d7e:	2001      	movs	r0, #1
10003d80:	0540      	lsls	r0, r0, #21
10003d82:	004a      	lsls	r2, r1, #1
10003d84:	1812      	adds	r2, r2, r0
10003d86:	d804      	bhi.n	10003d92 <__wrap___aeabi_dcmpun+0x14>
10003d88:	005a      	lsls	r2, r3, #1
10003d8a:	1812      	adds	r2, r2, r0
10003d8c:	d801      	bhi.n	10003d92 <__wrap___aeabi_dcmpun+0x14>
10003d8e:	2000      	movs	r0, #0
10003d90:	4770      	bx	lr
10003d92:	2001      	movs	r0, #1
10003d94:	4770      	bx	lr
10003d96:	2000      	movs	r0, #0
10003d98:	4770      	bx	lr
	...

10003d9c <__wrap___aeabi_ui2d>:
10003d9c:	2100      	movs	r1, #0
10003d9e:	2800      	cmp	r0, #0
10003da0:	d105      	bne.n	10003dae <__wrap___aeabi_i2d+0xa>
10003da2:	4770      	bx	lr

10003da4 <__wrap___aeabi_i2d>:
10003da4:	17c1      	asrs	r1, r0, #31
10003da6:	4048      	eors	r0, r1
10003da8:	1a40      	subs	r0, r0, r1
10003daa:	d0fa      	beq.n	10003da2 <__wrap___aeabi_ui2d+0x6>
10003dac:	07c9      	lsls	r1, r1, #31
10003dae:	b513      	push	{r0, r1, r4, lr}
10003db0:	4b06      	ldr	r3, [pc, #24]	; (10003dcc <__wrap___aeabi_i2d+0x28>)
10003db2:	681b      	ldr	r3, [r3, #0]
10003db4:	4798      	blx	r3
10003db6:	bc0c      	pop	{r2, r3}
10003db8:	1c44      	adds	r4, r0, #1
10003dba:	40a2      	lsls	r2, r4
10003dbc:	0510      	lsls	r0, r2, #20
10003dbe:	0b12      	lsrs	r2, r2, #12
10003dc0:	4903      	ldr	r1, [pc, #12]	; (10003dd0 <__wrap___aeabi_i2d+0x2c>)
10003dc2:	1b09      	subs	r1, r1, r4
10003dc4:	0509      	lsls	r1, r1, #20
10003dc6:	4319      	orrs	r1, r3
10003dc8:	4311      	orrs	r1, r2
10003dca:	bd10      	pop	{r4, pc}
10003dcc:	20000e44 	.word	0x20000e44
10003dd0:	0000041f 	.word	0x0000041f

10003dd4 <__wrap___aeabi_d2iz>:
10003dd4:	b510      	push	{r4, lr}
10003dd6:	004c      	lsls	r4, r1, #1
10003dd8:	0d62      	lsrs	r2, r4, #21
10003dda:	2380      	movs	r3, #128	; 0x80
10003ddc:	18d2      	adds	r2, r2, r3
10003dde:	00db      	lsls	r3, r3, #3
10003de0:	1ad2      	subs	r2, r2, r3
10003de2:	055b      	lsls	r3, r3, #21
10003de4:	2a7e      	cmp	r2, #126	; 0x7e
10003de6:	dd10      	ble.n	10003e0a <__wrap___aeabi_d2iz+0x36>
10003de8:	3a9e      	subs	r2, #158	; 0x9e
10003dea:	da13      	bge.n	10003e14 <__wrap___aeabi_d2iz+0x40>
10003dec:	17cc      	asrs	r4, r1, #31
10003dee:	0309      	lsls	r1, r1, #12
10003df0:	0849      	lsrs	r1, r1, #1
10003df2:	4319      	orrs	r1, r3
10003df4:	4252      	negs	r2, r2
10003df6:	40d1      	lsrs	r1, r2
10003df8:	0064      	lsls	r4, r4, #1
10003dfa:	3401      	adds	r4, #1
10003dfc:	3215      	adds	r2, #21
10003dfe:	2a20      	cmp	r2, #32
10003e00:	da05      	bge.n	10003e0e <__wrap___aeabi_d2iz+0x3a>
10003e02:	40d0      	lsrs	r0, r2
10003e04:	4308      	orrs	r0, r1
10003e06:	4360      	muls	r0, r4
10003e08:	bd10      	pop	{r4, pc}
10003e0a:	2000      	movs	r0, #0
10003e0c:	bd10      	pop	{r4, pc}
10003e0e:	4608      	mov	r0, r1
10003e10:	4360      	muls	r0, r4
10003e12:	bd10      	pop	{r4, pc}
10003e14:	0fc8      	lsrs	r0, r1, #31
10003e16:	18c0      	adds	r0, r0, r3
10003e18:	3801      	subs	r0, #1
10003e1a:	bd10      	pop	{r4, pc}

10003e1c <__wrap___aeabi_d2uiz>:
10003e1c:	b418      	push	{r3, r4}
10003e1e:	4b04      	ldr	r3, [pc, #16]	; (10003e30 <__wrap___aeabi_d2uiz+0x14>)
10003e20:	6a5b      	ldr	r3, [r3, #36]	; 0x24
10003e22:	46fc      	mov	ip, pc
10003e24:	9301      	str	r3, [sp, #4]
10003e26:	bd08      	pop	{r3, pc}
10003e28:	43a9df24 	.word	0x43a9df24
10003e2c:	00001000 	.word	0x00001000
10003e30:	20000d44 	.word	0x20000d44

10003e34 <__aeabi_double_init>:
10003e34:	b570      	push	{r4, r5, r6, lr}
10003e36:	2313      	movs	r3, #19
10003e38:	781c      	ldrb	r4, [r3, #0]
10003e3a:	2c01      	cmp	r4, #1
10003e3c:	d014      	beq.n	10003e68 <__aeabi_double_init+0x34>
10003e3e:	2c01      	cmp	r4, #1
10003e40:	dc14      	bgt.n	10003e6c <__aeabi_double_init+0x38>
10003e42:	2c02      	cmp	r4, #2
10003e44:	dc02      	bgt.n	10003e4c <__aeabi_double_init+0x18>
10003e46:	4a1f      	ldr	r2, [pc, #124]	; (10003ec4 <__aeabi_double_init+0x90>)
10003e48:	4b1f      	ldr	r3, [pc, #124]	; (10003ec8 <__aeabi_double_init+0x94>)
10003e4a:	649a      	str	r2, [r3, #72]	; 0x48
10003e4c:	481f      	ldr	r0, [pc, #124]	; (10003ecc <__aeabi_double_init+0x98>)
10003e4e:	f7ff fc79 	bl	10003744 <rom_func_lookup>
10003e52:	4b1f      	ldr	r3, [pc, #124]	; (10003ed0 <__aeabi_double_init+0x9c>)
10003e54:	6018      	str	r0, [r3, #0]
10003e56:	bd70      	pop	{r4, r5, r6, pc}
10003e58:	0099      	lsls	r1, r3, #2
10003e5a:	481a      	ldr	r0, [pc, #104]	; (10003ec4 <__aeabi_double_init+0x90>)
10003e5c:	4a1a      	ldr	r2, [pc, #104]	; (10003ec8 <__aeabi_double_init+0x94>)
10003e5e:	5088      	str	r0, [r1, r2]
10003e60:	3301      	adds	r3, #1
10003e62:	2b1f      	cmp	r3, #31
10003e64:	d9f8      	bls.n	10003e58 <__aeabi_double_init+0x24>
10003e66:	e7ea      	b.n	10003e3e <__aeabi_double_init+0xa>
10003e68:	2300      	movs	r3, #0
10003e6a:	e7fa      	b.n	10003e62 <__aeabi_double_init+0x2e>
10003e6c:	4819      	ldr	r0, [pc, #100]	; (10003ed4 <__aeabi_double_init+0xa0>)
10003e6e:	f7ff fc71 	bl	10003754 <rom_data_lookup>
10003e72:	0005      	movs	r5, r0
10003e74:	4818      	ldr	r0, [pc, #96]	; (10003ed8 <__aeabi_double_init+0xa4>)
10003e76:	f7ff fc6d 	bl	10003754 <rom_data_lookup>
10003e7a:	3802      	subs	r0, #2
10003e7c:	7803      	ldrb	r3, [r0, #0]
10003e7e:	009b      	lsls	r3, r3, #2
10003e80:	2b7f      	cmp	r3, #127	; 0x7f
10003e82:	dd19      	ble.n	10003eb8 <__aeabi_double_init+0x84>
10003e84:	2280      	movs	r2, #128	; 0x80
10003e86:	0029      	movs	r1, r5
10003e88:	480f      	ldr	r0, [pc, #60]	; (10003ec8 <__aeabi_double_init+0x94>)
10003e8a:	f000 fbbd 	bl	10004608 <__wrap___aeabi_memcpy>
10003e8e:	2c02      	cmp	r4, #2
10003e90:	d1d7      	bne.n	10003e42 <__aeabi_double_init+0xe>
10003e92:	4b12      	ldr	r3, [pc, #72]	; (10003edc <__aeabi_double_init+0xa8>)
10003e94:	881a      	ldrh	r2, [r3, #0]
10003e96:	23b5      	movs	r3, #181	; 0xb5
10003e98:	021b      	lsls	r3, r3, #8
10003e9a:	429a      	cmp	r2, r3
10003e9c:	d109      	bne.n	10003eb2 <__aeabi_double_init+0x7e>
10003e9e:	4b10      	ldr	r3, [pc, #64]	; (10003ee0 <__aeabi_double_init+0xac>)
10003ea0:	881a      	ldrh	r2, [r3, #0]
10003ea2:	4b10      	ldr	r3, [pc, #64]	; (10003ee4 <__aeabi_double_init+0xb0>)
10003ea4:	429a      	cmp	r2, r3
10003ea6:	d104      	bne.n	10003eb2 <__aeabi_double_init+0x7e>
10003ea8:	4b0f      	ldr	r3, [pc, #60]	; (10003ee8 <__aeabi_double_init+0xb4>)
10003eaa:	881a      	ldrh	r2, [r3, #0]
10003eac:	4b0f      	ldr	r3, [pc, #60]	; (10003eec <__aeabi_double_init+0xb8>)
10003eae:	429a      	cmp	r2, r3
10003eb0:	d0c7      	beq.n	10003e42 <__aeabi_double_init+0xe>
10003eb2:	2000      	movs	r0, #0
10003eb4:	f7fe fb86 	bl	100025c4 <panic>
10003eb8:	4b0d      	ldr	r3, [pc, #52]	; (10003ef0 <__aeabi_double_init+0xbc>)
10003eba:	4a0e      	ldr	r2, [pc, #56]	; (10003ef4 <__aeabi_double_init+0xc0>)
10003ebc:	2132      	movs	r1, #50	; 0x32
10003ebe:	480e      	ldr	r0, [pc, #56]	; (10003ef8 <__aeabi_double_init+0xc4>)
10003ec0:	f7fe fae6 	bl	10002490 <__assert_func>
10003ec4:	10003efd 	.word	0x10003efd
10003ec8:	20000d44 	.word	0x20000d44
10003ecc:	0000334c 	.word	0x0000334c
10003ed0:	20000e44 	.word	0x20000e44
10003ed4:	00004453 	.word	0x00004453
10003ed8:	00004653 	.word	0x00004653
10003edc:	00003854 	.word	0x00003854
10003ee0:	000038d8 	.word	0x000038d8
10003ee4:	00004649 	.word	0x00004649
10003ee8:	0000389c 	.word	0x0000389c
10003eec:	00004659 	.word	0x00004659
10003ef0:	10006918 	.word	0x10006918
10003ef4:	100069c4 	.word	0x100069c4
10003ef8:	1000696c 	.word	0x1000696c

10003efc <double_table_shim_on_use_helper>:
10003efc:	b507      	push	{r0, r1, r2, lr}
10003efe:	4660      	mov	r0, ip
10003f00:	2800      	cmp	r0, #0
10003f02:	d100      	bne.n	10003f06 <double_table_shim_on_use_helper+0xa>
10003f04:	be00      	bkpt	0x0000
10003f06:	8801      	ldrh	r1, [r0, #0]
10003f08:	0a0a      	lsrs	r2, r1, #8
10003f0a:	3002      	adds	r0, #2
10003f0c:	2adf      	cmp	r2, #223	; 0xdf
10003f0e:	d1fa      	bne.n	10003f06 <double_table_shim_on_use_helper+0xa>
10003f10:	b2c9      	uxtb	r1, r1
10003f12:	0882      	lsrs	r2, r0, #2
10003f14:	d304      	bcc.n	10003f20 <double_table_shim_on_use_helper+0x24>
10003f16:	8802      	ldrh	r2, [r0, #0]
10003f18:	8840      	ldrh	r0, [r0, #2]
10003f1a:	0400      	lsls	r0, r0, #16
10003f1c:	4310      	orrs	r0, r2
10003f1e:	e000      	b.n	10003f22 <double_table_shim_on_use_helper+0x26>
10003f20:	6800      	ldr	r0, [r0, #0]
10003f22:	4a02      	ldr	r2, [pc, #8]	; (10003f2c <double_table_shim_on_use_helper+0x30>)
10003f24:	5050      	str	r0, [r2, r1]
10003f26:	9003      	str	r0, [sp, #12]
10003f28:	bd07      	pop	{r0, r1, r2, pc}
10003f2a:	0000      	.short	0x0000
10003f2c:	20000d44 	.word	0x20000d44

10003f30 <drsub_shim>:
10003f30:	b40f      	push	{r0, r1, r2, r3}
10003f32:	bc03      	pop	{r0, r1}
10003f34:	bc0c      	pop	{r2, r3}

10003f36 <dsub_shim>:
10003f36:	b5f0      	push	{r4, r5, r6, r7, lr}
10003f38:	2401      	movs	r4, #1
10003f3a:	07e4      	lsls	r4, r4, #31
10003f3c:	4063      	eors	r3, r4
10003f3e:	e000      	b.n	10003f42 <da_entry>

10003f40 <dadd_shim>:
10003f40:	b5f0      	push	{r4, r5, r6, r7, lr}

10003f42 <da_entry>:
10003f42:	0d0c      	lsrs	r4, r1, #20
10003f44:	0fcf      	lsrs	r7, r1, #31
10003f46:	1e66      	subs	r6, r4, #1
10003f48:	0536      	lsls	r6, r6, #20
10003f4a:	1b89      	subs	r1, r1, r6
10003f4c:	0564      	lsls	r4, r4, #21
10003f4e:	d303      	bcc.n	10003f58 <l8_1>
10003f50:	43c9      	mvns	r1, r1
10003f52:	4240      	negs	r0, r0
10003f54:	d300      	bcc.n	10003f58 <l8_1>
10003f56:	3101      	adds	r1, #1

10003f58 <l8_1>:
10003f58:	0d64      	lsrs	r4, r4, #21
10003f5a:	d003      	beq.n	10003f64 <l8_2>
10003f5c:	1c66      	adds	r6, r4, #1
10003f5e:	0af6      	lsrs	r6, r6, #11
10003f60:	d007      	beq.n	10003f72 <l8_3>
10003f62:	1be4      	subs	r4, r4, r7

10003f64 <l8_2>:
10003f64:	2000      	movs	r0, #0
10003f66:	007f      	lsls	r7, r7, #1
10003f68:	1c79      	adds	r1, r7, #1
10003f6a:	0789      	lsls	r1, r1, #30
10003f6c:	1289      	asrs	r1, r1, #10
10003f6e:	3c80      	subs	r4, #128	; 0x80
10003f70:	0324      	lsls	r4, r4, #12

10003f72 <l8_3>:
10003f72:	0d1d      	lsrs	r5, r3, #20
10003f74:	0fdf      	lsrs	r7, r3, #31
10003f76:	1e6e      	subs	r6, r5, #1
10003f78:	0536      	lsls	r6, r6, #20
10003f7a:	1b9b      	subs	r3, r3, r6
10003f7c:	056d      	lsls	r5, r5, #21
10003f7e:	d303      	bcc.n	10003f88 <l9_1>
10003f80:	43db      	mvns	r3, r3
10003f82:	4252      	negs	r2, r2
10003f84:	d300      	bcc.n	10003f88 <l9_1>
10003f86:	3301      	adds	r3, #1

10003f88 <l9_1>:
10003f88:	0d6d      	lsrs	r5, r5, #21
10003f8a:	d003      	beq.n	10003f94 <l9_2>
10003f8c:	1c6e      	adds	r6, r5, #1
10003f8e:	0af6      	lsrs	r6, r6, #11
10003f90:	d007      	beq.n	10003fa2 <l9_3>
10003f92:	1bed      	subs	r5, r5, r7

10003f94 <l9_2>:
10003f94:	2200      	movs	r2, #0
10003f96:	007f      	lsls	r7, r7, #1
10003f98:	1c7b      	adds	r3, r7, #1
10003f9a:	079b      	lsls	r3, r3, #30
10003f9c:	129b      	asrs	r3, r3, #10
10003f9e:	3d80      	subs	r5, #128	; 0x80
10003fa0:	032d      	lsls	r5, r5, #12

10003fa2 <l9_3>:
10003fa2:	1b2f      	subs	r7, r5, r4
10003fa4:	1b66      	subs	r6, r4, r5
10003fa6:	d458      	bmi.n	1000405a <da_ygtx>
10003fa8:	46a4      	mov	ip, r4
10003faa:	2e20      	cmp	r6, #32
10003fac:	da46      	bge.n	1000403c <da_xrgty>
10003fae:	3720      	adds	r7, #32
10003fb0:	0014      	movs	r4, r2
10003fb2:	40bc      	lsls	r4, r7

10003fb4 <da_xgty0>:
10003fb4:	001d      	movs	r5, r3
10003fb6:	40bd      	lsls	r5, r7
10003fb8:	40f2      	lsrs	r2, r6
10003fba:	4133      	asrs	r3, r6
10003fbc:	432a      	orrs	r2, r5

10003fbe <da_add>:
10003fbe:	1880      	adds	r0, r0, r2
10003fc0:	4159      	adcs	r1, r3

10003fc2 <da_pack>:
10003fc2:	0fcb      	lsrs	r3, r1, #31
10003fc4:	d005      	beq.n	10003fd2 <da_pack+0x10>
10003fc6:	43c9      	mvns	r1, r1
10003fc8:	43c0      	mvns	r0, r0
10003fca:	2200      	movs	r2, #0
10003fcc:	4264      	negs	r4, r4
10003fce:	4150      	adcs	r0, r2
10003fd0:	4151      	adcs	r1, r2
10003fd2:	4662      	mov	r2, ip
10003fd4:	0d4d      	lsrs	r5, r1, #21
10003fd6:	d128      	bne.n	1000402a <da_0>
10003fd8:	0d0d      	lsrs	r5, r1, #20
10003fda:	d107      	bne.n	10003fec <da_1>
10003fdc:	2800      	cmp	r0, #0
10003fde:	d01f      	beq.n	10004020 <da_5>

10003fe0 <da_2>:
10003fe0:	1924      	adds	r4, r4, r4
10003fe2:	4140      	adcs	r0, r0
10003fe4:	4149      	adcs	r1, r1
10003fe6:	3a01      	subs	r2, #1
10003fe8:	0d0d      	lsrs	r5, r1, #20
10003fea:	d0f9      	beq.n	10003fe0 <da_2>

10003fec <da_1>:
10003fec:	0064      	lsls	r4, r4, #1
10003fee:	d306      	bcc.n	10003ffe <da_3>

10003ff0 <da_4>:
10003ff0:	3001      	adds	r0, #1
10003ff2:	d300      	bcc.n	10003ff6 <da_4+0x6>
10003ff4:	3101      	adds	r1, #1
10003ff6:	2c00      	cmp	r4, #0
10003ff8:	d101      	bne.n	10003ffe <da_3>
10003ffa:	0840      	lsrs	r0, r0, #1
10003ffc:	0040      	lsls	r0, r0, #1

10003ffe <da_3>:
10003ffe:	3a01      	subs	r2, #1
10004000:	d40b      	bmi.n	1000401a <da_6>
10004002:	1c94      	adds	r4, r2, #2
10004004:	0ae4      	lsrs	r4, r4, #11
10004006:	d104      	bne.n	10004012 <da_7>
10004008:	0512      	lsls	r2, r2, #20
1000400a:	4411      	add	r1, r2
1000400c:	07db      	lsls	r3, r3, #31
1000400e:	4419      	add	r1, r3
10004010:	bdf0      	pop	{r4, r5, r6, r7, pc}

10004012 <da_7>:
10004012:	07d9      	lsls	r1, r3, #31
10004014:	4b20      	ldr	r3, [pc, #128]	; (10004098 <da_xmgty+0x4>)
10004016:	4319      	orrs	r1, r3
10004018:	e000      	b.n	1000401c <da_6+0x2>

1000401a <da_6>:
1000401a:	07d9      	lsls	r1, r3, #31
1000401c:	2000      	movs	r0, #0
1000401e:	bdf0      	pop	{r4, r5, r6, r7, pc}

10004020 <da_5>:
10004020:	2900      	cmp	r1, #0
10004022:	d1dd      	bne.n	10003fe0 <da_2>
10004024:	2c00      	cmp	r4, #0
10004026:	d1db      	bne.n	10003fe0 <da_2>
10004028:	bdf0      	pop	{r4, r5, r6, r7, pc}

1000402a <da_0>:
1000402a:	3201      	adds	r2, #1
1000402c:	07c6      	lsls	r6, r0, #31
1000402e:	0840      	lsrs	r0, r0, #1
10004030:	07cd      	lsls	r5, r1, #31
10004032:	4328      	orrs	r0, r5
10004034:	0849      	lsrs	r1, r1, #1
10004036:	2e00      	cmp	r6, #0
10004038:	d0e1      	beq.n	10003ffe <da_3>
1000403a:	e7d9      	b.n	10003ff0 <da_4>

1000403c <da_xrgty>:
1000403c:	2e3c      	cmp	r6, #60	; 0x3c
1000403e:	da29      	bge.n	10004094 <da_xmgty>
10004040:	3e20      	subs	r6, #32
10004042:	3740      	adds	r7, #64	; 0x40
10004044:	0014      	movs	r4, r2
10004046:	40bc      	lsls	r4, r7
10004048:	d000      	beq.n	1000404c <da_xrgty+0x10>
1000404a:	2401      	movs	r4, #1
1000404c:	40f2      	lsrs	r2, r6
1000404e:	4314      	orrs	r4, r2
10004050:	001a      	movs	r2, r3
10004052:	40bb      	lsls	r3, r7
10004054:	431c      	orrs	r4, r3
10004056:	17d3      	asrs	r3, r2, #31
10004058:	e7ac      	b.n	10003fb4 <da_xgty0>

1000405a <da_ygtx>:
1000405a:	46ac      	mov	ip, r5
1000405c:	2f20      	cmp	r7, #32
1000405e:	da08      	bge.n	10004072 <da_yrgtx>
10004060:	3620      	adds	r6, #32
10004062:	0004      	movs	r4, r0
10004064:	40b4      	lsls	r4, r6

10004066 <da_ygtx0>:
10004066:	000d      	movs	r5, r1
10004068:	40b5      	lsls	r5, r6
1000406a:	40f8      	lsrs	r0, r7
1000406c:	4139      	asrs	r1, r7
1000406e:	4328      	orrs	r0, r5
10004070:	e7a5      	b.n	10003fbe <da_add>

10004072 <da_yrgtx>:
10004072:	2f3c      	cmp	r7, #60	; 0x3c
10004074:	da0c      	bge.n	10004090 <da_ymgtx>
10004076:	3f20      	subs	r7, #32
10004078:	3640      	adds	r6, #64	; 0x40
1000407a:	0004      	movs	r4, r0
1000407c:	40b4      	lsls	r4, r6
1000407e:	d000      	beq.n	10004082 <da_yrgtx+0x10>
10004080:	2401      	movs	r4, #1
10004082:	40f8      	lsrs	r0, r7
10004084:	4304      	orrs	r4, r0
10004086:	0008      	movs	r0, r1
10004088:	40b1      	lsls	r1, r6
1000408a:	430c      	orrs	r4, r1
1000408c:	17c1      	asrs	r1, r0, #31
1000408e:	e7ea      	b.n	10004066 <da_ygtx0>

10004090 <da_ymgtx>:
10004090:	0010      	movs	r0, r2
10004092:	0019      	movs	r1, r3

10004094 <da_xmgty>:
10004094:	2400      	movs	r4, #0
10004096:	e794      	b.n	10003fc2 <da_pack>
10004098:	7ff00000 	.word	0x7ff00000

1000409c <dmul_shim>:
1000409c:	b5f0      	push	{r4, r5, r6, r7, lr}
1000409e:	0d0c      	lsrs	r4, r1, #20
100040a0:	1e66      	subs	r6, r4, #1
100040a2:	0536      	lsls	r6, r6, #20
100040a4:	1b89      	subs	r1, r1, r6
100040a6:	0ae6      	lsrs	r6, r4, #11
100040a8:	0564      	lsls	r4, r4, #21
100040aa:	0d64      	lsrs	r4, r4, #21
100040ac:	d002      	beq.n	100040b4 <l12_1>
100040ae:	1c65      	adds	r5, r4, #1
100040b0:	0aed      	lsrs	r5, r5, #11
100040b2:	d004      	beq.n	100040be <l12_2>

100040b4 <l12_1>:
100040b4:	2000      	movs	r0, #0
100040b6:	2101      	movs	r1, #1
100040b8:	0509      	lsls	r1, r1, #20
100040ba:	3c80      	subs	r4, #128	; 0x80
100040bc:	0324      	lsls	r4, r4, #12

100040be <l12_2>:
100040be:	46a4      	mov	ip, r4
100040c0:	0d1c      	lsrs	r4, r3, #20
100040c2:	1e67      	subs	r7, r4, #1
100040c4:	053f      	lsls	r7, r7, #20
100040c6:	1bdb      	subs	r3, r3, r7
100040c8:	0ae7      	lsrs	r7, r4, #11
100040ca:	0564      	lsls	r4, r4, #21
100040cc:	0d64      	lsrs	r4, r4, #21
100040ce:	d002      	beq.n	100040d6 <l13_1>
100040d0:	1c65      	adds	r5, r4, #1
100040d2:	0aed      	lsrs	r5, r5, #11
100040d4:	d004      	beq.n	100040e0 <l13_2>

100040d6 <l13_1>:
100040d6:	2200      	movs	r2, #0
100040d8:	2301      	movs	r3, #1
100040da:	051b      	lsls	r3, r3, #20
100040dc:	3c80      	subs	r4, #128	; 0x80
100040de:	0324      	lsls	r4, r4, #12

100040e0 <l13_2>:
100040e0:	4077      	eors	r7, r6
100040e2:	4464      	add	r4, ip
100040e4:	b497      	push	{r0, r1, r2, r4, r7}
100040e6:	b284      	uxth	r4, r0
100040e8:	b296      	uxth	r6, r2
100040ea:	4374      	muls	r4, r6
100040ec:	0c07      	lsrs	r7, r0, #16
100040ee:	437e      	muls	r6, r7
100040f0:	0c15      	lsrs	r5, r2, #16
100040f2:	436f      	muls	r7, r5
100040f4:	b280      	uxth	r0, r0
100040f6:	4368      	muls	r0, r5
100040f8:	1836      	adds	r6, r6, r0
100040fa:	d302      	bcc.n	10004102 <l14_1>
100040fc:	2001      	movs	r0, #1
100040fe:	0400      	lsls	r0, r0, #16
10004100:	183f      	adds	r7, r7, r0

10004102 <l14_1>:
10004102:	0430      	lsls	r0, r6, #16
10004104:	0c35      	lsrs	r5, r6, #16
10004106:	1900      	adds	r0, r0, r4
10004108:	417d      	adcs	r5, r7
1000410a:	4684      	mov	ip, r0
1000410c:	b288      	uxth	r0, r1
1000410e:	b29a      	uxth	r2, r3
10004110:	4350      	muls	r0, r2
10004112:	0c0c      	lsrs	r4, r1, #16
10004114:	4362      	muls	r2, r4
10004116:	0c1f      	lsrs	r7, r3, #16
10004118:	437c      	muls	r4, r7
1000411a:	b28e      	uxth	r6, r1
1000411c:	437e      	muls	r6, r7
1000411e:	1992      	adds	r2, r2, r6
10004120:	d302      	bcc.n	10004128 <l15_1>
10004122:	2601      	movs	r6, #1
10004124:	0436      	lsls	r6, r6, #16
10004126:	19a4      	adds	r4, r4, r6

10004128 <l15_1>:
10004128:	0416      	lsls	r6, r2, #16
1000412a:	0c17      	lsrs	r7, r2, #16
1000412c:	1836      	adds	r6, r6, r0
1000412e:	4167      	adcs	r7, r4
10004130:	bc01      	pop	{r0}
10004132:	b281      	uxth	r1, r0
10004134:	b29a      	uxth	r2, r3
10004136:	4351      	muls	r1, r2
10004138:	0c04      	lsrs	r4, r0, #16
1000413a:	4362      	muls	r2, r4
1000413c:	0c1b      	lsrs	r3, r3, #16
1000413e:	435c      	muls	r4, r3
10004140:	b280      	uxth	r0, r0
10004142:	4358      	muls	r0, r3
10004144:	1812      	adds	r2, r2, r0
10004146:	d302      	bcc.n	1000414e <l16_1>
10004148:	2001      	movs	r0, #1
1000414a:	0400      	lsls	r0, r0, #16
1000414c:	1824      	adds	r4, r4, r0

1000414e <l16_1>:
1000414e:	0410      	lsls	r0, r2, #16
10004150:	0c13      	lsrs	r3, r2, #16
10004152:	1840      	adds	r0, r0, r1
10004154:	4163      	adcs	r3, r4
10004156:	182d      	adds	r5, r5, r0
10004158:	415e      	adcs	r6, r3
1000415a:	2000      	movs	r0, #0
1000415c:	4147      	adcs	r7, r0
1000415e:	bc06      	pop	{r1, r2}
10004160:	b288      	uxth	r0, r1
10004162:	b293      	uxth	r3, r2
10004164:	4358      	muls	r0, r3
10004166:	0c0c      	lsrs	r4, r1, #16
10004168:	4363      	muls	r3, r4
1000416a:	0c12      	lsrs	r2, r2, #16
1000416c:	4354      	muls	r4, r2
1000416e:	b289      	uxth	r1, r1
10004170:	4351      	muls	r1, r2
10004172:	185b      	adds	r3, r3, r1
10004174:	d302      	bcc.n	1000417c <l17_1>
10004176:	2101      	movs	r1, #1
10004178:	0409      	lsls	r1, r1, #16
1000417a:	1864      	adds	r4, r4, r1

1000417c <l17_1>:
1000417c:	0419      	lsls	r1, r3, #16
1000417e:	0c1a      	lsrs	r2, r3, #16
10004180:	1809      	adds	r1, r1, r0
10004182:	4162      	adcs	r2, r4
10004184:	186d      	adds	r5, r5, r1
10004186:	4156      	adcs	r6, r2
10004188:	2000      	movs	r0, #0
1000418a:	4147      	adcs	r7, r0
1000418c:	bc18      	pop	{r3, r4}
1000418e:	02f9      	lsls	r1, r7, #11
10004190:	0d72      	lsrs	r2, r6, #21
10004192:	4311      	orrs	r1, r2
10004194:	02f0      	lsls	r0, r6, #11
10004196:	0d6a      	lsrs	r2, r5, #21
10004198:	4310      	orrs	r0, r2
1000419a:	02ed      	lsls	r5, r5, #11
1000419c:	0d0a      	lsrs	r2, r1, #20
1000419e:	d103      	bne.n	100041a8 <l17_1+0x2c>
100041a0:	196d      	adds	r5, r5, r5
100041a2:	4140      	adcs	r0, r0
100041a4:	4149      	adcs	r1, r1
100041a6:	3b01      	subs	r3, #1
100041a8:	4e12      	ldr	r6, [pc, #72]	; (100041f4 <dm_1+0xa>)
100041aa:	1b9b      	subs	r3, r3, r6
100041ac:	0076      	lsls	r6, r6, #1
100041ae:	42b3      	cmp	r3, r6
100041b0:	d20e      	bcs.n	100041d0 <dm_0>
100041b2:	006d      	lsls	r5, r5, #1
100041b4:	d307      	bcc.n	100041c6 <l17_1+0x4a>
100041b6:	3001      	adds	r0, #1
100041b8:	2600      	movs	r6, #0
100041ba:	4171      	adcs	r1, r6
100041bc:	4666      	mov	r6, ip
100041be:	4335      	orrs	r5, r6
100041c0:	d101      	bne.n	100041c6 <l17_1+0x4a>
100041c2:	0840      	lsrs	r0, r0, #1
100041c4:	0040      	lsls	r0, r0, #1
100041c6:	051b      	lsls	r3, r3, #20
100041c8:	18c9      	adds	r1, r1, r3

100041ca <dm_2>:
100041ca:	07e4      	lsls	r4, r4, #31
100041cc:	4421      	add	r1, r4
100041ce:	bdf0      	pop	{r4, r5, r6, r7, pc}

100041d0 <dm_0>:
100041d0:	da0b      	bge.n	100041ea <dm_1>
100041d2:	3301      	adds	r3, #1
100041d4:	d106      	bne.n	100041e4 <dm_0+0x14>
100041d6:	3001      	adds	r0, #1
100041d8:	d104      	bne.n	100041e4 <dm_0+0x14>
100041da:	3101      	adds	r1, #1
100041dc:	0d4f      	lsrs	r7, r1, #21
100041de:	d001      	beq.n	100041e4 <dm_0+0x14>
100041e0:	0849      	lsrs	r1, r1, #1
100041e2:	e7f2      	b.n	100041ca <dm_2>
100041e4:	07e1      	lsls	r1, r4, #31
100041e6:	2000      	movs	r0, #0
100041e8:	bdf0      	pop	{r4, r5, r6, r7, pc}

100041ea <dm_1>:
100041ea:	3601      	adds	r6, #1
100041ec:	0531      	lsls	r1, r6, #20
100041ee:	2000      	movs	r0, #0
100041f0:	e7eb      	b.n	100041ca <dm_2>
100041f2:	0000      	.short	0x0000
100041f4:	000003ff 	.word	0x000003ff

100041f8 <ddiv_shim>:
100041f8:	b5f0      	push	{r4, r5, r6, r7, lr}

100041fa <ddiv0>:
100041fa:	0d1c      	lsrs	r4, r3, #20
100041fc:	1e67      	subs	r7, r4, #1
100041fe:	053f      	lsls	r7, r7, #20
10004200:	1bdb      	subs	r3, r3, r7
10004202:	0ae7      	lsrs	r7, r4, #11
10004204:	0564      	lsls	r4, r4, #21
10004206:	0d64      	lsrs	r4, r4, #21
10004208:	d002      	beq.n	10004210 <l20_1>
1000420a:	1c66      	adds	r6, r4, #1
1000420c:	0af6      	lsrs	r6, r6, #11
1000420e:	d004      	beq.n	1000421a <l20_2>

10004210 <l20_1>:
10004210:	2200      	movs	r2, #0
10004212:	2301      	movs	r3, #1
10004214:	051b      	lsls	r3, r3, #20
10004216:	3c80      	subs	r4, #128	; 0x80
10004218:	0324      	lsls	r4, r4, #12

1000421a <l20_2>:
1000421a:	25d0      	movs	r5, #208	; 0xd0
1000421c:	062d      	lsls	r5, r5, #24
1000421e:	2600      	movs	r6, #0
10004220:	43f6      	mvns	r6, r6
10004222:	662e      	str	r6, [r5, #96]	; 0x60
10004224:	091e      	lsrs	r6, r3, #4
10004226:	666e      	str	r6, [r5, #100]	; 0x64
10004228:	0fce      	lsrs	r6, r1, #31
1000422a:	19f6      	adds	r6, r6, r7
1000422c:	46b4      	mov	ip, r6
1000422e:	0049      	lsls	r1, r1, #1
10004230:	0d4f      	lsrs	r7, r1, #21
10004232:	d002      	beq.n	1000423a <l20_2+0x20>
10004234:	1c7e      	adds	r6, r7, #1
10004236:	0af6      	lsrs	r6, r6, #11
10004238:	d003      	beq.n	10004242 <l20_2+0x28>
1000423a:	2000      	movs	r0, #0
1000423c:	2100      	movs	r1, #0
1000423e:	3f40      	subs	r7, #64	; 0x40
10004240:	033f      	lsls	r7, r7, #12
10004242:	1b3e      	subs	r6, r7, r4
10004244:	00b6      	lsls	r6, r6, #2
10004246:	44b4      	add	ip, r6
10004248:	3f01      	subs	r7, #1
1000424a:	057f      	lsls	r7, r7, #21
1000424c:	1bc9      	subs	r1, r1, r7
1000424e:	0849      	lsrs	r1, r1, #1
10004250:	6f2e      	ldr	r6, [r5, #112]	; 0x70
10004252:	3601      	adds	r6, #1
10004254:	0876      	lsrs	r6, r6, #1
10004256:	029c      	lsls	r4, r3, #10
10004258:	0d95      	lsrs	r5, r2, #22
1000425a:	4325      	orrs	r5, r4
1000425c:	4375      	muls	r5, r6
1000425e:	13ed      	asrs	r5, r5, #15
10004260:	4375      	muls	r5, r6
10004262:	13ad      	asrs	r5, r5, #14
10004264:	3501      	adds	r5, #1
10004266:	106d      	asrs	r5, r5, #1
10004268:	03f6      	lsls	r6, r6, #15
1000426a:	1b76      	subs	r6, r6, r5
1000426c:	b40c      	push	{r2, r3}
1000426e:	02cc      	lsls	r4, r1, #11
10004270:	0d45      	lsrs	r5, r0, #21
10004272:	432c      	orrs	r4, r5
10004274:	b2a2      	uxth	r2, r4
10004276:	b2b3      	uxth	r3, r6
10004278:	435a      	muls	r2, r3
1000427a:	0c27      	lsrs	r7, r4, #16
1000427c:	437b      	muls	r3, r7
1000427e:	0c35      	lsrs	r5, r6, #16
10004280:	436f      	muls	r7, r5
10004282:	b2a4      	uxth	r4, r4
10004284:	436c      	muls	r4, r5
10004286:	191b      	adds	r3, r3, r4
10004288:	d302      	bcc.n	10004290 <l21_1>
1000428a:	2401      	movs	r4, #1
1000428c:	0424      	lsls	r4, r4, #16
1000428e:	193f      	adds	r7, r7, r4

10004290 <l21_1>:
10004290:	041c      	lsls	r4, r3, #16
10004292:	0c1d      	lsrs	r5, r3, #16
10004294:	18a4      	adds	r4, r4, r2
10004296:	417d      	adcs	r5, r7
10004298:	1924      	adds	r4, r4, r4
1000429a:	416d      	adcs	r5, r5
1000429c:	9a00      	ldr	r2, [sp, #0]
1000429e:	b291      	uxth	r1, r2
100042a0:	b2ac      	uxth	r4, r5
100042a2:	4361      	muls	r1, r4
100042a4:	0c17      	lsrs	r7, r2, #16
100042a6:	437c      	muls	r4, r7
100042a8:	0c2b      	lsrs	r3, r5, #16
100042aa:	435f      	muls	r7, r3
100042ac:	b292      	uxth	r2, r2
100042ae:	435a      	muls	r2, r3
100042b0:	18a4      	adds	r4, r4, r2
100042b2:	d302      	bcc.n	100042ba <l22_1>
100042b4:	2201      	movs	r2, #1
100042b6:	0412      	lsls	r2, r2, #16
100042b8:	18bf      	adds	r7, r7, r2

100042ba <l22_1>:
100042ba:	0422      	lsls	r2, r4, #16
100042bc:	0c23      	lsrs	r3, r4, #16
100042be:	1852      	adds	r2, r2, r1
100042c0:	417b      	adcs	r3, r7
100042c2:	9c01      	ldr	r4, [sp, #4]
100042c4:	436c      	muls	r4, r5
100042c6:	191b      	adds	r3, r3, r4
100042c8:	0e52      	lsrs	r2, r2, #25
100042ca:	01d9      	lsls	r1, r3, #7
100042cc:	430a      	orrs	r2, r1
100042ce:	0144      	lsls	r4, r0, #5
100042d0:	1aa0      	subs	r0, r4, r2
100042d2:	b281      	uxth	r1, r0
100042d4:	b2b2      	uxth	r2, r6
100042d6:	4351      	muls	r1, r2
100042d8:	1403      	asrs	r3, r0, #16
100042da:	435a      	muls	r2, r3
100042dc:	0c36      	lsrs	r6, r6, #16
100042de:	4373      	muls	r3, r6
100042e0:	b287      	uxth	r7, r0
100042e2:	4377      	muls	r7, r6
100042e4:	17d6      	asrs	r6, r2, #31
100042e6:	19d2      	adds	r2, r2, r7
100042e8:	2700      	movs	r7, #0
100042ea:	417e      	adcs	r6, r7
100042ec:	0436      	lsls	r6, r6, #16
100042ee:	199b      	adds	r3, r3, r6
100042f0:	0417      	lsls	r7, r2, #16
100042f2:	0c16      	lsrs	r6, r2, #16
100042f4:	187f      	adds	r7, r7, r1
100042f6:	415e      	adcs	r6, r3
100042f8:	1673      	asrs	r3, r6, #25
100042fa:	18ed      	adds	r5, r5, r3
100042fc:	01f3      	lsls	r3, r6, #7
100042fe:	2600      	movs	r6, #0
10004300:	3380      	adds	r3, #128	; 0x80
10004302:	4175      	adcs	r5, r6
10004304:	0fa9      	lsrs	r1, r5, #30
10004306:	d106      	bne.n	10004316 <dd_0>
10004308:	0064      	lsls	r4, r4, #1
1000430a:	0a69      	lsrs	r1, r5, #9
1000430c:	05e8      	lsls	r0, r5, #23
1000430e:	0a5b      	lsrs	r3, r3, #9
10004310:	4318      	orrs	r0, r3
10004312:	d209      	bcs.n	10004328 <dd_1>
10004314:	e02f      	b.n	10004376 <dd_2>

10004316 <dd_0>:
10004316:	2204      	movs	r2, #4
10004318:	4494      	add	ip, r2
1000431a:	3380      	adds	r3, #128	; 0x80
1000431c:	4175      	adcs	r5, r6
1000431e:	0aa9      	lsrs	r1, r5, #10
10004320:	05a8      	lsls	r0, r5, #22
10004322:	0a9b      	lsrs	r3, r3, #10
10004324:	4318      	orrs	r0, r3
10004326:	d326      	bcc.n	10004376 <dd_2>

10004328 <dd_1>:
10004328:	4140      	adcs	r0, r0
1000432a:	4149      	adcs	r1, r1
1000432c:	0424      	lsls	r4, r4, #16
1000432e:	9a00      	ldr	r2, [sp, #0]
10004330:	9b01      	ldr	r3, [sp, #4]
10004332:	000d      	movs	r5, r1
10004334:	4355      	muls	r5, r2
10004336:	1b64      	subs	r4, r4, r5
10004338:	4343      	muls	r3, r0
1000433a:	1ae4      	subs	r4, r4, r3
1000433c:	b295      	uxth	r5, r2
1000433e:	b286      	uxth	r6, r0
10004340:	4375      	muls	r5, r6
10004342:	0c17      	lsrs	r7, r2, #16
10004344:	437e      	muls	r6, r7
10004346:	0c03      	lsrs	r3, r0, #16
10004348:	435f      	muls	r7, r3
1000434a:	b292      	uxth	r2, r2
1000434c:	435a      	muls	r2, r3
1000434e:	18b6      	adds	r6, r6, r2
10004350:	d302      	bcc.n	10004358 <l24_1>
10004352:	2201      	movs	r2, #1
10004354:	0412      	lsls	r2, r2, #16
10004356:	18bf      	adds	r7, r7, r2

10004358 <l24_1>:
10004358:	0432      	lsls	r2, r6, #16
1000435a:	0c33      	lsrs	r3, r6, #16
1000435c:	1952      	adds	r2, r2, r5
1000435e:	417b      	adcs	r3, r7
10004360:	4252      	negs	r2, r2
10004362:	419c      	sbcs	r4, r3
10004364:	2c00      	cmp	r4, #0
10004366:	d402      	bmi.n	1000436e <l24_1+0x16>
10004368:	2200      	movs	r2, #0
1000436a:	3001      	adds	r0, #1
1000436c:	4151      	adcs	r1, r2
1000436e:	0840      	lsrs	r0, r0, #1
10004370:	07ca      	lsls	r2, r1, #31
10004372:	4310      	orrs	r0, r2
10004374:	0849      	lsrs	r1, r1, #1

10004376 <dd_2>:
10004376:	b002      	add	sp, #8
10004378:	4662      	mov	r2, ip
1000437a:	07d7      	lsls	r7, r2, #31
1000437c:	1092      	asrs	r2, r2, #2
1000437e:	4b08      	ldr	r3, [pc, #32]	; (100043a0 <dd_4+0x6>)
10004380:	18d2      	adds	r2, r2, r3
10004382:	4b08      	ldr	r3, [pc, #32]	; (100043a4 <dd_4+0xa>)
10004384:	429a      	cmp	r2, r3
10004386:	d203      	bcs.n	10004390 <dd_3>
10004388:	0512      	lsls	r2, r2, #20
1000438a:	1889      	adds	r1, r1, r2

1000438c <dd_5>:
1000438c:	19c9      	adds	r1, r1, r7
1000438e:	bdf0      	pop	{r4, r5, r6, r7, pc}

10004390 <dd_3>:
10004390:	2000      	movs	r0, #0
10004392:	2a00      	cmp	r2, #0
10004394:	dc01      	bgt.n	1000439a <dd_4>
10004396:	0039      	movs	r1, r7
10004398:	bdf0      	pop	{r4, r5, r6, r7, pc}

1000439a <dd_4>:
1000439a:	3301      	adds	r3, #1
1000439c:	0519      	lsls	r1, r3, #20
1000439e:	e7f5      	b.n	1000438c <dd_5>
100043a0:	000003fd 	.word	0x000003fd
100043a4:	000007fe 	.word	0x000007fe

100043a8 <double2uint_shim>:
100043a8:	2200      	movs	r2, #0

100043aa <double2ufix_shim>:
100043aa:	b500      	push	{lr}
100043ac:	3220      	adds	r2, #32
100043ae:	f000 f804 	bl	100043ba <double2ufix64_shim>
100043b2:	0008      	movs	r0, r1
100043b4:	bd00      	pop	{pc}
	...

100043b8 <double2uint64_shim>:
100043b8:	2200      	movs	r2, #0

100043ba <double2ufix64_shim>:
100043ba:	150b      	asrs	r3, r1, #20
100043bc:	d40a      	bmi.n	100043d4 <ret_dzero>

100043be <d2fix>:
100043be:	b510      	push	{r4, lr}
100043c0:	4694      	mov	ip, r2
100043c2:	f000 f831 	bl	10004428 <dunpacks>
100043c6:	1414      	asrs	r4, r2, #16
100043c8:	3401      	adds	r4, #1
100043ca:	da00      	bge.n	100043ce <d2fix+0x10>
100043cc:	2100      	movs	r1, #0
100043ce:	17cb      	asrs	r3, r1, #31
100043d0:	4c14      	ldr	r4, [pc, #80]	; (10004424 <d2fix_a+0x4a>)
100043d2:	4720      	bx	r4

100043d4 <ret_dzero>:
100043d4:	2000      	movs	r0, #0
100043d6:	2100      	movs	r1, #0
100043d8:	4770      	bx	lr

100043da <d2fix_a>:
100043da:	4462      	add	r2, ip
100043dc:	3a34      	subs	r2, #52	; 0x34
100043de:	d40c      	bmi.n	100043fa <d2fix_a+0x20>
100043e0:	2a0c      	cmp	r2, #12
100043e2:	da07      	bge.n	100043f4 <d2fix_a+0x1a>
100043e4:	0004      	movs	r4, r0
100043e6:	4091      	lsls	r1, r2
100043e8:	4090      	lsls	r0, r2
100043ea:	4252      	negs	r2, r2
100043ec:	3220      	adds	r2, #32
100043ee:	40d4      	lsrs	r4, r2
100043f0:	4321      	orrs	r1, r4
100043f2:	bd10      	pop	{r4, pc}
100043f4:	43d8      	mvns	r0, r3
100043f6:	43d9      	mvns	r1, r3
100043f8:	bd10      	pop	{r4, pc}
100043fa:	3220      	adds	r2, #32
100043fc:	d407      	bmi.n	1000440e <d2fix_a+0x34>
100043fe:	460c      	mov	r4, r1
10004400:	4094      	lsls	r4, r2
10004402:	4252      	negs	r2, r2
10004404:	3220      	adds	r2, #32
10004406:	4111      	asrs	r1, r2
10004408:	40d0      	lsrs	r0, r2
1000440a:	4320      	orrs	r0, r4
1000440c:	bd10      	pop	{r4, pc}
1000440e:	0008      	movs	r0, r1
10004410:	17c9      	asrs	r1, r1, #31
10004412:	3220      	adds	r2, #32
10004414:	d403      	bmi.n	1000441e <d2fix_a+0x44>
10004416:	4252      	negs	r2, r2
10004418:	3220      	adds	r2, #32
1000441a:	4110      	asrs	r0, r2
1000441c:	bd10      	pop	{r4, pc}
1000441e:	0018      	movs	r0, r3
10004420:	0019      	movs	r1, r3
10004422:	bd10      	pop	{r4, pc}
10004424:	100043db 	.word	0x100043db

10004428 <dunpacks>:
10004428:	0d0a      	lsrs	r2, r1, #20
1000442a:	0fcc      	lsrs	r4, r1, #31
1000442c:	1e53      	subs	r3, r2, #1
1000442e:	051b      	lsls	r3, r3, #20
10004430:	1ac9      	subs	r1, r1, r3
10004432:	0552      	lsls	r2, r2, #21
10004434:	d303      	bcc.n	1000443e <l60_1>
10004436:	43c9      	mvns	r1, r1
10004438:	4240      	negs	r0, r0
1000443a:	d300      	bcc.n	1000443e <l60_1>
1000443c:	3101      	adds	r1, #1

1000443e <l60_1>:
1000443e:	0d52      	lsrs	r2, r2, #21
10004440:	d003      	beq.n	1000444a <l60_2>
10004442:	1c53      	adds	r3, r2, #1
10004444:	0adb      	lsrs	r3, r3, #11
10004446:	d007      	beq.n	10004458 <l60_3>
10004448:	1b12      	subs	r2, r2, r4

1000444a <l60_2>:
1000444a:	2000      	movs	r0, #0
1000444c:	0064      	lsls	r4, r4, #1
1000444e:	1c61      	adds	r1, r4, #1
10004450:	0789      	lsls	r1, r1, #30
10004452:	1289      	asrs	r1, r1, #10
10004454:	3a80      	subs	r2, #128	; 0x80
10004456:	0312      	lsls	r2, r2, #12

10004458 <l60_3>:
10004458:	4b01      	ldr	r3, [pc, #4]	; (10004460 <l60_3+0x8>)
1000445a:	1ad2      	subs	r2, r2, r3
1000445c:	4770      	bx	lr
1000445e:	0000      	.short	0x0000
10004460:	000003ff 	.word	0x000003ff

10004464 <__wrap___aeabi_lmul>:
10004464:	4351      	muls	r1, r2
10004466:	4343      	muls	r3, r0
10004468:	18c9      	adds	r1, r1, r3
1000446a:	468c      	mov	ip, r1
1000446c:	0c11      	lsrs	r1, r2, #16
1000446e:	b283      	uxth	r3, r0
10004470:	434b      	muls	r3, r1
10004472:	b410      	push	{r4}
10004474:	0c04      	lsrs	r4, r0, #16
10004476:	4361      	muls	r1, r4
10004478:	b292      	uxth	r2, r2
1000447a:	b280      	uxth	r0, r0
1000447c:	4350      	muls	r0, r2
1000447e:	4362      	muls	r2, r4
10004480:	041c      	lsls	r4, r3, #16
10004482:	0c1b      	lsrs	r3, r3, #16
10004484:	1900      	adds	r0, r0, r4
10004486:	bc10      	pop	{r4}
10004488:	4159      	adcs	r1, r3
1000448a:	0413      	lsls	r3, r2, #16
1000448c:	0c12      	lsrs	r2, r2, #16
1000448e:	18c0      	adds	r0, r0, r3
10004490:	4151      	adcs	r1, r2
10004492:	4461      	add	r1, ip
10004494:	4770      	bx	lr
	...

10004498 <__aeabi_float_init>:
10004498:	b570      	push	{r4, r5, r6, lr}
1000449a:	2313      	movs	r3, #19
1000449c:	781d      	ldrb	r5, [r3, #0]
1000449e:	482a      	ldr	r0, [pc, #168]	; (10004548 <__aeabi_float_init+0xb0>)
100044a0:	f7ff f958 	bl	10003754 <rom_data_lookup>
100044a4:	0004      	movs	r4, r0
100044a6:	2d01      	cmp	r5, #1
100044a8:	d011      	beq.n	100044ce <__aeabi_float_init+0x36>
100044aa:	2d01      	cmp	r5, #1
100044ac:	dd09      	ble.n	100044c2 <__aeabi_float_init+0x2a>
100044ae:	1ea3      	subs	r3, r4, #2
100044b0:	781b      	ldrb	r3, [r3, #0]
100044b2:	009b      	lsls	r3, r3, #2
100044b4:	2b7f      	cmp	r3, #127	; 0x7f
100044b6:	dd40      	ble.n	1000453a <__aeabi_float_init+0xa2>
100044b8:	2280      	movs	r2, #128	; 0x80
100044ba:	0021      	movs	r1, r4
100044bc:	4823      	ldr	r0, [pc, #140]	; (1000454c <__aeabi_float_init+0xb4>)
100044be:	f000 f8a3 	bl	10004608 <__wrap___aeabi_memcpy>
100044c2:	4823      	ldr	r0, [pc, #140]	; (10004550 <__aeabi_float_init+0xb8>)
100044c4:	f7ff f93e 	bl	10003744 <rom_func_lookup>
100044c8:	4b22      	ldr	r3, [pc, #136]	; (10004554 <__aeabi_float_init+0xbc>)
100044ca:	6018      	str	r0, [r3, #0]
100044cc:	bd70      	pop	{r4, r5, r6, pc}
100044ce:	2254      	movs	r2, #84	; 0x54
100044d0:	0001      	movs	r1, r0
100044d2:	481e      	ldr	r0, [pc, #120]	; (1000454c <__aeabi_float_init+0xb4>)
100044d4:	f000 f898 	bl	10004608 <__wrap___aeabi_memcpy>
100044d8:	4b1f      	ldr	r3, [pc, #124]	; (10004558 <__aeabi_float_init+0xc0>)
100044da:	881a      	ldrh	r2, [r3, #0]
100044dc:	4b1f      	ldr	r3, [pc, #124]	; (1000455c <__aeabi_float_init+0xc4>)
100044de:	429a      	cmp	r2, r3
100044e0:	d11c      	bne.n	1000451c <__aeabi_float_init+0x84>
100044e2:	23a7      	movs	r3, #167	; 0xa7
100044e4:	019b      	lsls	r3, r3, #6
100044e6:	881a      	ldrh	r2, [r3, #0]
100044e8:	4b1d      	ldr	r3, [pc, #116]	; (10004560 <__aeabi_float_init+0xc8>)
100044ea:	429a      	cmp	r2, r3
100044ec:	d116      	bne.n	1000451c <__aeabi_float_init+0x84>
100044ee:	4b1d      	ldr	r3, [pc, #116]	; (10004564 <__aeabi_float_init+0xcc>)
100044f0:	881a      	ldrh	r2, [r3, #0]
100044f2:	4b1d      	ldr	r3, [pc, #116]	; (10004568 <__aeabi_float_init+0xd0>)
100044f4:	429a      	cmp	r2, r3
100044f6:	d111      	bne.n	1000451c <__aeabi_float_init+0x84>
100044f8:	4b1c      	ldr	r3, [pc, #112]	; (1000456c <__aeabi_float_init+0xd4>)
100044fa:	881a      	ldrh	r2, [r3, #0]
100044fc:	2394      	movs	r3, #148	; 0x94
100044fe:	019b      	lsls	r3, r3, #6
10004500:	429a      	cmp	r2, r3
10004502:	d10b      	bne.n	1000451c <__aeabi_float_init+0x84>
10004504:	4b1a      	ldr	r3, [pc, #104]	; (10004570 <__aeabi_float_init+0xd8>)
10004506:	881a      	ldrh	r2, [r3, #0]
10004508:	4b1a      	ldr	r3, [pc, #104]	; (10004574 <__aeabi_float_init+0xdc>)
1000450a:	429a      	cmp	r2, r3
1000450c:	d106      	bne.n	1000451c <__aeabi_float_init+0x84>
1000450e:	4b1a      	ldr	r3, [pc, #104]	; (10004578 <__aeabi_float_init+0xe0>)
10004510:	681a      	ldr	r2, [r3, #0]
10004512:	4b1a      	ldr	r3, [pc, #104]	; (1000457c <__aeabi_float_init+0xe4>)
10004514:	429a      	cmp	r2, r3
10004516:	d101      	bne.n	1000451c <__aeabi_float_init+0x84>
10004518:	2315      	movs	r3, #21
1000451a:	e007      	b.n	1000452c <__aeabi_float_init+0x94>
1000451c:	4818      	ldr	r0, [pc, #96]	; (10004580 <__aeabi_float_init+0xe8>)
1000451e:	f7fe f851 	bl	100025c4 <panic>
10004522:	0099      	lsls	r1, r3, #2
10004524:	4817      	ldr	r0, [pc, #92]	; (10004584 <__aeabi_float_init+0xec>)
10004526:	4a09      	ldr	r2, [pc, #36]	; (1000454c <__aeabi_float_init+0xb4>)
10004528:	5088      	str	r0, [r1, r2]
1000452a:	3301      	adds	r3, #1
1000452c:	2b1f      	cmp	r3, #31
1000452e:	d9f8      	bls.n	10004522 <__aeabi_float_init+0x8a>
10004530:	4a14      	ldr	r2, [pc, #80]	; (10004584 <__aeabi_float_init+0xec>)
10004532:	4b06      	ldr	r3, [pc, #24]	; (1000454c <__aeabi_float_init+0xb4>)
10004534:	621a      	str	r2, [r3, #32]
10004536:	61da      	str	r2, [r3, #28]
10004538:	e7b7      	b.n	100044aa <__aeabi_float_init+0x12>
1000453a:	4b13      	ldr	r3, [pc, #76]	; (10004588 <__aeabi_float_init+0xf0>)
1000453c:	4a13      	ldr	r2, [pc, #76]	; (1000458c <__aeabi_float_init+0xf4>)
1000453e:	2142      	movs	r1, #66	; 0x42
10004540:	4813      	ldr	r0, [pc, #76]	; (10004590 <__aeabi_float_init+0xf8>)
10004542:	f7fd ffa5 	bl	10002490 <__assert_func>
10004546:	46c0      	nop			; (mov r8, r8)
10004548:	00004653 	.word	0x00004653
1000454c:	20000e48 	.word	0x20000e48
10004550:	0000334c 	.word	0x0000334c
10004554:	20000e44 	.word	0x20000e44
10004558:	000029ee 	.word	0x000029ee
1000455c:	00000fc4 	.word	0x00000fc4
10004560:	00000dc2 	.word	0x00000dc2
10004564:	00002b96 	.word	0x00002b96
10004568:	0000b5c0 	.word	0x0000b5c0
1000456c:	00002b18 	.word	0x00002b18
10004570:	00002acc 	.word	0x00002acc
10004574:	0000b510 	.word	0x0000b510
10004578:	00002cfc 	.word	0x00002cfc
1000457c:	6487ed51 	.word	0x6487ed51
10004580:	1000593c 	.word	0x1000593c
10004584:	10004595 	.word	0x10004595
10004588:	100069d8 	.word	0x100069d8
1000458c:	10006a60 	.word	0x10006a60
10004590:	10006a0c 	.word	0x10006a0c

10004594 <float_table_shim_on_use_helper>:
10004594:	b507      	push	{r0, r1, r2, lr}
10004596:	4660      	mov	r0, ip
10004598:	2800      	cmp	r0, #0
1000459a:	d100      	bne.n	1000459e <float_table_shim_on_use_helper+0xa>
1000459c:	be00      	bkpt	0x0000
1000459e:	8801      	ldrh	r1, [r0, #0]
100045a0:	0a0a      	lsrs	r2, r1, #8
100045a2:	3002      	adds	r0, #2
100045a4:	2adf      	cmp	r2, #223	; 0xdf
100045a6:	d1fa      	bne.n	1000459e <float_table_shim_on_use_helper+0xa>
100045a8:	b2c9      	uxtb	r1, r1
100045aa:	0882      	lsrs	r2, r0, #2
100045ac:	d304      	bcc.n	100045b8 <float_table_shim_on_use_helper+0x24>
100045ae:	8802      	ldrh	r2, [r0, #0]
100045b0:	8840      	ldrh	r0, [r0, #2]
100045b2:	0400      	lsls	r0, r0, #16
100045b4:	4310      	orrs	r0, r2
100045b6:	e000      	b.n	100045ba <float_table_shim_on_use_helper+0x26>
100045b8:	6800      	ldr	r0, [r0, #0]
100045ba:	4a02      	ldr	r2, [pc, #8]	; (100045c4 <float_table_shim_on_use_helper+0x30>)
100045bc:	5050      	str	r0, [r2, r1]
100045be:	9003      	str	r0, [sp, #12]
100045c0:	bd07      	pop	{r0, r1, r2, pc}
100045c2:	0000      	.short	0x0000
100045c4:	20000e48 	.word	0x20000e48

100045c8 <__wrap_malloc>:
100045c8:	b510      	push	{r4, lr}
100045ca:	0004      	movs	r4, r0
100045cc:	f000 fbe0 	bl	10004d90 <malloc>
100045d0:	2800      	cmp	r0, #0
100045d2:	d004      	beq.n	100045de <__wrap_malloc+0x16>
100045d4:	1904      	adds	r4, r0, r4
100045d6:	4b03      	ldr	r3, [pc, #12]	; (100045e4 <__wrap_malloc+0x1c>)
100045d8:	429c      	cmp	r4, r3
100045da:	d800      	bhi.n	100045de <__wrap_malloc+0x16>
100045dc:	bd10      	pop	{r4, pc}
100045de:	4802      	ldr	r0, [pc, #8]	; (100045e8 <__wrap_malloc+0x20>)
100045e0:	f7fd fff0 	bl	100025c4 <panic>
100045e4:	20040000 	.word	0x20040000
100045e8:	10006a74 	.word	0x10006a74

100045ec <__aeabi_mem_init>:
100045ec:	4801      	ldr	r0, [pc, #4]	; (100045f4 <__aeabi_mem_init+0x8>)
100045ee:	2104      	movs	r1, #4
100045f0:	4b01      	ldr	r3, [pc, #4]	; (100045f8 <__aeabi_mem_init+0xc>)
100045f2:	4718      	bx	r3
100045f4:	200002c0 	.word	0x200002c0
100045f8:	10003765 	.word	0x10003765

100045fc <__wrap_memset>:
100045fc:	4b01      	ldr	r3, [pc, #4]	; (10004604 <__wrap_memset+0x8>)
100045fe:	681b      	ldr	r3, [r3, #0]
10004600:	4718      	bx	r3
10004602:	0000      	.short	0x0000
10004604:	200002c0 	.word	0x200002c0

10004608 <__wrap___aeabi_memcpy>:
10004608:	4b01      	ldr	r3, [pc, #4]	; (10004610 <__wrap___aeabi_memcpy+0x8>)
1000460a:	685b      	ldr	r3, [r3, #4]
1000460c:	4718      	bx	r3
1000460e:	0000      	.short	0x0000
10004610:	200002c0 	.word	0x200002c0

10004614 <stdio_out_chars_no_crlf>:
10004614:	b510      	push	{r4, lr}
10004616:	0003      	movs	r3, r0
10004618:	0008      	movs	r0, r1
1000461a:	0011      	movs	r1, r2
1000461c:	681b      	ldr	r3, [r3, #0]
1000461e:	4798      	blx	r3
10004620:	bd10      	pop	{r4, pc}
	...

10004624 <stdio_out_chars_crlf>:
10004624:	b5f8      	push	{r3, r4, r5, r6, r7, lr}
10004626:	0007      	movs	r7, r0
10004628:	000d      	movs	r5, r1
1000462a:	0016      	movs	r6, r2
1000462c:	7d43      	ldrb	r3, [r0, #21]
1000462e:	2b00      	cmp	r3, #0
10004630:	d002      	beq.n	10004638 <stdio_out_chars_crlf+0x14>
10004632:	2400      	movs	r4, #0
10004634:	2000      	movs	r0, #0
10004636:	e00c      	b.n	10004652 <stdio_out_chars_crlf+0x2e>
10004638:	6803      	ldr	r3, [r0, #0]
1000463a:	0011      	movs	r1, r2
1000463c:	0028      	movs	r0, r5
1000463e:	4798      	blx	r3
10004640:	e02d      	b.n	1000469e <stdio_out_chars_crlf+0x7a>
10004642:	7d3b      	ldrb	r3, [r7, #20]
10004644:	e010      	b.n	10004668 <stdio_out_chars_crlf+0x44>
10004646:	2102      	movs	r1, #2
10004648:	4815      	ldr	r0, [pc, #84]	; (100046a0 <stdio_out_chars_crlf+0x7c>)
1000464a:	683b      	ldr	r3, [r7, #0]
1000464c:	4798      	blx	r3
1000464e:	1c60      	adds	r0, r4, #1
10004650:	3401      	adds	r4, #1
10004652:	42b4      	cmp	r4, r6
10004654:	da14      	bge.n	10004680 <stdio_out_chars_crlf+0x5c>
10004656:	2c00      	cmp	r4, #0
10004658:	ddf3      	ble.n	10004642 <stdio_out_chars_crlf+0x1e>
1000465a:	192b      	adds	r3, r5, r4
1000465c:	3b01      	subs	r3, #1
1000465e:	781b      	ldrb	r3, [r3, #0]
10004660:	3b0d      	subs	r3, #13
10004662:	425a      	negs	r2, r3
10004664:	4153      	adcs	r3, r2
10004666:	b2db      	uxtb	r3, r3
10004668:	5d2a      	ldrb	r2, [r5, r4]
1000466a:	2a0a      	cmp	r2, #10
1000466c:	d1f0      	bne.n	10004650 <stdio_out_chars_crlf+0x2c>
1000466e:	2b00      	cmp	r3, #0
10004670:	d1ee      	bne.n	10004650 <stdio_out_chars_crlf+0x2c>
10004672:	42a0      	cmp	r0, r4
10004674:	dae7      	bge.n	10004646 <stdio_out_chars_crlf+0x22>
10004676:	1a21      	subs	r1, r4, r0
10004678:	1828      	adds	r0, r5, r0
1000467a:	683b      	ldr	r3, [r7, #0]
1000467c:	4798      	blx	r3
1000467e:	e7e2      	b.n	10004646 <stdio_out_chars_crlf+0x22>
10004680:	42b0      	cmp	r0, r6
10004682:	da03      	bge.n	1000468c <stdio_out_chars_crlf+0x68>
10004684:	1a31      	subs	r1, r6, r0
10004686:	1828      	adds	r0, r5, r0
10004688:	683b      	ldr	r3, [r7, #0]
1000468a:	4798      	blx	r3
1000468c:	2e00      	cmp	r6, #0
1000468e:	dd06      	ble.n	1000469e <stdio_out_chars_crlf+0x7a>
10004690:	19ad      	adds	r5, r5, r6
10004692:	3d01      	subs	r5, #1
10004694:	782b      	ldrb	r3, [r5, #0]
10004696:	3b0d      	subs	r3, #13
10004698:	425a      	negs	r2, r3
1000469a:	4153      	adcs	r3, r2
1000469c:	753b      	strb	r3, [r7, #20]
1000469e:	bdf8      	pop	{r3, r4, r5, r6, r7, pc}
100046a0:	10006b18 	.word	0x10006b18

100046a4 <stdio_stack_buffer_flush>:
100046a4:	b570      	push	{r4, r5, r6, lr}
100046a6:	0005      	movs	r5, r0
100046a8:	6803      	ldr	r3, [r0, #0]
100046aa:	2b00      	cmp	r3, #0
100046ac:	d016      	beq.n	100046dc <stdio_stack_buffer_flush+0x38>
100046ae:	4b0c      	ldr	r3, [pc, #48]	; (100046e0 <stdio_stack_buffer_flush+0x3c>)
100046b0:	681c      	ldr	r4, [r3, #0]
100046b2:	e005      	b.n	100046c0 <stdio_stack_buffer_flush+0x1c>
100046b4:	0029      	movs	r1, r5
100046b6:	c904      	ldmia	r1!, {r2}
100046b8:	0020      	movs	r0, r4
100046ba:	f7ff ffb3 	bl	10004624 <stdio_out_chars_crlf>
100046be:	6924      	ldr	r4, [r4, #16]
100046c0:	2c00      	cmp	r4, #0
100046c2:	d009      	beq.n	100046d8 <stdio_stack_buffer_flush+0x34>
100046c4:	6823      	ldr	r3, [r4, #0]
100046c6:	2b00      	cmp	r3, #0
100046c8:	d0f9      	beq.n	100046be <stdio_stack_buffer_flush+0x1a>
100046ca:	4b06      	ldr	r3, [pc, #24]	; (100046e4 <stdio_stack_buffer_flush+0x40>)
100046cc:	681b      	ldr	r3, [r3, #0]
100046ce:	2b00      	cmp	r3, #0
100046d0:	d0f0      	beq.n	100046b4 <stdio_stack_buffer_flush+0x10>
100046d2:	42a3      	cmp	r3, r4
100046d4:	d1f3      	bne.n	100046be <stdio_stack_buffer_flush+0x1a>
100046d6:	e7ed      	b.n	100046b4 <stdio_stack_buffer_flush+0x10>
100046d8:	2300      	movs	r3, #0
100046da:	602b      	str	r3, [r5, #0]
100046dc:	bd70      	pop	{r4, r5, r6, pc}
100046de:	46c0      	nop			; (mov r8, r8)
100046e0:	20000d24 	.word	0x20000d24
100046e4:	20000d2c 	.word	0x20000d2c

100046e8 <stdio_buffered_printer>:
100046e8:	b570      	push	{r4, r5, r6, lr}
100046ea:	0005      	movs	r5, r0
100046ec:	000c      	movs	r4, r1
100046ee:	680b      	ldr	r3, [r1, #0]
100046f0:	2b80      	cmp	r3, #128	; 0x80
100046f2:	d005      	beq.n	10004700 <stdio_buffered_printer+0x18>
100046f4:	6821      	ldr	r1, [r4, #0]
100046f6:	1c4b      	adds	r3, r1, #1
100046f8:	6023      	str	r3, [r4, #0]
100046fa:	1864      	adds	r4, r4, r1
100046fc:	7125      	strb	r5, [r4, #4]
100046fe:	bd70      	pop	{r4, r5, r6, pc}
10004700:	0008      	movs	r0, r1
10004702:	f7ff ffcf 	bl	100046a4 <stdio_stack_buffer_flush>
10004706:	e7f5      	b.n	100046f4 <stdio_buffered_printer+0xc>

10004708 <stdout_serialize_begin>:
10004708:	b510      	push	{r4, lr}
1000470a:	f7fd f8db 	bl	100018c4 <time_us_64>
1000470e:	0002      	movs	r2, r0
10004710:	1e0b      	subs	r3, r1, #0
10004712:	db0b      	blt.n	1000472c <stdout_serialize_begin+0x24>
10004714:	480d      	ldr	r0, [pc, #52]	; (1000474c <stdout_serialize_begin+0x44>)
10004716:	2100      	movs	r1, #0
10004718:	1812      	adds	r2, r2, r0
1000471a:	414b      	adcs	r3, r1
1000471c:	2b00      	cmp	r3, #0
1000471e:	db0b      	blt.n	10004738 <stdout_serialize_begin+0x30>
10004720:	2b00      	cmp	r3, #0
10004722:	db0d      	blt.n	10004740 <stdout_serialize_begin+0x38>
10004724:	480a      	ldr	r0, [pc, #40]	; (10004750 <stdout_serialize_begin+0x48>)
10004726:	f000 ff9f 	bl	10005668 <__mutex_try_enter_block_until_veneer>
1000472a:	bd10      	pop	{r4, pc}
1000472c:	4b09      	ldr	r3, [pc, #36]	; (10004754 <stdout_serialize_begin+0x4c>)
1000472e:	4a0a      	ldr	r2, [pc, #40]	; (10004758 <stdout_serialize_begin+0x50>)
10004730:	213f      	movs	r1, #63	; 0x3f
10004732:	480a      	ldr	r0, [pc, #40]	; (1000475c <stdout_serialize_begin+0x54>)
10004734:	f7fd feac 	bl	10002490 <__assert_func>
10004738:	2201      	movs	r2, #1
1000473a:	4252      	negs	r2, r2
1000473c:	4b08      	ldr	r3, [pc, #32]	; (10004760 <stdout_serialize_begin+0x58>)
1000473e:	e7ef      	b.n	10004720 <stdout_serialize_begin+0x18>
10004740:	4b04      	ldr	r3, [pc, #16]	; (10004754 <stdout_serialize_begin+0x4c>)
10004742:	4a05      	ldr	r2, [pc, #20]	; (10004758 <stdout_serialize_begin+0x50>)
10004744:	213f      	movs	r1, #63	; 0x3f
10004746:	4805      	ldr	r0, [pc, #20]	; (1000475c <stdout_serialize_begin+0x54>)
10004748:	f7fd fea2 	bl	10002490 <__assert_func>
1000474c:	000f4240 	.word	0x000f4240
10004750:	20000b30 	.word	0x20000b30
10004754:	10005e58 	.word	0x10005e58
10004758:	10006b00 	.word	0x10006b00
1000475c:	10005e74 	.word	0x10005e74
10004760:	7fffffff 	.word	0x7fffffff

10004764 <stdout_serialize_end>:
10004764:	b510      	push	{r4, lr}
10004766:	4802      	ldr	r0, [pc, #8]	; (10004770 <stdout_serialize_end+0xc>)
10004768:	f000 ff66 	bl	10005638 <__mutex_exit_veneer>
1000476c:	bd10      	pop	{r4, pc}
1000476e:	46c0      	nop			; (mov r8, r8)
10004770:	20000b30 	.word	0x20000b30

10004774 <stdio_put_string>:
10004774:	b5f0      	push	{r4, r5, r6, r7, lr}
10004776:	46ce      	mov	lr, r9
10004778:	4647      	mov	r7, r8
1000477a:	b580      	push	{r7, lr}
1000477c:	b083      	sub	sp, #12
1000477e:	0006      	movs	r6, r0
10004780:	000d      	movs	r5, r1
10004782:	4690      	mov	r8, r2
10004784:	001c      	movs	r4, r3
10004786:	f7ff ffbf 	bl	10004708 <stdout_serialize_begin>
1000478a:	4681      	mov	r9, r0
1000478c:	1c6b      	adds	r3, r5, #1
1000478e:	d005      	beq.n	1000479c <stdio_put_string+0x28>
10004790:	2c00      	cmp	r4, #0
10004792:	d008      	beq.n	100047a6 <stdio_put_string+0x32>
10004794:	4f19      	ldr	r7, [pc, #100]	; (100047fc <stdio_put_string+0x88>)
10004796:	4b1a      	ldr	r3, [pc, #104]	; (10004800 <stdio_put_string+0x8c>)
10004798:	681c      	ldr	r4, [r3, #0]
1000479a:	e007      	b.n	100047ac <stdio_put_string+0x38>
1000479c:	0030      	movs	r0, r6
1000479e:	f000 fde5 	bl	1000536c <strlen>
100047a2:	0005      	movs	r5, r0
100047a4:	e7f4      	b.n	10004790 <stdio_put_string+0x1c>
100047a6:	4f17      	ldr	r7, [pc, #92]	; (10004804 <stdio_put_string+0x90>)
100047a8:	e7f5      	b.n	10004796 <stdio_put_string+0x22>
100047aa:	6924      	ldr	r4, [r4, #16]
100047ac:	2c00      	cmp	r4, #0
100047ae:	d017      	beq.n	100047e0 <stdio_put_string+0x6c>
100047b0:	6823      	ldr	r3, [r4, #0]
100047b2:	2b00      	cmp	r3, #0
100047b4:	d0f9      	beq.n	100047aa <stdio_put_string+0x36>
100047b6:	4b14      	ldr	r3, [pc, #80]	; (10004808 <stdio_put_string+0x94>)
100047b8:	681b      	ldr	r3, [r3, #0]
100047ba:	2b00      	cmp	r3, #0
100047bc:	d001      	beq.n	100047c2 <stdio_put_string+0x4e>
100047be:	42a3      	cmp	r3, r4
100047c0:	d1f3      	bne.n	100047aa <stdio_put_string+0x36>
100047c2:	002a      	movs	r2, r5
100047c4:	0031      	movs	r1, r6
100047c6:	0020      	movs	r0, r4
100047c8:	47b8      	blx	r7
100047ca:	4643      	mov	r3, r8
100047cc:	2b00      	cmp	r3, #0
100047ce:	d0ec      	beq.n	100047aa <stdio_put_string+0x36>
100047d0:	466b      	mov	r3, sp
100047d2:	1dd9      	adds	r1, r3, #7
100047d4:	230a      	movs	r3, #10
100047d6:	700b      	strb	r3, [r1, #0]
100047d8:	2201      	movs	r2, #1
100047da:	0020      	movs	r0, r4
100047dc:	47b8      	blx	r7
100047de:	e7e4      	b.n	100047aa <stdio_put_string+0x36>
100047e0:	464b      	mov	r3, r9
100047e2:	2b00      	cmp	r3, #0
100047e4:	d107      	bne.n	100047f6 <stdio_put_string+0x82>
100047e6:	1e6b      	subs	r3, r5, #1
100047e8:	419d      	sbcs	r5, r3
100047ea:	b2e8      	uxtb	r0, r5
100047ec:	b003      	add	sp, #12
100047ee:	bcc0      	pop	{r6, r7}
100047f0:	46b9      	mov	r9, r7
100047f2:	46b0      	mov	r8, r6
100047f4:	bdf0      	pop	{r4, r5, r6, r7, pc}
100047f6:	f7ff ffb5 	bl	10004764 <stdout_serialize_end>
100047fa:	e7f4      	b.n	100047e6 <stdio_put_string+0x72>
100047fc:	10004615 	.word	0x10004615
10004800:	20000d24 	.word	0x20000d24
10004804:	10004625 	.word	0x10004625
10004808:	20000d2c 	.word	0x20000d2c

1000480c <stdio_set_driver_enabled>:
1000480c:	4a09      	ldr	r2, [pc, #36]	; (10004834 <stdio_set_driver_enabled+0x28>)
1000480e:	e001      	b.n	10004814 <stdio_set_driver_enabled+0x8>
10004810:	3310      	adds	r3, #16
10004812:	001a      	movs	r2, r3
10004814:	6813      	ldr	r3, [r2, #0]
10004816:	2b00      	cmp	r3, #0
10004818:	d008      	beq.n	1000482c <stdio_set_driver_enabled+0x20>
1000481a:	4283      	cmp	r3, r0
1000481c:	d1f8      	bne.n	10004810 <stdio_set_driver_enabled+0x4>
1000481e:	2900      	cmp	r1, #0
10004820:	d107      	bne.n	10004832 <stdio_set_driver_enabled+0x26>
10004822:	6903      	ldr	r3, [r0, #16]
10004824:	6013      	str	r3, [r2, #0]
10004826:	2300      	movs	r3, #0
10004828:	6103      	str	r3, [r0, #16]
1000482a:	e002      	b.n	10004832 <stdio_set_driver_enabled+0x26>
1000482c:	2900      	cmp	r1, #0
1000482e:	d000      	beq.n	10004832 <stdio_set_driver_enabled+0x26>
10004830:	6010      	str	r0, [r2, #0]
10004832:	4770      	bx	lr
10004834:	20000d24 	.word	0x20000d24

10004838 <stdio_flush>:
10004838:	b510      	push	{r4, lr}
1000483a:	4b06      	ldr	r3, [pc, #24]	; (10004854 <stdio_flush+0x1c>)
1000483c:	681c      	ldr	r4, [r3, #0]
1000483e:	e001      	b.n	10004844 <stdio_flush+0xc>
10004840:	4798      	blx	r3
10004842:	6924      	ldr	r4, [r4, #16]
10004844:	2c00      	cmp	r4, #0
10004846:	d003      	beq.n	10004850 <stdio_flush+0x18>
10004848:	6863      	ldr	r3, [r4, #4]
1000484a:	2b00      	cmp	r3, #0
1000484c:	d1f8      	bne.n	10004840 <stdio_flush+0x8>
1000484e:	e7f8      	b.n	10004842 <stdio_flush+0xa>
10004850:	bd10      	pop	{r4, pc}
10004852:	46c0      	nop			; (mov r8, r8)
10004854:	20000d24 	.word	0x20000d24

10004858 <__wrap_puts>:
10004858:	b570      	push	{r4, r5, r6, lr}
1000485a:	0005      	movs	r5, r0
1000485c:	f000 fd86 	bl	1000536c <strlen>
10004860:	0004      	movs	r4, r0
10004862:	2300      	movs	r3, #0
10004864:	2201      	movs	r2, #1
10004866:	0001      	movs	r1, r0
10004868:	0028      	movs	r0, r5
1000486a:	f7ff ff83 	bl	10004774 <stdio_put_string>
1000486e:	f7ff ffe3 	bl	10004838 <stdio_flush>
10004872:	0020      	movs	r0, r4
10004874:	bd70      	pop	{r4, r5, r6, pc}
	...

10004878 <__wrap_vprintf>:
10004878:	b570      	push	{r4, r5, r6, lr}
1000487a:	b0a2      	sub	sp, #136	; 0x88
1000487c:	0004      	movs	r4, r0
1000487e:	000e      	movs	r6, r1
10004880:	f7ff ff42 	bl	10004708 <stdout_serialize_begin>
10004884:	0005      	movs	r5, r0
10004886:	2300      	movs	r3, #0
10004888:	9301      	str	r3, [sp, #4]
1000488a:	0033      	movs	r3, r6
1000488c:	0022      	movs	r2, r4
1000488e:	a901      	add	r1, sp, #4
10004890:	4808      	ldr	r0, [pc, #32]	; (100048b4 <__wrap_vprintf+0x3c>)
10004892:	f7fe ff3f 	bl	10003714 <vfctprintf>
10004896:	0004      	movs	r4, r0
10004898:	a801      	add	r0, sp, #4
1000489a:	f7ff ff03 	bl	100046a4 <stdio_stack_buffer_flush>
1000489e:	f7ff ffcb 	bl	10004838 <stdio_flush>
100048a2:	2d00      	cmp	r5, #0
100048a4:	d102      	bne.n	100048ac <__wrap_vprintf+0x34>
100048a6:	0020      	movs	r0, r4
100048a8:	b022      	add	sp, #136	; 0x88
100048aa:	bd70      	pop	{r4, r5, r6, pc}
100048ac:	f7ff ff5a 	bl	10004764 <stdout_serialize_end>
100048b0:	e7f9      	b.n	100048a6 <__wrap_vprintf+0x2e>
100048b2:	46c0      	nop			; (mov r8, r8)
100048b4:	100046e9 	.word	0x100046e9

100048b8 <__wrap_printf>:
100048b8:	b40f      	push	{r0, r1, r2, r3}
100048ba:	b500      	push	{lr}
100048bc:	b083      	sub	sp, #12
100048be:	a904      	add	r1, sp, #16
100048c0:	c901      	ldmia	r1!, {r0}
100048c2:	9101      	str	r1, [sp, #4]
100048c4:	f7ff ffd8 	bl	10004878 <__wrap_vprintf>
100048c8:	b003      	add	sp, #12
100048ca:	bc08      	pop	{r3}
100048cc:	b004      	add	sp, #16
100048ce:	4718      	bx	r3

100048d0 <stdio_init_all>:
100048d0:	b510      	push	{r4, lr}
100048d2:	f000 f8f9 	bl	10004ac8 <stdio_uart_init>
100048d6:	2001      	movs	r0, #1
100048d8:	bd10      	pop	{r4, pc}
	...

100048dc <stdio_uart_out_chars>:
100048dc:	b5f0      	push	{r4, r5, r6, r7, lr}
100048de:	b083      	sub	sp, #12
100048e0:	0005      	movs	r5, r0
100048e2:	000e      	movs	r6, r1
100048e4:	2400      	movs	r4, #0
100048e6:	e00f      	b.n	10004908 <stdio_uart_out_chars+0x2c>
100048e8:	466b      	mov	r3, sp
100048ea:	1dd9      	adds	r1, r3, #7
100048ec:	230d      	movs	r3, #13
100048ee:	700b      	strb	r3, [r1, #0]
100048f0:	2000      	movs	r0, #0
100048f2:	2800      	cmp	r0, #0
100048f4:	d116      	bne.n	10004924 <stdio_uart_out_chars+0x48>
100048f6:	6993      	ldr	r3, [r2, #24]
100048f8:	069b      	lsls	r3, r3, #26
100048fa:	d4fc      	bmi.n	100048f6 <stdio_uart_out_chars+0x1a>
100048fc:	780b      	ldrb	r3, [r1, #0]
100048fe:	6013      	str	r3, [r2, #0]
10004900:	3001      	adds	r0, #1
10004902:	3101      	adds	r1, #1
10004904:	e7f5      	b.n	100048f2 <stdio_uart_out_chars+0x16>
10004906:	3401      	adds	r4, #1
10004908:	42b4      	cmp	r4, r6
1000490a:	da19      	bge.n	10004940 <stdio_uart_out_chars+0x64>
1000490c:	4b0d      	ldr	r3, [pc, #52]	; (10004944 <stdio_uart_out_chars+0x68>)
1000490e:	681a      	ldr	r2, [r3, #0]
10004910:	5d2f      	ldrb	r7, [r5, r4]
10004912:	4b0d      	ldr	r3, [pc, #52]	; (10004948 <stdio_uart_out_chars+0x6c>)
10004914:	18d3      	adds	r3, r2, r3
10004916:	4259      	negs	r1, r3
10004918:	414b      	adcs	r3, r1
1000491a:	005b      	lsls	r3, r3, #1
1000491c:	490b      	ldr	r1, [pc, #44]	; (1000494c <stdio_uart_out_chars+0x70>)
1000491e:	5e5b      	ldrsh	r3, [r3, r1]
10004920:	42bb      	cmp	r3, r7
10004922:	d0e1      	beq.n	100048e8 <stdio_uart_out_chars+0xc>
10004924:	466b      	mov	r3, sp
10004926:	1dd9      	adds	r1, r3, #7
10004928:	700f      	strb	r7, [r1, #0]
1000492a:	2000      	movs	r0, #0
1000492c:	2800      	cmp	r0, #0
1000492e:	d1ea      	bne.n	10004906 <stdio_uart_out_chars+0x2a>
10004930:	6993      	ldr	r3, [r2, #24]
10004932:	069b      	lsls	r3, r3, #26
10004934:	d4fc      	bmi.n	10004930 <stdio_uart_out_chars+0x54>
10004936:	780b      	ldrb	r3, [r1, #0]
10004938:	6013      	str	r3, [r2, #0]
1000493a:	3001      	adds	r0, #1
1000493c:	3101      	adds	r1, #1
1000493e:	e7f5      	b.n	1000492c <stdio_uart_out_chars+0x50>
10004940:	b003      	add	sp, #12
10004942:	bdf0      	pop	{r4, r5, r6, r7, pc}
10004944:	20000f60 	.word	0x20000f60
10004948:	bffc8000 	.word	0xbffc8000
1000494c:	20000f5c 	.word	0x20000f5c

10004950 <stdio_uart_in_chars>:
10004950:	b5f0      	push	{r4, r5, r6, r7, lr}
10004952:	b083      	sub	sp, #12
10004954:	0006      	movs	r6, r0
10004956:	000f      	movs	r7, r1
10004958:	2500      	movs	r5, #0
1000495a:	e004      	b.n	10004966 <stdio_uart_in_chars+0x16>
1000495c:	466b      	mov	r3, sp
1000495e:	3307      	adds	r3, #7
10004960:	781b      	ldrb	r3, [r3, #0]
10004962:	702b      	strb	r3, [r5, #0]
10004964:	0025      	movs	r5, r4
10004966:	42bd      	cmp	r5, r7
10004968:	da15      	bge.n	10004996 <stdio_uart_in_chars+0x46>
1000496a:	4b17      	ldr	r3, [pc, #92]	; (100049c8 <stdio_uart_in_chars+0x78>)
1000496c:	681a      	ldr	r2, [r3, #0]
1000496e:	6993      	ldr	r3, [r2, #24]
10004970:	2410      	movs	r4, #16
10004972:	0021      	movs	r1, r4
10004974:	4019      	ands	r1, r3
10004976:	421c      	tst	r4, r3
10004978:	d10d      	bne.n	10004996 <stdio_uart_in_chars+0x46>
1000497a:	1c6c      	adds	r4, r5, #1
1000497c:	1975      	adds	r5, r6, r5
1000497e:	466b      	mov	r3, sp
10004980:	1dd8      	adds	r0, r3, #7
10004982:	2900      	cmp	r1, #0
10004984:	d1ea      	bne.n	1000495c <stdio_uart_in_chars+0xc>
10004986:	6993      	ldr	r3, [r2, #24]
10004988:	06db      	lsls	r3, r3, #27
1000498a:	d4fc      	bmi.n	10004986 <stdio_uart_in_chars+0x36>
1000498c:	6813      	ldr	r3, [r2, #0]
1000498e:	7003      	strb	r3, [r0, #0]
10004990:	3101      	adds	r1, #1
10004992:	3001      	adds	r0, #1
10004994:	e7f5      	b.n	10004982 <stdio_uart_in_chars+0x32>
10004996:	4b0d      	ldr	r3, [pc, #52]	; (100049cc <stdio_uart_in_chars+0x7c>)
10004998:	681b      	ldr	r3, [r3, #0]
1000499a:	2b00      	cmp	r3, #0
1000499c:	d00c      	beq.n	100049b8 <stdio_uart_in_chars+0x68>
1000499e:	4b0a      	ldr	r3, [pc, #40]	; (100049c8 <stdio_uart_in_chars+0x78>)
100049a0:	681a      	ldr	r2, [r3, #0]
100049a2:	2350      	movs	r3, #80	; 0x50
100049a4:	6393      	str	r3, [r2, #56]	; 0x38
100049a6:	0011      	movs	r1, r2
100049a8:	3134      	adds	r1, #52	; 0x34
100049aa:	6b53      	ldr	r3, [r2, #52]	; 0x34
100049ac:	2238      	movs	r2, #56	; 0x38
100049ae:	401a      	ands	r2, r3
100049b0:	2380      	movs	r3, #128	; 0x80
100049b2:	015b      	lsls	r3, r3, #5
100049b4:	430b      	orrs	r3, r1
100049b6:	601a      	str	r2, [r3, #0]
100049b8:	2d00      	cmp	r5, #0
100049ba:	d002      	beq.n	100049c2 <stdio_uart_in_chars+0x72>
100049bc:	0028      	movs	r0, r5
100049be:	b003      	add	sp, #12
100049c0:	bdf0      	pop	{r4, r5, r6, r7, pc}
100049c2:	3d03      	subs	r5, #3
100049c4:	e7fa      	b.n	100049bc <stdio_uart_in_chars+0x6c>
100049c6:	46c0      	nop			; (mov r8, r8)
100049c8:	20000f60 	.word	0x20000f60
100049cc:	20000cb4 	.word	0x20000cb4

100049d0 <on_uart_rx>:
100049d0:	b510      	push	{r4, lr}
100049d2:	4b06      	ldr	r3, [pc, #24]	; (100049ec <on_uart_rx+0x1c>)
100049d4:	681b      	ldr	r3, [r3, #0]
100049d6:	2b00      	cmp	r3, #0
100049d8:	d006      	beq.n	100049e8 <on_uart_rx+0x18>
100049da:	4a05      	ldr	r2, [pc, #20]	; (100049f0 <on_uart_rx+0x20>)
100049dc:	6812      	ldr	r2, [r2, #0]
100049de:	2100      	movs	r1, #0
100049e0:	6391      	str	r1, [r2, #56]	; 0x38
100049e2:	4a04      	ldr	r2, [pc, #16]	; (100049f4 <on_uart_rx+0x24>)
100049e4:	6810      	ldr	r0, [r2, #0]
100049e6:	4798      	blx	r3
100049e8:	bd10      	pop	{r4, pc}
100049ea:	46c0      	nop			; (mov r8, r8)
100049ec:	20000cb4 	.word	0x20000cb4
100049f0:	20000f60 	.word	0x20000f60
100049f4:	20000cb8 	.word	0x20000cb8

100049f8 <stdio_uart_set_chars_available_callback>:
100049f8:	b570      	push	{r4, r5, r6, lr}
100049fa:	0004      	movs	r4, r0
100049fc:	000e      	movs	r6, r1
100049fe:	4b1c      	ldr	r3, [pc, #112]	; (10004a70 <stdio_uart_set_chars_available_callback+0x78>)
10004a00:	681b      	ldr	r3, [r3, #0]
10004a02:	4a1c      	ldr	r2, [pc, #112]	; (10004a74 <stdio_uart_set_chars_available_callback+0x7c>)
10004a04:	1898      	adds	r0, r3, r2
10004a06:	4242      	negs	r2, r0
10004a08:	4150      	adcs	r0, r2
10004a0a:	3014      	adds	r0, #20
10004a0c:	0005      	movs	r5, r0
10004a0e:	2c00      	cmp	r4, #0
10004a10:	d003      	beq.n	10004a1a <stdio_uart_set_chars_available_callback+0x22>
10004a12:	4a19      	ldr	r2, [pc, #100]	; (10004a78 <stdio_uart_set_chars_available_callback+0x80>)
10004a14:	6812      	ldr	r2, [r2, #0]
10004a16:	2a00      	cmp	r2, #0
10004a18:	d006      	beq.n	10004a28 <stdio_uart_set_chars_available_callback+0x30>
10004a1a:	2c00      	cmp	r4, #0
10004a1c:	d019      	beq.n	10004a52 <stdio_uart_set_chars_available_callback+0x5a>
10004a1e:	4b16      	ldr	r3, [pc, #88]	; (10004a78 <stdio_uart_set_chars_available_callback+0x80>)
10004a20:	601c      	str	r4, [r3, #0]
10004a22:	4b16      	ldr	r3, [pc, #88]	; (10004a7c <stdio_uart_set_chars_available_callback+0x84>)
10004a24:	601e      	str	r6, [r3, #0]
10004a26:	bd70      	pop	{r4, r5, r6, pc}
10004a28:	4915      	ldr	r1, [pc, #84]	; (10004a80 <stdio_uart_set_chars_available_callback+0x88>)
10004a2a:	f7fb ff9d 	bl	10000968 <irq_set_exclusive_handler>
10004a2e:	2101      	movs	r1, #1
10004a30:	0028      	movs	r0, r5
10004a32:	f7fb ff89 	bl	10000948 <irq_set_enabled>
10004a36:	4b0e      	ldr	r3, [pc, #56]	; (10004a70 <stdio_uart_set_chars_available_callback+0x78>)
10004a38:	681a      	ldr	r2, [r3, #0]
10004a3a:	2350      	movs	r3, #80	; 0x50
10004a3c:	6393      	str	r3, [r2, #56]	; 0x38
10004a3e:	0011      	movs	r1, r2
10004a40:	3134      	adds	r1, #52	; 0x34
10004a42:	6b53      	ldr	r3, [r2, #52]	; 0x34
10004a44:	2238      	movs	r2, #56	; 0x38
10004a46:	401a      	ands	r2, r3
10004a48:	2380      	movs	r3, #128	; 0x80
10004a4a:	015b      	lsls	r3, r3, #5
10004a4c:	430b      	orrs	r3, r1
10004a4e:	601a      	str	r2, [r3, #0]
10004a50:	e7e5      	b.n	10004a1e <stdio_uart_set_chars_available_callback+0x26>
10004a52:	4a09      	ldr	r2, [pc, #36]	; (10004a78 <stdio_uart_set_chars_available_callback+0x80>)
10004a54:	6812      	ldr	r2, [r2, #0]
10004a56:	2a00      	cmp	r2, #0
10004a58:	d0e1      	beq.n	10004a1e <stdio_uart_set_chars_available_callback+0x26>
10004a5a:	2200      	movs	r2, #0
10004a5c:	639a      	str	r2, [r3, #56]	; 0x38
10004a5e:	2100      	movs	r1, #0
10004a60:	0028      	movs	r0, r5
10004a62:	f7fb ff71 	bl	10000948 <irq_set_enabled>
10004a66:	4906      	ldr	r1, [pc, #24]	; (10004a80 <stdio_uart_set_chars_available_callback+0x88>)
10004a68:	0028      	movs	r0, r5
10004a6a:	f7fb ffa7 	bl	100009bc <irq_remove_handler>
10004a6e:	e7d6      	b.n	10004a1e <stdio_uart_set_chars_available_callback+0x26>
10004a70:	20000f60 	.word	0x20000f60
10004a74:	bffc8000 	.word	0xbffc8000
10004a78:	20000cb4 	.word	0x20000cb4
10004a7c:	20000cb8 	.word	0x20000cb8
10004a80:	100049d1 	.word	0x100049d1

10004a84 <stdio_uart_init_full>:
10004a84:	b570      	push	{r4, r5, r6, lr}
10004a86:	000d      	movs	r5, r1
10004a88:	001c      	movs	r4, r3
10004a8a:	4b0d      	ldr	r3, [pc, #52]	; (10004ac0 <stdio_uart_init_full+0x3c>)
10004a8c:	6018      	str	r0, [r3, #0]
10004a8e:	2a00      	cmp	r2, #0
10004a90:	da0b      	bge.n	10004aaa <stdio_uart_init_full+0x26>
10004a92:	2c00      	cmp	r4, #0
10004a94:	da0e      	bge.n	10004ab4 <stdio_uart_init_full+0x30>
10004a96:	4b0a      	ldr	r3, [pc, #40]	; (10004ac0 <stdio_uart_init_full+0x3c>)
10004a98:	6818      	ldr	r0, [r3, #0]
10004a9a:	0029      	movs	r1, r5
10004a9c:	f7fd fae0 	bl	10002060 <uart_init>
10004aa0:	2101      	movs	r1, #1
10004aa2:	4808      	ldr	r0, [pc, #32]	; (10004ac4 <stdio_uart_init_full+0x40>)
10004aa4:	f7ff feb2 	bl	1000480c <stdio_set_driver_enabled>
10004aa8:	bd70      	pop	{r4, r5, r6, pc}
10004aaa:	2102      	movs	r1, #2
10004aac:	0010      	movs	r0, r2
10004aae:	f7fb fe41 	bl	10000734 <gpio_set_function>
10004ab2:	e7ee      	b.n	10004a92 <stdio_uart_init_full+0xe>
10004ab4:	2102      	movs	r1, #2
10004ab6:	0020      	movs	r0, r4
10004ab8:	f7fb fe3c 	bl	10000734 <gpio_set_function>
10004abc:	e7eb      	b.n	10004a96 <stdio_uart_init_full+0x12>
10004abe:	46c0      	nop			; (mov r8, r8)
10004ac0:	20000f60 	.word	0x20000f60
10004ac4:	200002d0 	.word	0x200002d0

10004ac8 <stdio_uart_init>:
10004ac8:	b510      	push	{r4, lr}
10004aca:	4b06      	ldr	r3, [pc, #24]	; (10004ae4 <stdio_uart_init+0x1c>)
10004acc:	781b      	ldrb	r3, [r3, #0]
10004ace:	4b06      	ldr	r3, [pc, #24]	; (10004ae8 <stdio_uart_init+0x20>)
10004ad0:	781b      	ldrb	r3, [r3, #0]
10004ad2:	21e1      	movs	r1, #225	; 0xe1
10004ad4:	2301      	movs	r3, #1
10004ad6:	2200      	movs	r2, #0
10004ad8:	0249      	lsls	r1, r1, #9
10004ada:	4804      	ldr	r0, [pc, #16]	; (10004aec <stdio_uart_init+0x24>)
10004adc:	f7ff ffd2 	bl	10004a84 <stdio_uart_init_full>
10004ae0:	bd10      	pop	{r4, pc}
10004ae2:	46c0      	nop			; (mov r8, r8)
10004ae4:	10006c00 	.word	0x10006c00
10004ae8:	10006c04 	.word	0x10006c04
10004aec:	40034000 	.word	0x40034000

10004af0 <i2c_write_blocking_internal>:
10004af0:	b5f0      	push	{r4, r5, r6, r7, lr}
10004af2:	46de      	mov	lr, fp
10004af4:	4657      	mov	r7, sl
10004af6:	464e      	mov	r6, r9
10004af8:	4645      	mov	r5, r8
10004afa:	b5e0      	push	{r5, r6, r7, lr}
10004afc:	b085      	sub	sp, #20
10004afe:	0006      	movs	r6, r0
10004b00:	0010      	movs	r0, r2
10004b02:	001c      	movs	r4, r3
10004b04:	9302      	str	r3, [sp, #8]
10004b06:	ab0e      	add	r3, sp, #56	; 0x38
10004b08:	781a      	ldrb	r2, [r3, #0]
10004b0a:	9203      	str	r2, [sp, #12]
10004b0c:	9d0f      	ldr	r5, [sp, #60]	; 0x3c
10004b0e:	9f10      	ldr	r7, [sp, #64]	; 0x40
10004b10:	6833      	ldr	r3, [r6, #0]
10004b12:	2200      	movs	r2, #0
10004b14:	66da      	str	r2, [r3, #108]	; 0x6c
10004b16:	6833      	ldr	r3, [r6, #0]
10004b18:	6059      	str	r1, [r3, #4]
10004b1a:	6833      	ldr	r3, [r6, #0]
10004b1c:	3201      	adds	r2, #1
10004b1e:	66da      	str	r2, [r3, #108]	; 0x6c
10004b20:	46a2      	mov	sl, r4
10004b22:	2300      	movs	r3, #0
10004b24:	4698      	mov	r8, r3
10004b26:	469b      	mov	fp, r3
10004b28:	2400      	movs	r4, #0
10004b2a:	e02b      	b.n	10004b84 <i2c_write_blocking_internal+0x94>
10004b2c:	7932      	ldrb	r2, [r6, #4]
10004b2e:	2a00      	cmp	r2, #0
10004b30:	d031      	beq.n	10004b96 <i2c_write_blocking_internal+0xa6>
10004b32:	2201      	movs	r2, #1
10004b34:	e02f      	b.n	10004b96 <i2c_write_blocking_internal+0xa6>
10004b36:	9903      	ldr	r1, [sp, #12]
10004b38:	2900      	cmp	r1, #0
10004b3a:	d001      	beq.n	10004b40 <i2c_write_blocking_internal+0x50>
10004b3c:	2100      	movs	r1, #0
10004b3e:	e02e      	b.n	10004b9e <i2c_write_blocking_internal+0xae>
10004b40:	2101      	movs	r1, #1
10004b42:	e02c      	b.n	10004b9e <i2c_write_blocking_internal+0xae>
10004b44:	0038      	movs	r0, r7
10004b46:	47a8      	blx	r5
10004b48:	0003      	movs	r3, r0
10004b4a:	4304      	orrs	r4, r0
10004b4c:	b2e4      	uxtb	r4, r4
10004b4e:	2b00      	cmp	r3, #0
10004b50:	d106      	bne.n	10004b60 <i2c_write_blocking_internal+0x70>
10004b52:	6832      	ldr	r2, [r6, #0]
10004b54:	6b52      	ldr	r2, [r2, #52]	; 0x34
10004b56:	06d2      	lsls	r2, r2, #27
10004b58:	d402      	bmi.n	10004b60 <i2c_write_blocking_internal+0x70>
10004b5a:	2d00      	cmp	r5, #0
10004b5c:	d1f2      	bne.n	10004b44 <i2c_write_blocking_internal+0x54>
10004b5e:	e7f6      	b.n	10004b4e <i2c_write_blocking_internal+0x5e>
10004b60:	2b00      	cmp	r3, #0
10004b62:	d109      	bne.n	10004b78 <i2c_write_blocking_internal+0x88>
10004b64:	6832      	ldr	r2, [r6, #0]
10004b66:	2180      	movs	r1, #128	; 0x80
10004b68:	5851      	ldr	r1, [r2, r1]
10004b6a:	468b      	mov	fp, r1
10004b6c:	2900      	cmp	r1, #0
10004b6e:	d11f      	bne.n	10004bb0 <i2c_write_blocking_internal+0xc0>
10004b70:	2c00      	cmp	r4, #0
10004b72:	d12f      	bne.n	10004bd4 <i2c_write_blocking_internal+0xe4>
10004b74:	45c1      	cmp	r9, r8
10004b76:	d01e      	beq.n	10004bb6 <i2c_write_blocking_internal+0xc6>
10004b78:	2c00      	cmp	r4, #0
10004b7a:	d133      	bne.n	10004be4 <i2c_write_blocking_internal+0xf4>
10004b7c:	2201      	movs	r2, #1
10004b7e:	4694      	mov	ip, r2
10004b80:	44e0      	add	r8, ip
10004b82:	9801      	ldr	r0, [sp, #4]
10004b84:	45d0      	cmp	r8, sl
10004b86:	da2d      	bge.n	10004be4 <i2c_write_blocking_internal+0xf4>
10004b88:	9a02      	ldr	r2, [sp, #8]
10004b8a:	3a01      	subs	r2, #1
10004b8c:	4691      	mov	r9, r2
10004b8e:	4642      	mov	r2, r8
10004b90:	2a00      	cmp	r2, #0
10004b92:	d0cb      	beq.n	10004b2c <i2c_write_blocking_internal+0x3c>
10004b94:	2200      	movs	r2, #0
10004b96:	0292      	lsls	r2, r2, #10
10004b98:	45c1      	cmp	r9, r8
10004b9a:	d0cc      	beq.n	10004b36 <i2c_write_blocking_internal+0x46>
10004b9c:	2100      	movs	r1, #0
10004b9e:	0249      	lsls	r1, r1, #9
10004ba0:	430a      	orrs	r2, r1
10004ba2:	1c41      	adds	r1, r0, #1
10004ba4:	9101      	str	r1, [sp, #4]
10004ba6:	7800      	ldrb	r0, [r0, #0]
10004ba8:	6831      	ldr	r1, [r6, #0]
10004baa:	4302      	orrs	r2, r0
10004bac:	610a      	str	r2, [r1, #16]
10004bae:	e7d4      	b.n	10004b5a <i2c_write_blocking_internal+0x6a>
10004bb0:	6d52      	ldr	r2, [r2, #84]	; 0x54
10004bb2:	2401      	movs	r4, #1
10004bb4:	e00e      	b.n	10004bd4 <i2c_write_blocking_internal+0xe4>
10004bb6:	9a03      	ldr	r2, [sp, #12]
10004bb8:	2a00      	cmp	r2, #0
10004bba:	d1dd      	bne.n	10004b78 <i2c_write_blocking_internal+0x88>
10004bbc:	e00a      	b.n	10004bd4 <i2c_write_blocking_internal+0xe4>
10004bbe:	0038      	movs	r0, r7
10004bc0:	47a8      	blx	r5
10004bc2:	0003      	movs	r3, r0
10004bc4:	4304      	orrs	r4, r0
10004bc6:	b2e4      	uxtb	r4, r4
10004bc8:	2b00      	cmp	r3, #0
10004bca:	d106      	bne.n	10004bda <i2c_write_blocking_internal+0xea>
10004bcc:	6832      	ldr	r2, [r6, #0]
10004bce:	6b52      	ldr	r2, [r2, #52]	; 0x34
10004bd0:	0592      	lsls	r2, r2, #22
10004bd2:	d402      	bmi.n	10004bda <i2c_write_blocking_internal+0xea>
10004bd4:	2d00      	cmp	r5, #0
10004bd6:	d1f2      	bne.n	10004bbe <i2c_write_blocking_internal+0xce>
10004bd8:	e7f6      	b.n	10004bc8 <i2c_write_blocking_internal+0xd8>
10004bda:	2b00      	cmp	r3, #0
10004bdc:	d1cc      	bne.n	10004b78 <i2c_write_blocking_internal+0x88>
10004bde:	6832      	ldr	r2, [r6, #0]
10004be0:	6e12      	ldr	r2, [r2, #96]	; 0x60
10004be2:	e7c9      	b.n	10004b78 <i2c_write_blocking_internal+0x88>
10004be4:	2c00      	cmp	r4, #0
10004be6:	d009      	beq.n	10004bfc <i2c_write_blocking_internal+0x10c>
10004be8:	2b00      	cmp	r3, #0
10004bea:	d115      	bne.n	10004c18 <i2c_write_blocking_internal+0x128>
10004bec:	465b      	mov	r3, fp
10004bee:	2b00      	cmp	r3, #0
10004bf0:	d016      	beq.n	10004c20 <i2c_write_blocking_internal+0x130>
10004bf2:	07db      	lsls	r3, r3, #31
10004bf4:	d418      	bmi.n	10004c28 <i2c_write_blocking_internal+0x138>
10004bf6:	465b      	mov	r3, fp
10004bf8:	071b      	lsls	r3, r3, #28
10004bfa:	d509      	bpl.n	10004c10 <i2c_write_blocking_internal+0x120>
10004bfc:	9b03      	ldr	r3, [sp, #12]
10004bfe:	7133      	strb	r3, [r6, #4]
10004c00:	4640      	mov	r0, r8
10004c02:	b005      	add	sp, #20
10004c04:	bcf0      	pop	{r4, r5, r6, r7}
10004c06:	46bb      	mov	fp, r7
10004c08:	46b2      	mov	sl, r6
10004c0a:	46a9      	mov	r9, r5
10004c0c:	46a0      	mov	r8, r4
10004c0e:	bdf0      	pop	{r4, r5, r6, r7, pc}
10004c10:	2302      	movs	r3, #2
10004c12:	425b      	negs	r3, r3
10004c14:	4698      	mov	r8, r3
10004c16:	e7f1      	b.n	10004bfc <i2c_write_blocking_internal+0x10c>
10004c18:	2301      	movs	r3, #1
10004c1a:	425b      	negs	r3, r3
10004c1c:	4698      	mov	r8, r3
10004c1e:	e7ed      	b.n	10004bfc <i2c_write_blocking_internal+0x10c>
10004c20:	2302      	movs	r3, #2
10004c22:	425b      	negs	r3, r3
10004c24:	4698      	mov	r8, r3
10004c26:	e7e9      	b.n	10004bfc <i2c_write_blocking_internal+0x10c>
10004c28:	2302      	movs	r3, #2
10004c2a:	425b      	negs	r3, r3
10004c2c:	4698      	mov	r8, r3
10004c2e:	e7e5      	b.n	10004bfc <i2c_write_blocking_internal+0x10c>

10004c30 <i2c_set_baudrate>:
10004c30:	b5f0      	push	{r4, r5, r6, r7, lr}
10004c32:	46d6      	mov	lr, sl
10004c34:	464f      	mov	r7, r9
10004c36:	4646      	mov	r6, r8
10004c38:	b5c0      	push	{r6, r7, lr}
10004c3a:	0005      	movs	r5, r0
10004c3c:	000c      	movs	r4, r1
10004c3e:	2005      	movs	r0, #5
10004c40:	f7fd fb52 	bl	100022e8 <clock_get_hz>
10004c44:	0006      	movs	r6, r0
10004c46:	0860      	lsrs	r0, r4, #1
10004c48:	1980      	adds	r0, r0, r6
10004c4a:	0021      	movs	r1, r4
10004c4c:	f7fe fdce 	bl	100037ec <__wrap___aeabi_uidiv>
10004c50:	0007      	movs	r7, r0
10004c52:	0043      	lsls	r3, r0, #1
10004c54:	4699      	mov	r9, r3
10004c56:	4481      	add	r9, r0
10004c58:	2105      	movs	r1, #5
10004c5a:	4648      	mov	r0, r9
10004c5c:	f7fe fdc6 	bl	100037ec <__wrap___aeabi_uidiv>
10004c60:	4680      	mov	r8, r0
10004c62:	1a3b      	subs	r3, r7, r0
10004c64:	469a      	mov	sl, r3
10004c66:	4b28      	ldr	r3, [pc, #160]	; (10004d08 <i2c_set_baudrate+0xd8>)
10004c68:	429c      	cmp	r4, r3
10004c6a:	d824      	bhi.n	10004cb6 <i2c_set_baudrate+0x86>
10004c6c:	0070      	lsls	r0, r6, #1
10004c6e:	1980      	adds	r0, r0, r6
10004c70:	4926      	ldr	r1, [pc, #152]	; (10004d0c <i2c_set_baudrate+0xdc>)
10004c72:	f7fe fdbb 	bl	100037ec <__wrap___aeabi_uidiv>
10004c76:	1c44      	adds	r4, r0, #1
10004c78:	4643      	mov	r3, r8
10004c7a:	3b02      	subs	r3, #2
10004c7c:	42a3      	cmp	r3, r4
10004c7e:	d321      	bcc.n	10004cc4 <i2c_set_baudrate+0x94>
10004c80:	682b      	ldr	r3, [r5, #0]
10004c82:	2200      	movs	r2, #0
10004c84:	66da      	str	r2, [r3, #108]	; 0x6c
10004c86:	6829      	ldr	r1, [r5, #0]
10004c88:	680a      	ldr	r2, [r1, #0]
10004c8a:	2304      	movs	r3, #4
10004c8c:	4053      	eors	r3, r2
10004c8e:	2206      	movs	r2, #6
10004c90:	401a      	ands	r2, r3
10004c92:	2380      	movs	r3, #128	; 0x80
10004c94:	015b      	lsls	r3, r3, #5
10004c96:	430b      	orrs	r3, r1
10004c98:	601a      	str	r2, [r3, #0]
10004c9a:	682b      	ldr	r3, [r5, #0]
10004c9c:	4652      	mov	r2, sl
10004c9e:	61da      	str	r2, [r3, #28]
10004ca0:	682b      	ldr	r3, [r5, #0]
10004ca2:	4642      	mov	r2, r8
10004ca4:	621a      	str	r2, [r3, #32]
10004ca6:	464b      	mov	r3, r9
10004ca8:	2b4f      	cmp	r3, #79	; 0x4f
10004caa:	d911      	bls.n	10004cd0 <i2c_set_baudrate+0xa0>
10004cac:	2150      	movs	r1, #80	; 0x50
10004cae:	4648      	mov	r0, r9
10004cb0:	f7fe fd9c 	bl	100037ec <__wrap___aeabi_uidiv>
10004cb4:	e00d      	b.n	10004cd2 <i2c_set_baudrate+0xa2>
10004cb6:	0070      	lsls	r0, r6, #1
10004cb8:	1980      	adds	r0, r0, r6
10004cba:	4915      	ldr	r1, [pc, #84]	; (10004d10 <i2c_set_baudrate+0xe0>)
10004cbc:	f7fe fd96 	bl	100037ec <__wrap___aeabi_uidiv>
10004cc0:	1c44      	adds	r4, r0, #1
10004cc2:	e7d9      	b.n	10004c78 <i2c_set_baudrate+0x48>
10004cc4:	4b13      	ldr	r3, [pc, #76]	; (10004d14 <i2c_set_baudrate+0xe4>)
10004cc6:	4a14      	ldr	r2, [pc, #80]	; (10004d18 <i2c_set_baudrate+0xe8>)
10004cc8:	215d      	movs	r1, #93	; 0x5d
10004cca:	4814      	ldr	r0, [pc, #80]	; (10004d1c <i2c_set_baudrate+0xec>)
10004ccc:	f7fd fbe0 	bl	10002490 <__assert_func>
10004cd0:	2001      	movs	r0, #1
10004cd2:	23a0      	movs	r3, #160	; 0xa0
10004cd4:	682a      	ldr	r2, [r5, #0]
10004cd6:	50d0      	str	r0, [r2, r3]
10004cd8:	682a      	ldr	r2, [r5, #0]
10004cda:	0011      	movs	r1, r2
10004cdc:	317c      	adds	r1, #124	; 0x7c
10004cde:	6fd0      	ldr	r0, [r2, #124]	; 0x7c
10004ce0:	4044      	eors	r4, r0
10004ce2:	0424      	lsls	r4, r4, #16
10004ce4:	0c24      	lsrs	r4, r4, #16
10004ce6:	2380      	movs	r3, #128	; 0x80
10004ce8:	015b      	lsls	r3, r3, #5
10004cea:	430b      	orrs	r3, r1
10004cec:	601c      	str	r4, [r3, #0]
10004cee:	682b      	ldr	r3, [r5, #0]
10004cf0:	2201      	movs	r2, #1
10004cf2:	66da      	str	r2, [r3, #108]	; 0x6c
10004cf4:	0039      	movs	r1, r7
10004cf6:	0030      	movs	r0, r6
10004cf8:	f7fe fd78 	bl	100037ec <__wrap___aeabi_uidiv>
10004cfc:	bce0      	pop	{r5, r6, r7}
10004cfe:	46ba      	mov	sl, r7
10004d00:	46b1      	mov	r9, r6
10004d02:	46a8      	mov	r8, r5
10004d04:	bdf0      	pop	{r4, r5, r6, r7, pc}
10004d06:	46c0      	nop			; (mov r8, r8)
10004d08:	000f423f 	.word	0x000f423f
10004d0c:	00989680 	.word	0x00989680
10004d10:	017d7840 	.word	0x017d7840
10004d14:	10006b5c 	.word	0x10006b5c
10004d18:	10006bc8 	.word	0x10006bc8
10004d1c:	10006b7c 	.word	0x10006b7c

10004d20 <i2c_init>:
10004d20:	b510      	push	{r4, lr}
10004d22:	4b11      	ldr	r3, [pc, #68]	; (10004d68 <i2c_init+0x48>)
10004d24:	4298      	cmp	r0, r3
10004d26:	d01c      	beq.n	10004d62 <i2c_init+0x42>
10004d28:	2210      	movs	r2, #16
10004d2a:	4b10      	ldr	r3, [pc, #64]	; (10004d6c <i2c_init+0x4c>)
10004d2c:	601a      	str	r2, [r3, #0]
10004d2e:	4b10      	ldr	r3, [pc, #64]	; (10004d70 <i2c_init+0x50>)
10004d30:	601a      	str	r2, [r3, #0]
10004d32:	4b10      	ldr	r3, [pc, #64]	; (10004d74 <i2c_init+0x54>)
10004d34:	689b      	ldr	r3, [r3, #8]
10004d36:	0014      	movs	r4, r2
10004d38:	439c      	bics	r4, r3
10004d3a:	1e23      	subs	r3, r4, #0
10004d3c:	d1f9      	bne.n	10004d32 <i2c_init+0x12>
10004d3e:	7104      	strb	r4, [r0, #4]
10004d40:	6802      	ldr	r2, [r0, #0]
10004d42:	66d4      	str	r4, [r2, #108]	; 0x6c
10004d44:	6802      	ldr	r2, [r0, #0]
10004d46:	2466      	movs	r4, #102	; 0x66
10004d48:	34ff      	adds	r4, #255	; 0xff
10004d4a:	6014      	str	r4, [r2, #0]
10004d4c:	6802      	ldr	r2, [r0, #0]
10004d4e:	63d3      	str	r3, [r2, #60]	; 0x3c
10004d50:	6802      	ldr	r2, [r0, #0]
10004d52:	6393      	str	r3, [r2, #56]	; 0x38
10004d54:	3388      	adds	r3, #136	; 0x88
10004d56:	2203      	movs	r2, #3
10004d58:	6804      	ldr	r4, [r0, #0]
10004d5a:	50e2      	str	r2, [r4, r3]
10004d5c:	f7ff ff68 	bl	10004c30 <i2c_set_baudrate>
10004d60:	bd10      	pop	{r4, pc}
10004d62:	2208      	movs	r2, #8
10004d64:	e7e1      	b.n	10004d2a <i2c_init+0xa>
10004d66:	46c0      	nop			; (mov r8, r8)
10004d68:	200002e8 	.word	0x200002e8
10004d6c:	4000e000 	.word	0x4000e000
10004d70:	4000f000 	.word	0x4000f000
10004d74:	4000c000 	.word	0x4000c000

10004d78 <i2c_write_blocking>:
10004d78:	b530      	push	{r4, r5, lr}
10004d7a:	b085      	sub	sp, #20
10004d7c:	ac08      	add	r4, sp, #32
10004d7e:	7825      	ldrb	r5, [r4, #0]
10004d80:	2400      	movs	r4, #0
10004d82:	9402      	str	r4, [sp, #8]
10004d84:	9401      	str	r4, [sp, #4]
10004d86:	9500      	str	r5, [sp, #0]
10004d88:	f7ff feb2 	bl	10004af0 <i2c_write_blocking_internal>
10004d8c:	b005      	add	sp, #20
10004d8e:	bd30      	pop	{r4, r5, pc}

10004d90 <malloc>:
10004d90:	b510      	push	{r4, lr}
10004d92:	4b03      	ldr	r3, [pc, #12]	; (10004da0 <malloc+0x10>)
10004d94:	0001      	movs	r1, r0
10004d96:	6818      	ldr	r0, [r3, #0]
10004d98:	f000 f804 	bl	10004da4 <_malloc_r>
10004d9c:	bd10      	pop	{r4, pc}
10004d9e:	46c0      	nop			; (mov r8, r8)
10004da0:	200002f0 	.word	0x200002f0

10004da4 <_malloc_r>:
10004da4:	b5f0      	push	{r4, r5, r6, r7, lr}
10004da6:	464e      	mov	r6, r9
10004da8:	4645      	mov	r5, r8
10004daa:	46de      	mov	lr, fp
10004dac:	4657      	mov	r7, sl
10004dae:	b5e0      	push	{r5, r6, r7, lr}
10004db0:	000d      	movs	r5, r1
10004db2:	350b      	adds	r5, #11
10004db4:	0006      	movs	r6, r0
10004db6:	b083      	sub	sp, #12
10004db8:	2d16      	cmp	r5, #22
10004dba:	d822      	bhi.n	10004e02 <_malloc_r+0x5e>
10004dbc:	2910      	cmp	r1, #16
10004dbe:	d900      	bls.n	10004dc2 <_malloc_r+0x1e>
10004dc0:	e0b2      	b.n	10004f28 <_malloc_r+0x184>
10004dc2:	f000 fab1 	bl	10005328 <__malloc_lock>
10004dc6:	2510      	movs	r5, #16
10004dc8:	2318      	movs	r3, #24
10004dca:	2002      	movs	r0, #2
10004dcc:	4fcc      	ldr	r7, [pc, #816]	; (10005100 <_malloc_r+0x35c>)
10004dce:	18fb      	adds	r3, r7, r3
10004dd0:	001a      	movs	r2, r3
10004dd2:	685c      	ldr	r4, [r3, #4]
10004dd4:	3a08      	subs	r2, #8
10004dd6:	4294      	cmp	r4, r2
10004dd8:	d100      	bne.n	10004ddc <_malloc_r+0x38>
10004dda:	e0b5      	b.n	10004f48 <_malloc_r+0x1a4>
10004ddc:	2303      	movs	r3, #3
10004dde:	6862      	ldr	r2, [r4, #4]
10004de0:	439a      	bics	r2, r3
10004de2:	0013      	movs	r3, r2
10004de4:	68e2      	ldr	r2, [r4, #12]
10004de6:	68a1      	ldr	r1, [r4, #8]
10004de8:	60ca      	str	r2, [r1, #12]
10004dea:	6091      	str	r1, [r2, #8]
10004dec:	2201      	movs	r2, #1
10004dee:	18e3      	adds	r3, r4, r3
10004df0:	6859      	ldr	r1, [r3, #4]
10004df2:	0030      	movs	r0, r6
10004df4:	430a      	orrs	r2, r1
10004df6:	605a      	str	r2, [r3, #4]
10004df8:	f000 fa9e 	bl	10005338 <__malloc_unlock>
10004dfc:	0020      	movs	r0, r4
10004dfe:	3008      	adds	r0, #8
10004e00:	e095      	b.n	10004f2e <_malloc_r+0x18a>
10004e02:	2307      	movs	r3, #7
10004e04:	439d      	bics	r5, r3
10004e06:	d500      	bpl.n	10004e0a <_malloc_r+0x66>
10004e08:	e08e      	b.n	10004f28 <_malloc_r+0x184>
10004e0a:	42a9      	cmp	r1, r5
10004e0c:	d900      	bls.n	10004e10 <_malloc_r+0x6c>
10004e0e:	e08b      	b.n	10004f28 <_malloc_r+0x184>
10004e10:	f000 fa8a 	bl	10005328 <__malloc_lock>
10004e14:	23fc      	movs	r3, #252	; 0xfc
10004e16:	005b      	lsls	r3, r3, #1
10004e18:	429d      	cmp	r5, r3
10004e1a:	d200      	bcs.n	10004e1e <_malloc_r+0x7a>
10004e1c:	e1a7      	b.n	1000516e <_malloc_r+0x3ca>
10004e1e:	0a68      	lsrs	r0, r5, #9
10004e20:	d100      	bne.n	10004e24 <_malloc_r+0x80>
10004e22:	e08b      	b.n	10004f3c <_malloc_r+0x198>
10004e24:	2804      	cmp	r0, #4
10004e26:	d900      	bls.n	10004e2a <_malloc_r+0x86>
10004e28:	e17a      	b.n	10005120 <_malloc_r+0x37c>
10004e2a:	2338      	movs	r3, #56	; 0x38
10004e2c:	4698      	mov	r8, r3
10004e2e:	09a8      	lsrs	r0, r5, #6
10004e30:	4480      	add	r8, r0
10004e32:	3039      	adds	r0, #57	; 0x39
10004e34:	00c1      	lsls	r1, r0, #3
10004e36:	4fb2      	ldr	r7, [pc, #712]	; (10005100 <_malloc_r+0x35c>)
10004e38:	1879      	adds	r1, r7, r1
10004e3a:	684c      	ldr	r4, [r1, #4]
10004e3c:	3908      	subs	r1, #8
10004e3e:	42a1      	cmp	r1, r4
10004e40:	d00e      	beq.n	10004e60 <_malloc_r+0xbc>
10004e42:	2303      	movs	r3, #3
10004e44:	469c      	mov	ip, r3
10004e46:	e004      	b.n	10004e52 <_malloc_r+0xae>
10004e48:	2a00      	cmp	r2, #0
10004e4a:	dacb      	bge.n	10004de4 <_malloc_r+0x40>
10004e4c:	68e4      	ldr	r4, [r4, #12]
10004e4e:	42a1      	cmp	r1, r4
10004e50:	d006      	beq.n	10004e60 <_malloc_r+0xbc>
10004e52:	4662      	mov	r2, ip
10004e54:	6863      	ldr	r3, [r4, #4]
10004e56:	4393      	bics	r3, r2
10004e58:	1b5a      	subs	r2, r3, r5
10004e5a:	2a0f      	cmp	r2, #15
10004e5c:	ddf4      	ble.n	10004e48 <_malloc_r+0xa4>
10004e5e:	4640      	mov	r0, r8
10004e60:	003a      	movs	r2, r7
10004e62:	693c      	ldr	r4, [r7, #16]
10004e64:	3208      	adds	r2, #8
10004e66:	4294      	cmp	r4, r2
10004e68:	d100      	bne.n	10004e6c <_malloc_r+0xc8>
10004e6a:	e078      	b.n	10004f5e <_malloc_r+0x1ba>
10004e6c:	2303      	movs	r3, #3
10004e6e:	6861      	ldr	r1, [r4, #4]
10004e70:	4399      	bics	r1, r3
10004e72:	4689      	mov	r9, r1
10004e74:	000b      	movs	r3, r1
10004e76:	1b49      	subs	r1, r1, r5
10004e78:	290f      	cmp	r1, #15
10004e7a:	dd00      	ble.n	10004e7e <_malloc_r+0xda>
10004e7c:	e17b      	b.n	10005176 <_malloc_r+0x3d2>
10004e7e:	617a      	str	r2, [r7, #20]
10004e80:	613a      	str	r2, [r7, #16]
10004e82:	2900      	cmp	r1, #0
10004e84:	dab2      	bge.n	10004dec <_malloc_r+0x48>
10004e86:	2280      	movs	r2, #128	; 0x80
10004e88:	0092      	lsls	r2, r2, #2
10004e8a:	4591      	cmp	r9, r2
10004e8c:	d300      	bcc.n	10004e90 <_malloc_r+0xec>
10004e8e:	e10f      	b.n	100050b0 <_malloc_r+0x30c>
10004e90:	0959      	lsrs	r1, r3, #5
10004e92:	08da      	lsrs	r2, r3, #3
10004e94:	2301      	movs	r3, #1
10004e96:	408b      	lsls	r3, r1
10004e98:	00d2      	lsls	r2, r2, #3
10004e9a:	6879      	ldr	r1, [r7, #4]
10004e9c:	19d2      	adds	r2, r2, r7
10004e9e:	430b      	orrs	r3, r1
10004ea0:	6891      	ldr	r1, [r2, #8]
10004ea2:	607b      	str	r3, [r7, #4]
10004ea4:	60e2      	str	r2, [r4, #12]
10004ea6:	60a1      	str	r1, [r4, #8]
10004ea8:	6094      	str	r4, [r2, #8]
10004eaa:	60cc      	str	r4, [r1, #12]
10004eac:	2101      	movs	r1, #1
10004eae:	1082      	asrs	r2, r0, #2
10004eb0:	4091      	lsls	r1, r2
10004eb2:	4299      	cmp	r1, r3
10004eb4:	d859      	bhi.n	10004f6a <_malloc_r+0x1c6>
10004eb6:	420b      	tst	r3, r1
10004eb8:	d105      	bne.n	10004ec6 <_malloc_r+0x122>
10004eba:	2203      	movs	r2, #3
10004ebc:	4390      	bics	r0, r2
10004ebe:	0049      	lsls	r1, r1, #1
10004ec0:	3004      	adds	r0, #4
10004ec2:	420b      	tst	r3, r1
10004ec4:	d0fb      	beq.n	10004ebe <_malloc_r+0x11a>
10004ec6:	2303      	movs	r3, #3
10004ec8:	4698      	mov	r8, r3
10004eca:	00c3      	lsls	r3, r0, #3
10004ecc:	4699      	mov	r9, r3
10004ece:	44b9      	add	r9, r7
10004ed0:	46cc      	mov	ip, r9
10004ed2:	4682      	mov	sl, r0
10004ed4:	4663      	mov	r3, ip
10004ed6:	68dc      	ldr	r4, [r3, #12]
10004ed8:	45a4      	cmp	ip, r4
10004eda:	d107      	bne.n	10004eec <_malloc_r+0x148>
10004edc:	e12c      	b.n	10005138 <_malloc_r+0x394>
10004ede:	2a00      	cmp	r2, #0
10004ee0:	db00      	blt.n	10004ee4 <_malloc_r+0x140>
10004ee2:	e135      	b.n	10005150 <_malloc_r+0x3ac>
10004ee4:	68e4      	ldr	r4, [r4, #12]
10004ee6:	45a4      	cmp	ip, r4
10004ee8:	d100      	bne.n	10004eec <_malloc_r+0x148>
10004eea:	e125      	b.n	10005138 <_malloc_r+0x394>
10004eec:	4642      	mov	r2, r8
10004eee:	6863      	ldr	r3, [r4, #4]
10004ef0:	4393      	bics	r3, r2
10004ef2:	1b5a      	subs	r2, r3, r5
10004ef4:	2a0f      	cmp	r2, #15
10004ef6:	ddf2      	ble.n	10004ede <_malloc_r+0x13a>
10004ef8:	2001      	movs	r0, #1
10004efa:	4680      	mov	r8, r0
10004efc:	1961      	adds	r1, r4, r5
10004efe:	4305      	orrs	r5, r0
10004f00:	6065      	str	r5, [r4, #4]
10004f02:	68a0      	ldr	r0, [r4, #8]
10004f04:	68e5      	ldr	r5, [r4, #12]
10004f06:	3708      	adds	r7, #8
10004f08:	60c5      	str	r5, [r0, #12]
10004f0a:	60a8      	str	r0, [r5, #8]
10004f0c:	4640      	mov	r0, r8
10004f0e:	4310      	orrs	r0, r2
10004f10:	60f9      	str	r1, [r7, #12]
10004f12:	60b9      	str	r1, [r7, #8]
10004f14:	6048      	str	r0, [r1, #4]
10004f16:	60cf      	str	r7, [r1, #12]
10004f18:	0030      	movs	r0, r6
10004f1a:	608f      	str	r7, [r1, #8]
10004f1c:	50e2      	str	r2, [r4, r3]
10004f1e:	f000 fa0b 	bl	10005338 <__malloc_unlock>
10004f22:	0020      	movs	r0, r4
10004f24:	3008      	adds	r0, #8
10004f26:	e002      	b.n	10004f2e <_malloc_r+0x18a>
10004f28:	230c      	movs	r3, #12
10004f2a:	2000      	movs	r0, #0
10004f2c:	6033      	str	r3, [r6, #0]
10004f2e:	b003      	add	sp, #12
10004f30:	bcf0      	pop	{r4, r5, r6, r7}
10004f32:	46bb      	mov	fp, r7
10004f34:	46b2      	mov	sl, r6
10004f36:	46a9      	mov	r9, r5
10004f38:	46a0      	mov	r8, r4
10004f3a:	bdf0      	pop	{r4, r5, r6, r7, pc}
10004f3c:	2180      	movs	r1, #128	; 0x80
10004f3e:	233f      	movs	r3, #63	; 0x3f
10004f40:	2040      	movs	r0, #64	; 0x40
10004f42:	4698      	mov	r8, r3
10004f44:	0089      	lsls	r1, r1, #2
10004f46:	e776      	b.n	10004e36 <_malloc_r+0x92>
10004f48:	68dc      	ldr	r4, [r3, #12]
10004f4a:	3002      	adds	r0, #2
10004f4c:	42a3      	cmp	r3, r4
10004f4e:	d000      	beq.n	10004f52 <_malloc_r+0x1ae>
10004f50:	e744      	b.n	10004ddc <_malloc_r+0x38>
10004f52:	003a      	movs	r2, r7
10004f54:	693c      	ldr	r4, [r7, #16]
10004f56:	3208      	adds	r2, #8
10004f58:	4294      	cmp	r4, r2
10004f5a:	d000      	beq.n	10004f5e <_malloc_r+0x1ba>
10004f5c:	e786      	b.n	10004e6c <_malloc_r+0xc8>
10004f5e:	2101      	movs	r1, #1
10004f60:	687b      	ldr	r3, [r7, #4]
10004f62:	1082      	asrs	r2, r0, #2
10004f64:	4091      	lsls	r1, r2
10004f66:	4299      	cmp	r1, r3
10004f68:	d9a5      	bls.n	10004eb6 <_malloc_r+0x112>
10004f6a:	2303      	movs	r3, #3
10004f6c:	68bc      	ldr	r4, [r7, #8]
10004f6e:	6862      	ldr	r2, [r4, #4]
10004f70:	439a      	bics	r2, r3
10004f72:	4691      	mov	r9, r2
10004f74:	4295      	cmp	r5, r2
10004f76:	d803      	bhi.n	10004f80 <_malloc_r+0x1dc>
10004f78:	1b53      	subs	r3, r2, r5
10004f7a:	2b0f      	cmp	r3, #15
10004f7c:	dd00      	ble.n	10004f80 <_malloc_r+0x1dc>
10004f7e:	e089      	b.n	10005094 <_malloc_r+0x2f0>
10004f80:	0023      	movs	r3, r4
10004f82:	444b      	add	r3, r9
10004f84:	4a5f      	ldr	r2, [pc, #380]	; (10005104 <_malloc_r+0x360>)
10004f86:	9301      	str	r3, [sp, #4]
10004f88:	4b5f      	ldr	r3, [pc, #380]	; (10005108 <_malloc_r+0x364>)
10004f8a:	4693      	mov	fp, r2
10004f8c:	681b      	ldr	r3, [r3, #0]
10004f8e:	6812      	ldr	r2, [r2, #0]
10004f90:	18eb      	adds	r3, r5, r3
10004f92:	3201      	adds	r2, #1
10004f94:	d100      	bne.n	10004f98 <_malloc_r+0x1f4>
10004f96:	e13d      	b.n	10005214 <_malloc_r+0x470>
10004f98:	4a5c      	ldr	r2, [pc, #368]	; (1000510c <_malloc_r+0x368>)
10004f9a:	4694      	mov	ip, r2
10004f9c:	4463      	add	r3, ip
10004f9e:	0b1b      	lsrs	r3, r3, #12
10004fa0:	031b      	lsls	r3, r3, #12
10004fa2:	9300      	str	r3, [sp, #0]
10004fa4:	0030      	movs	r0, r6
10004fa6:	9900      	ldr	r1, [sp, #0]
10004fa8:	f000 f9ce 	bl	10005348 <_sbrk_r>
10004fac:	0003      	movs	r3, r0
10004fae:	4680      	mov	r8, r0
10004fb0:	3301      	adds	r3, #1
10004fb2:	d100      	bne.n	10004fb6 <_malloc_r+0x212>
10004fb4:	e0fa      	b.n	100051ac <_malloc_r+0x408>
10004fb6:	9b01      	ldr	r3, [sp, #4]
10004fb8:	4283      	cmp	r3, r0
10004fba:	d900      	bls.n	10004fbe <_malloc_r+0x21a>
10004fbc:	e0f4      	b.n	100051a8 <_malloc_r+0x404>
10004fbe:	4b54      	ldr	r3, [pc, #336]	; (10005110 <_malloc_r+0x36c>)
10004fc0:	9800      	ldr	r0, [sp, #0]
10004fc2:	001a      	movs	r2, r3
10004fc4:	469a      	mov	sl, r3
10004fc6:	6812      	ldr	r2, [r2, #0]
10004fc8:	0003      	movs	r3, r0
10004fca:	4694      	mov	ip, r2
10004fcc:	4651      	mov	r1, sl
10004fce:	4463      	add	r3, ip
10004fd0:	600b      	str	r3, [r1, #0]
10004fd2:	9901      	ldr	r1, [sp, #4]
10004fd4:	001a      	movs	r2, r3
10004fd6:	4541      	cmp	r1, r8
10004fd8:	d100      	bne.n	10004fdc <_malloc_r+0x238>
10004fda:	e151      	b.n	10005280 <_malloc_r+0x4dc>
10004fdc:	465b      	mov	r3, fp
10004fde:	681b      	ldr	r3, [r3, #0]
10004fe0:	3301      	adds	r3, #1
10004fe2:	d100      	bne.n	10004fe6 <_malloc_r+0x242>
10004fe4:	e156      	b.n	10005294 <_malloc_r+0x4f0>
10004fe6:	4643      	mov	r3, r8
10004fe8:	9901      	ldr	r1, [sp, #4]
10004fea:	1a5b      	subs	r3, r3, r1
10004fec:	189a      	adds	r2, r3, r2
10004fee:	4653      	mov	r3, sl
10004ff0:	601a      	str	r2, [r3, #0]
10004ff2:	2307      	movs	r3, #7
10004ff4:	4642      	mov	r2, r8
10004ff6:	4641      	mov	r1, r8
10004ff8:	401a      	ands	r2, r3
10004ffa:	9201      	str	r2, [sp, #4]
10004ffc:	4219      	tst	r1, r3
10004ffe:	d100      	bne.n	10005002 <_malloc_r+0x25e>
10005000:	e112      	b.n	10005228 <_malloc_r+0x484>
10005002:	2308      	movs	r3, #8
10005004:	4698      	mov	r8, r3
10005006:	1a88      	subs	r0, r1, r2
10005008:	4b42      	ldr	r3, [pc, #264]	; (10005114 <_malloc_r+0x370>)
1000500a:	9900      	ldr	r1, [sp, #0]
1000500c:	4480      	add	r8, r0
1000500e:	4441      	add	r1, r8
10005010:	1a9b      	subs	r3, r3, r2
10005012:	1a5b      	subs	r3, r3, r1
10005014:	051b      	lsls	r3, r3, #20
10005016:	0d1b      	lsrs	r3, r3, #20
10005018:	9100      	str	r1, [sp, #0]
1000501a:	0030      	movs	r0, r6
1000501c:	0019      	movs	r1, r3
1000501e:	469b      	mov	fp, r3
10005020:	f000 f992 	bl	10005348 <_sbrk_r>
10005024:	1c43      	adds	r3, r0, #1
10005026:	d100      	bne.n	1000502a <_malloc_r+0x286>
10005028:	e150      	b.n	100052cc <_malloc_r+0x528>
1000502a:	4643      	mov	r3, r8
1000502c:	1ac0      	subs	r0, r0, r3
1000502e:	0003      	movs	r3, r0
10005030:	445b      	add	r3, fp
10005032:	9300      	str	r3, [sp, #0]
10005034:	4653      	mov	r3, sl
10005036:	4652      	mov	r2, sl
10005038:	681b      	ldr	r3, [r3, #0]
1000503a:	2101      	movs	r1, #1
1000503c:	445b      	add	r3, fp
1000503e:	6013      	str	r3, [r2, #0]
10005040:	4642      	mov	r2, r8
10005042:	4640      	mov	r0, r8
10005044:	60ba      	str	r2, [r7, #8]
10005046:	9a00      	ldr	r2, [sp, #0]
10005048:	430a      	orrs	r2, r1
1000504a:	6042      	str	r2, [r0, #4]
1000504c:	42bc      	cmp	r4, r7
1000504e:	d100      	bne.n	10005052 <_malloc_r+0x2ae>
10005050:	e124      	b.n	1000529c <_malloc_r+0x4f8>
10005052:	464a      	mov	r2, r9
10005054:	2a0f      	cmp	r2, #15
10005056:	d800      	bhi.n	1000505a <_malloc_r+0x2b6>
10005058:	e122      	b.n	100052a0 <_malloc_r+0x4fc>
1000505a:	2007      	movs	r0, #7
1000505c:	3a0c      	subs	r2, #12
1000505e:	4382      	bics	r2, r0
10005060:	6860      	ldr	r0, [r4, #4]
10005062:	4001      	ands	r1, r0
10005064:	2005      	movs	r0, #5
10005066:	4311      	orrs	r1, r2
10005068:	6061      	str	r1, [r4, #4]
1000506a:	18a1      	adds	r1, r4, r2
1000506c:	6048      	str	r0, [r1, #4]
1000506e:	6088      	str	r0, [r1, #8]
10005070:	2a0f      	cmp	r2, #15
10005072:	d900      	bls.n	10005076 <_malloc_r+0x2d2>
10005074:	e135      	b.n	100052e2 <_malloc_r+0x53e>
10005076:	4642      	mov	r2, r8
10005078:	4644      	mov	r4, r8
1000507a:	6852      	ldr	r2, [r2, #4]
1000507c:	4926      	ldr	r1, [pc, #152]	; (10005118 <_malloc_r+0x374>)
1000507e:	6808      	ldr	r0, [r1, #0]
10005080:	4298      	cmp	r0, r3
10005082:	d200      	bcs.n	10005086 <_malloc_r+0x2e2>
10005084:	600b      	str	r3, [r1, #0]
10005086:	4925      	ldr	r1, [pc, #148]	; (1000511c <_malloc_r+0x378>)
10005088:	6808      	ldr	r0, [r1, #0]
1000508a:	4298      	cmp	r0, r3
1000508c:	d300      	bcc.n	10005090 <_malloc_r+0x2ec>
1000508e:	e08f      	b.n	100051b0 <_malloc_r+0x40c>
10005090:	600b      	str	r3, [r1, #0]
10005092:	e08d      	b.n	100051b0 <_malloc_r+0x40c>
10005094:	2201      	movs	r2, #1
10005096:	0029      	movs	r1, r5
10005098:	4313      	orrs	r3, r2
1000509a:	4311      	orrs	r1, r2
1000509c:	1965      	adds	r5, r4, r5
1000509e:	6061      	str	r1, [r4, #4]
100050a0:	0030      	movs	r0, r6
100050a2:	60bd      	str	r5, [r7, #8]
100050a4:	606b      	str	r3, [r5, #4]
100050a6:	f000 f947 	bl	10005338 <__malloc_unlock>
100050aa:	0020      	movs	r0, r4
100050ac:	3008      	adds	r0, #8
100050ae:	e73e      	b.n	10004f2e <_malloc_r+0x18a>
100050b0:	0a5a      	lsrs	r2, r3, #9
100050b2:	2a04      	cmp	r2, #4
100050b4:	d972      	bls.n	1000519c <_malloc_r+0x3f8>
100050b6:	2a14      	cmp	r2, #20
100050b8:	d900      	bls.n	100050bc <_malloc_r+0x318>
100050ba:	e0c5      	b.n	10005248 <_malloc_r+0x4a4>
100050bc:	0011      	movs	r1, r2
100050be:	325c      	adds	r2, #92	; 0x5c
100050c0:	315b      	adds	r1, #91	; 0x5b
100050c2:	00d2      	lsls	r2, r2, #3
100050c4:	2308      	movs	r3, #8
100050c6:	425b      	negs	r3, r3
100050c8:	469c      	mov	ip, r3
100050ca:	18ba      	adds	r2, r7, r2
100050cc:	4494      	add	ip, r2
100050ce:	4663      	mov	r3, ip
100050d0:	689a      	ldr	r2, [r3, #8]
100050d2:	2303      	movs	r3, #3
100050d4:	4698      	mov	r8, r3
100050d6:	4594      	cmp	ip, r2
100050d8:	d100      	bne.n	100050dc <_malloc_r+0x338>
100050da:	e09e      	b.n	1000521a <_malloc_r+0x476>
100050dc:	4643      	mov	r3, r8
100050de:	6851      	ldr	r1, [r2, #4]
100050e0:	4399      	bics	r1, r3
100050e2:	4549      	cmp	r1, r9
100050e4:	d902      	bls.n	100050ec <_malloc_r+0x348>
100050e6:	6892      	ldr	r2, [r2, #8]
100050e8:	4594      	cmp	ip, r2
100050ea:	d1f7      	bne.n	100050dc <_malloc_r+0x338>
100050ec:	68d3      	ldr	r3, [r2, #12]
100050ee:	469c      	mov	ip, r3
100050f0:	687b      	ldr	r3, [r7, #4]
100050f2:	4661      	mov	r1, ip
100050f4:	60a2      	str	r2, [r4, #8]
100050f6:	60e1      	str	r1, [r4, #12]
100050f8:	608c      	str	r4, [r1, #8]
100050fa:	60d4      	str	r4, [r2, #12]
100050fc:	e6d6      	b.n	10004eac <_malloc_r+0x108>
100050fe:	46c0      	nop			; (mov r8, r8)
10005100:	20000720 	.word	0x20000720
10005104:	20000b28 	.word	0x20000b28
10005108:	20000ca0 	.word	0x20000ca0
1000510c:	0000100f 	.word	0x0000100f
10005110:	20000c70 	.word	0x20000c70
10005114:	00001008 	.word	0x00001008
10005118:	20000c98 	.word	0x20000c98
1000511c:	20000c9c 	.word	0x20000c9c
10005120:	2814      	cmp	r0, #20
10005122:	d952      	bls.n	100051ca <_malloc_r+0x426>
10005124:	2854      	cmp	r0, #84	; 0x54
10005126:	d900      	bls.n	1000512a <_malloc_r+0x386>
10005128:	e096      	b.n	10005258 <_malloc_r+0x4b4>
1000512a:	236e      	movs	r3, #110	; 0x6e
1000512c:	4698      	mov	r8, r3
1000512e:	0b28      	lsrs	r0, r5, #12
10005130:	4480      	add	r8, r0
10005132:	306f      	adds	r0, #111	; 0x6f
10005134:	00c1      	lsls	r1, r0, #3
10005136:	e67e      	b.n	10004e36 <_malloc_r+0x92>
10005138:	2308      	movs	r3, #8
1000513a:	469b      	mov	fp, r3
1000513c:	3b07      	subs	r3, #7
1000513e:	44dc      	add	ip, fp
10005140:	469b      	mov	fp, r3
10005142:	44da      	add	sl, fp
10005144:	4643      	mov	r3, r8
10005146:	4652      	mov	r2, sl
10005148:	4213      	tst	r3, r2
1000514a:	d000      	beq.n	1000514e <_malloc_r+0x3aa>
1000514c:	e6c2      	b.n	10004ed4 <_malloc_r+0x130>
1000514e:	e04c      	b.n	100051ea <_malloc_r+0x446>
10005150:	2201      	movs	r2, #1
10005152:	18e3      	adds	r3, r4, r3
10005154:	6859      	ldr	r1, [r3, #4]
10005156:	0030      	movs	r0, r6
10005158:	430a      	orrs	r2, r1
1000515a:	605a      	str	r2, [r3, #4]
1000515c:	68e3      	ldr	r3, [r4, #12]
1000515e:	68a2      	ldr	r2, [r4, #8]
10005160:	60d3      	str	r3, [r2, #12]
10005162:	609a      	str	r2, [r3, #8]
10005164:	f000 f8e8 	bl	10005338 <__malloc_unlock>
10005168:	0020      	movs	r0, r4
1000516a:	3008      	adds	r0, #8
1000516c:	e6df      	b.n	10004f2e <_malloc_r+0x18a>
1000516e:	002b      	movs	r3, r5
10005170:	08e8      	lsrs	r0, r5, #3
10005172:	3308      	adds	r3, #8
10005174:	e62a      	b.n	10004dcc <_malloc_r+0x28>
10005176:	2301      	movs	r3, #1
10005178:	1960      	adds	r0, r4, r5
1000517a:	431d      	orrs	r5, r3
1000517c:	6065      	str	r5, [r4, #4]
1000517e:	6178      	str	r0, [r7, #20]
10005180:	6138      	str	r0, [r7, #16]
10005182:	60c2      	str	r2, [r0, #12]
10005184:	6082      	str	r2, [r0, #8]
10005186:	001a      	movs	r2, r3
10005188:	464b      	mov	r3, r9
1000518a:	430a      	orrs	r2, r1
1000518c:	6042      	str	r2, [r0, #4]
1000518e:	0030      	movs	r0, r6
10005190:	50e1      	str	r1, [r4, r3]
10005192:	f000 f8d1 	bl	10005338 <__malloc_unlock>
10005196:	0020      	movs	r0, r4
10005198:	3008      	adds	r0, #8
1000519a:	e6c8      	b.n	10004f2e <_malloc_r+0x18a>
1000519c:	099a      	lsrs	r2, r3, #6
1000519e:	0011      	movs	r1, r2
100051a0:	3239      	adds	r2, #57	; 0x39
100051a2:	3138      	adds	r1, #56	; 0x38
100051a4:	00d2      	lsls	r2, r2, #3
100051a6:	e78d      	b.n	100050c4 <_malloc_r+0x320>
100051a8:	42bc      	cmp	r4, r7
100051aa:	d060      	beq.n	1000526e <_malloc_r+0x4ca>
100051ac:	68bc      	ldr	r4, [r7, #8]
100051ae:	6862      	ldr	r2, [r4, #4]
100051b0:	2303      	movs	r3, #3
100051b2:	439a      	bics	r2, r3
100051b4:	1b53      	subs	r3, r2, r5
100051b6:	4295      	cmp	r5, r2
100051b8:	d802      	bhi.n	100051c0 <_malloc_r+0x41c>
100051ba:	2b0f      	cmp	r3, #15
100051bc:	dd00      	ble.n	100051c0 <_malloc_r+0x41c>
100051be:	e769      	b.n	10005094 <_malloc_r+0x2f0>
100051c0:	0030      	movs	r0, r6
100051c2:	f000 f8b9 	bl	10005338 <__malloc_unlock>
100051c6:	2000      	movs	r0, #0
100051c8:	e6b1      	b.n	10004f2e <_malloc_r+0x18a>
100051ca:	235b      	movs	r3, #91	; 0x5b
100051cc:	4698      	mov	r8, r3
100051ce:	4480      	add	r8, r0
100051d0:	305c      	adds	r0, #92	; 0x5c
100051d2:	00c1      	lsls	r1, r0, #3
100051d4:	e62f      	b.n	10004e36 <_malloc_r+0x92>
100051d6:	2308      	movs	r3, #8
100051d8:	425b      	negs	r3, r3
100051da:	469c      	mov	ip, r3
100051dc:	44e1      	add	r9, ip
100051de:	464b      	mov	r3, r9
100051e0:	689b      	ldr	r3, [r3, #8]
100051e2:	3801      	subs	r0, #1
100051e4:	454b      	cmp	r3, r9
100051e6:	d000      	beq.n	100051ea <_malloc_r+0x446>
100051e8:	e098      	b.n	1000531c <_malloc_r+0x578>
100051ea:	4643      	mov	r3, r8
100051ec:	4203      	tst	r3, r0
100051ee:	d1f2      	bne.n	100051d6 <_malloc_r+0x432>
100051f0:	687b      	ldr	r3, [r7, #4]
100051f2:	438b      	bics	r3, r1
100051f4:	607b      	str	r3, [r7, #4]
100051f6:	0049      	lsls	r1, r1, #1
100051f8:	4299      	cmp	r1, r3
100051fa:	d900      	bls.n	100051fe <_malloc_r+0x45a>
100051fc:	e6b5      	b.n	10004f6a <_malloc_r+0x1c6>
100051fe:	2900      	cmp	r1, #0
10005200:	d104      	bne.n	1000520c <_malloc_r+0x468>
10005202:	e6b2      	b.n	10004f6a <_malloc_r+0x1c6>
10005204:	2204      	movs	r2, #4
10005206:	4694      	mov	ip, r2
10005208:	0049      	lsls	r1, r1, #1
1000520a:	44e2      	add	sl, ip
1000520c:	420b      	tst	r3, r1
1000520e:	d0f9      	beq.n	10005204 <_malloc_r+0x460>
10005210:	4650      	mov	r0, sl
10005212:	e65a      	b.n	10004eca <_malloc_r+0x126>
10005214:	3310      	adds	r3, #16
10005216:	9300      	str	r3, [sp, #0]
10005218:	e6c4      	b.n	10004fa4 <_malloc_r+0x200>
1000521a:	1089      	asrs	r1, r1, #2
1000521c:	3b02      	subs	r3, #2
1000521e:	408b      	lsls	r3, r1
10005220:	6879      	ldr	r1, [r7, #4]
10005222:	430b      	orrs	r3, r1
10005224:	607b      	str	r3, [r7, #4]
10005226:	e764      	b.n	100050f2 <_malloc_r+0x34e>
10005228:	9b00      	ldr	r3, [sp, #0]
1000522a:	0030      	movs	r0, r6
1000522c:	4443      	add	r3, r8
1000522e:	425b      	negs	r3, r3
10005230:	051b      	lsls	r3, r3, #20
10005232:	0d1b      	lsrs	r3, r3, #20
10005234:	0019      	movs	r1, r3
10005236:	469b      	mov	fp, r3
10005238:	f000 f886 	bl	10005348 <_sbrk_r>
1000523c:	1c43      	adds	r3, r0, #1
1000523e:	d000      	beq.n	10005242 <_malloc_r+0x49e>
10005240:	e6f3      	b.n	1000502a <_malloc_r+0x286>
10005242:	2300      	movs	r3, #0
10005244:	469b      	mov	fp, r3
10005246:	e6f5      	b.n	10005034 <_malloc_r+0x290>
10005248:	2a54      	cmp	r2, #84	; 0x54
1000524a:	d82b      	bhi.n	100052a4 <_malloc_r+0x500>
1000524c:	0b1a      	lsrs	r2, r3, #12
1000524e:	0011      	movs	r1, r2
10005250:	326f      	adds	r2, #111	; 0x6f
10005252:	316e      	adds	r1, #110	; 0x6e
10005254:	00d2      	lsls	r2, r2, #3
10005256:	e735      	b.n	100050c4 <_malloc_r+0x320>
10005258:	23aa      	movs	r3, #170	; 0xaa
1000525a:	005b      	lsls	r3, r3, #1
1000525c:	4298      	cmp	r0, r3
1000525e:	d82b      	bhi.n	100052b8 <_malloc_r+0x514>
10005260:	3bdd      	subs	r3, #221	; 0xdd
10005262:	4698      	mov	r8, r3
10005264:	0be8      	lsrs	r0, r5, #15
10005266:	4480      	add	r8, r0
10005268:	3078      	adds	r0, #120	; 0x78
1000526a:	00c1      	lsls	r1, r0, #3
1000526c:	e5e3      	b.n	10004e36 <_malloc_r+0x92>
1000526e:	4b2c      	ldr	r3, [pc, #176]	; (10005320 <_malloc_r+0x57c>)
10005270:	9a00      	ldr	r2, [sp, #0]
10005272:	469a      	mov	sl, r3
10005274:	681b      	ldr	r3, [r3, #0]
10005276:	469c      	mov	ip, r3
10005278:	4653      	mov	r3, sl
1000527a:	4462      	add	r2, ip
1000527c:	601a      	str	r2, [r3, #0]
1000527e:	e6ad      	b.n	10004fdc <_malloc_r+0x238>
10005280:	0509      	lsls	r1, r1, #20
10005282:	d000      	beq.n	10005286 <_malloc_r+0x4e2>
10005284:	e6aa      	b.n	10004fdc <_malloc_r+0x238>
10005286:	0002      	movs	r2, r0
10005288:	68bc      	ldr	r4, [r7, #8]
1000528a:	444a      	add	r2, r9
1000528c:	3101      	adds	r1, #1
1000528e:	430a      	orrs	r2, r1
10005290:	6062      	str	r2, [r4, #4]
10005292:	e6f3      	b.n	1000507c <_malloc_r+0x2d8>
10005294:	465b      	mov	r3, fp
10005296:	4642      	mov	r2, r8
10005298:	601a      	str	r2, [r3, #0]
1000529a:	e6aa      	b.n	10004ff2 <_malloc_r+0x24e>
1000529c:	4644      	mov	r4, r8
1000529e:	e6ed      	b.n	1000507c <_malloc_r+0x2d8>
100052a0:	6041      	str	r1, [r0, #4]
100052a2:	e78d      	b.n	100051c0 <_malloc_r+0x41c>
100052a4:	21aa      	movs	r1, #170	; 0xaa
100052a6:	0049      	lsls	r1, r1, #1
100052a8:	428a      	cmp	r2, r1
100052aa:	d824      	bhi.n	100052f6 <_malloc_r+0x552>
100052ac:	0bda      	lsrs	r2, r3, #15
100052ae:	0011      	movs	r1, r2
100052b0:	3278      	adds	r2, #120	; 0x78
100052b2:	3177      	adds	r1, #119	; 0x77
100052b4:	00d2      	lsls	r2, r2, #3
100052b6:	e705      	b.n	100050c4 <_malloc_r+0x320>
100052b8:	4b1a      	ldr	r3, [pc, #104]	; (10005324 <_malloc_r+0x580>)
100052ba:	4298      	cmp	r0, r3
100052bc:	d824      	bhi.n	10005308 <_malloc_r+0x564>
100052be:	237c      	movs	r3, #124	; 0x7c
100052c0:	4698      	mov	r8, r3
100052c2:	0ca8      	lsrs	r0, r5, #18
100052c4:	4480      	add	r8, r0
100052c6:	307d      	adds	r0, #125	; 0x7d
100052c8:	00c1      	lsls	r1, r0, #3
100052ca:	e5b4      	b.n	10004e36 <_malloc_r+0x92>
100052cc:	9a00      	ldr	r2, [sp, #0]
100052ce:	9b01      	ldr	r3, [sp, #4]
100052d0:	4694      	mov	ip, r2
100052d2:	4642      	mov	r2, r8
100052d4:	3b08      	subs	r3, #8
100052d6:	4463      	add	r3, ip
100052d8:	1a9b      	subs	r3, r3, r2
100052da:	9300      	str	r3, [sp, #0]
100052dc:	2300      	movs	r3, #0
100052de:	469b      	mov	fp, r3
100052e0:	e6a8      	b.n	10005034 <_malloc_r+0x290>
100052e2:	0021      	movs	r1, r4
100052e4:	0030      	movs	r0, r6
100052e6:	3108      	adds	r1, #8
100052e8:	f000 f8bc 	bl	10005464 <_free_r>
100052ec:	4653      	mov	r3, sl
100052ee:	68bc      	ldr	r4, [r7, #8]
100052f0:	681b      	ldr	r3, [r3, #0]
100052f2:	6862      	ldr	r2, [r4, #4]
100052f4:	e6c2      	b.n	1000507c <_malloc_r+0x2d8>
100052f6:	490b      	ldr	r1, [pc, #44]	; (10005324 <_malloc_r+0x580>)
100052f8:	428a      	cmp	r2, r1
100052fa:	d80b      	bhi.n	10005314 <_malloc_r+0x570>
100052fc:	0c9a      	lsrs	r2, r3, #18
100052fe:	0011      	movs	r1, r2
10005300:	327d      	adds	r2, #125	; 0x7d
10005302:	317c      	adds	r1, #124	; 0x7c
10005304:	00d2      	lsls	r2, r2, #3
10005306:	e6dd      	b.n	100050c4 <_malloc_r+0x320>
10005308:	21fe      	movs	r1, #254	; 0xfe
1000530a:	237e      	movs	r3, #126	; 0x7e
1000530c:	207f      	movs	r0, #127	; 0x7f
1000530e:	4698      	mov	r8, r3
10005310:	0089      	lsls	r1, r1, #2
10005312:	e590      	b.n	10004e36 <_malloc_r+0x92>
10005314:	22fe      	movs	r2, #254	; 0xfe
10005316:	217e      	movs	r1, #126	; 0x7e
10005318:	0092      	lsls	r2, r2, #2
1000531a:	e6d3      	b.n	100050c4 <_malloc_r+0x320>
1000531c:	687b      	ldr	r3, [r7, #4]
1000531e:	e76a      	b.n	100051f6 <_malloc_r+0x452>
10005320:	20000c70 	.word	0x20000c70
10005324:	00000554 	.word	0x00000554

10005328 <__malloc_lock>:
10005328:	b510      	push	{r4, lr}
1000532a:	4802      	ldr	r0, [pc, #8]	; (10005334 <__malloc_lock+0xc>)
1000532c:	f000 f97c 	bl	10005628 <__retarget_lock_acquire_recursive>
10005330:	bd10      	pop	{r4, pc}
10005332:	46c0      	nop			; (mov r8, r8)
10005334:	20000c6c 	.word	0x20000c6c

10005338 <__malloc_unlock>:
10005338:	b510      	push	{r4, lr}
1000533a:	4802      	ldr	r0, [pc, #8]	; (10005344 <__malloc_unlock+0xc>)
1000533c:	f000 f976 	bl	1000562c <__retarget_lock_release_recursive>
10005340:	bd10      	pop	{r4, pc}
10005342:	46c0      	nop			; (mov r8, r8)
10005344:	20000c6c 	.word	0x20000c6c

10005348 <_sbrk_r>:
10005348:	2300      	movs	r3, #0
1000534a:	b570      	push	{r4, r5, r6, lr}
1000534c:	4d06      	ldr	r5, [pc, #24]	; (10005368 <_sbrk_r+0x20>)
1000534e:	0004      	movs	r4, r0
10005350:	0008      	movs	r0, r1
10005352:	602b      	str	r3, [r5, #0]
10005354:	f7fd f87c 	bl	10002450 <_sbrk>
10005358:	1c43      	adds	r3, r0, #1
1000535a:	d000      	beq.n	1000535e <_sbrk_r+0x16>
1000535c:	bd70      	pop	{r4, r5, r6, pc}
1000535e:	682b      	ldr	r3, [r5, #0]
10005360:	2b00      	cmp	r3, #0
10005362:	d0fb      	beq.n	1000535c <_sbrk_r+0x14>
10005364:	6023      	str	r3, [r4, #0]
10005366:	e7f9      	b.n	1000535c <_sbrk_r+0x14>
10005368:	20000d28 	.word	0x20000d28

1000536c <strlen>:
1000536c:	b510      	push	{r4, lr}
1000536e:	0783      	lsls	r3, r0, #30
10005370:	d00a      	beq.n	10005388 <strlen+0x1c>
10005372:	0003      	movs	r3, r0
10005374:	2103      	movs	r1, #3
10005376:	e002      	b.n	1000537e <strlen+0x12>
10005378:	3301      	adds	r3, #1
1000537a:	420b      	tst	r3, r1
1000537c:	d005      	beq.n	1000538a <strlen+0x1e>
1000537e:	781a      	ldrb	r2, [r3, #0]
10005380:	2a00      	cmp	r2, #0
10005382:	d1f9      	bne.n	10005378 <strlen+0xc>
10005384:	1a18      	subs	r0, r3, r0
10005386:	bd10      	pop	{r4, pc}
10005388:	0003      	movs	r3, r0
1000538a:	6819      	ldr	r1, [r3, #0]
1000538c:	4a0c      	ldr	r2, [pc, #48]	; (100053c0 <strlen+0x54>)
1000538e:	4c0d      	ldr	r4, [pc, #52]	; (100053c4 <strlen+0x58>)
10005390:	188a      	adds	r2, r1, r2
10005392:	438a      	bics	r2, r1
10005394:	4222      	tst	r2, r4
10005396:	d10f      	bne.n	100053b8 <strlen+0x4c>
10005398:	6859      	ldr	r1, [r3, #4]
1000539a:	4a09      	ldr	r2, [pc, #36]	; (100053c0 <strlen+0x54>)
1000539c:	3304      	adds	r3, #4
1000539e:	188a      	adds	r2, r1, r2
100053a0:	438a      	bics	r2, r1
100053a2:	4222      	tst	r2, r4
100053a4:	d108      	bne.n	100053b8 <strlen+0x4c>
100053a6:	6859      	ldr	r1, [r3, #4]
100053a8:	4a05      	ldr	r2, [pc, #20]	; (100053c0 <strlen+0x54>)
100053aa:	3304      	adds	r3, #4
100053ac:	188a      	adds	r2, r1, r2
100053ae:	438a      	bics	r2, r1
100053b0:	4222      	tst	r2, r4
100053b2:	d0f1      	beq.n	10005398 <strlen+0x2c>
100053b4:	e000      	b.n	100053b8 <strlen+0x4c>
100053b6:	3301      	adds	r3, #1
100053b8:	781a      	ldrb	r2, [r3, #0]
100053ba:	2a00      	cmp	r2, #0
100053bc:	d1fb      	bne.n	100053b6 <strlen+0x4a>
100053be:	e7e1      	b.n	10005384 <strlen+0x18>
100053c0:	fefefeff 	.word	0xfefefeff
100053c4:	80808080 	.word	0x80808080

100053c8 <_malloc_trim_r>:
100053c8:	b5f8      	push	{r3, r4, r5, r6, r7, lr}
100053ca:	000c      	movs	r4, r1
100053cc:	0005      	movs	r5, r0
100053ce:	f7ff ffab 	bl	10005328 <__malloc_lock>
100053d2:	4f20      	ldr	r7, [pc, #128]	; (10005454 <_malloc_trim_r+0x8c>)
100053d4:	68bb      	ldr	r3, [r7, #8]
100053d6:	685e      	ldr	r6, [r3, #4]
100053d8:	2303      	movs	r3, #3
100053da:	439e      	bics	r6, r3
100053dc:	4b1e      	ldr	r3, [pc, #120]	; (10005458 <_malloc_trim_r+0x90>)
100053de:	1b34      	subs	r4, r6, r4
100053e0:	469c      	mov	ip, r3
100053e2:	4464      	add	r4, ip
100053e4:	0b24      	lsrs	r4, r4, #12
100053e6:	3c01      	subs	r4, #1
100053e8:	3311      	adds	r3, #17
100053ea:	0324      	lsls	r4, r4, #12
100053ec:	429c      	cmp	r4, r3
100053ee:	db07      	blt.n	10005400 <_malloc_trim_r+0x38>
100053f0:	2100      	movs	r1, #0
100053f2:	0028      	movs	r0, r5
100053f4:	f7ff ffa8 	bl	10005348 <_sbrk_r>
100053f8:	68bb      	ldr	r3, [r7, #8]
100053fa:	199b      	adds	r3, r3, r6
100053fc:	4298      	cmp	r0, r3
100053fe:	d004      	beq.n	1000540a <_malloc_trim_r+0x42>
10005400:	0028      	movs	r0, r5
10005402:	f7ff ff99 	bl	10005338 <__malloc_unlock>
10005406:	2000      	movs	r0, #0
10005408:	bdf8      	pop	{r3, r4, r5, r6, r7, pc}
1000540a:	0028      	movs	r0, r5
1000540c:	4261      	negs	r1, r4
1000540e:	f7ff ff9b 	bl	10005348 <_sbrk_r>
10005412:	1c43      	adds	r3, r0, #1
10005414:	d00d      	beq.n	10005432 <_malloc_trim_r+0x6a>
10005416:	2201      	movs	r2, #1
10005418:	68bb      	ldr	r3, [r7, #8]
1000541a:	1b36      	subs	r6, r6, r4
1000541c:	4316      	orrs	r6, r2
1000541e:	605e      	str	r6, [r3, #4]
10005420:	4b0e      	ldr	r3, [pc, #56]	; (1000545c <_malloc_trim_r+0x94>)
10005422:	0028      	movs	r0, r5
10005424:	681a      	ldr	r2, [r3, #0]
10005426:	1b14      	subs	r4, r2, r4
10005428:	601c      	str	r4, [r3, #0]
1000542a:	f7ff ff85 	bl	10005338 <__malloc_unlock>
1000542e:	2001      	movs	r0, #1
10005430:	e7ea      	b.n	10005408 <_malloc_trim_r+0x40>
10005432:	2100      	movs	r1, #0
10005434:	0028      	movs	r0, r5
10005436:	f7ff ff87 	bl	10005348 <_sbrk_r>
1000543a:	68ba      	ldr	r2, [r7, #8]
1000543c:	1a83      	subs	r3, r0, r2
1000543e:	2b0f      	cmp	r3, #15
10005440:	ddde      	ble.n	10005400 <_malloc_trim_r+0x38>
10005442:	4907      	ldr	r1, [pc, #28]	; (10005460 <_malloc_trim_r+0x98>)
10005444:	6809      	ldr	r1, [r1, #0]
10005446:	1a40      	subs	r0, r0, r1
10005448:	4904      	ldr	r1, [pc, #16]	; (1000545c <_malloc_trim_r+0x94>)
1000544a:	6008      	str	r0, [r1, #0]
1000544c:	2101      	movs	r1, #1
1000544e:	430b      	orrs	r3, r1
10005450:	6053      	str	r3, [r2, #4]
10005452:	e7d5      	b.n	10005400 <_malloc_trim_r+0x38>
10005454:	20000720 	.word	0x20000720
10005458:	00000fef 	.word	0x00000fef
1000545c:	20000c70 	.word	0x20000c70
10005460:	20000b28 	.word	0x20000b28

10005464 <_free_r>:
10005464:	b5f0      	push	{r4, r5, r6, r7, lr}
10005466:	46c6      	mov	lr, r8
10005468:	0005      	movs	r5, r0
1000546a:	000c      	movs	r4, r1
1000546c:	b500      	push	{lr}
1000546e:	2900      	cmp	r1, #0
10005470:	d04f      	beq.n	10005512 <_free_r+0xae>
10005472:	f7ff ff59 	bl	10005328 <__malloc_lock>
10005476:	0021      	movs	r1, r4
10005478:	3908      	subs	r1, #8
1000547a:	684c      	ldr	r4, [r1, #4]
1000547c:	2601      	movs	r6, #1
1000547e:	0022      	movs	r2, r4
10005480:	2003      	movs	r0, #3
10005482:	43b2      	bics	r2, r6
10005484:	188f      	adds	r7, r1, r2
10005486:	687b      	ldr	r3, [r7, #4]
10005488:	4383      	bics	r3, r0
1000548a:	4862      	ldr	r0, [pc, #392]	; (10005614 <_free_r+0x1b0>)
1000548c:	4698      	mov	r8, r3
1000548e:	6883      	ldr	r3, [r0, #8]
10005490:	42bb      	cmp	r3, r7
10005492:	d06a      	beq.n	1000556a <_free_r+0x106>
10005494:	4643      	mov	r3, r8
10005496:	607b      	str	r3, [r7, #4]
10005498:	4226      	tst	r6, r4
1000549a:	d11e      	bne.n	100054da <_free_r+0x76>
1000549c:	2308      	movs	r3, #8
1000549e:	469c      	mov	ip, r3
100054a0:	680c      	ldr	r4, [r1, #0]
100054a2:	4484      	add	ip, r0
100054a4:	1b09      	subs	r1, r1, r4
100054a6:	1912      	adds	r2, r2, r4
100054a8:	688c      	ldr	r4, [r1, #8]
100054aa:	4564      	cmp	r4, ip
100054ac:	d04f      	beq.n	1000554e <_free_r+0xea>
100054ae:	68cb      	ldr	r3, [r1, #12]
100054b0:	60e3      	str	r3, [r4, #12]
100054b2:	609c      	str	r4, [r3, #8]
100054b4:	4643      	mov	r3, r8
100054b6:	18fc      	adds	r4, r7, r3
100054b8:	6864      	ldr	r4, [r4, #4]
100054ba:	4234      	tst	r4, r6
100054bc:	d111      	bne.n	100054e2 <_free_r+0x7e>
100054be:	68bb      	ldr	r3, [r7, #8]
100054c0:	4c55      	ldr	r4, [pc, #340]	; (10005618 <_free_r+0x1b4>)
100054c2:	4442      	add	r2, r8
100054c4:	42a3      	cmp	r3, r4
100054c6:	d100      	bne.n	100054ca <_free_r+0x66>
100054c8:	e07e      	b.n	100055c8 <_free_r+0x164>
100054ca:	68fc      	ldr	r4, [r7, #12]
100054cc:	60dc      	str	r4, [r3, #12]
100054ce:	60a3      	str	r3, [r4, #8]
100054d0:	2301      	movs	r3, #1
100054d2:	4313      	orrs	r3, r2
100054d4:	604b      	str	r3, [r1, #4]
100054d6:	508a      	str	r2, [r1, r2]
100054d8:	e006      	b.n	100054e8 <_free_r+0x84>
100054da:	18fc      	adds	r4, r7, r3
100054dc:	6864      	ldr	r4, [r4, #4]
100054de:	4234      	tst	r4, r6
100054e0:	d0ed      	beq.n	100054be <_free_r+0x5a>
100054e2:	4316      	orrs	r6, r2
100054e4:	604e      	str	r6, [r1, #4]
100054e6:	603a      	str	r2, [r7, #0]
100054e8:	2380      	movs	r3, #128	; 0x80
100054ea:	009b      	lsls	r3, r3, #2
100054ec:	429a      	cmp	r2, r3
100054ee:	d213      	bcs.n	10005518 <_free_r+0xb4>
100054f0:	0954      	lsrs	r4, r2, #5
100054f2:	08d3      	lsrs	r3, r2, #3
100054f4:	2201      	movs	r2, #1
100054f6:	40a2      	lsls	r2, r4
100054f8:	6844      	ldr	r4, [r0, #4]
100054fa:	00db      	lsls	r3, r3, #3
100054fc:	4322      	orrs	r2, r4
100054fe:	6042      	str	r2, [r0, #4]
10005500:	1818      	adds	r0, r3, r0
10005502:	6883      	ldr	r3, [r0, #8]
10005504:	60c8      	str	r0, [r1, #12]
10005506:	608b      	str	r3, [r1, #8]
10005508:	6081      	str	r1, [r0, #8]
1000550a:	60d9      	str	r1, [r3, #12]
1000550c:	0028      	movs	r0, r5
1000550e:	f7ff ff13 	bl	10005338 <__malloc_unlock>
10005512:	bc80      	pop	{r7}
10005514:	46b8      	mov	r8, r7
10005516:	bdf0      	pop	{r4, r5, r6, r7, pc}
10005518:	0a53      	lsrs	r3, r2, #9
1000551a:	2b04      	cmp	r3, #4
1000551c:	d83e      	bhi.n	1000559c <_free_r+0x138>
1000551e:	0994      	lsrs	r4, r2, #6
10005520:	0026      	movs	r6, r4
10005522:	3439      	adds	r4, #57	; 0x39
10005524:	3638      	adds	r6, #56	; 0x38
10005526:	00e4      	lsls	r4, r4, #3
10005528:	1904      	adds	r4, r0, r4
1000552a:	6823      	ldr	r3, [r4, #0]
1000552c:	3c08      	subs	r4, #8
1000552e:	2703      	movs	r7, #3
10005530:	429c      	cmp	r4, r3
10005532:	d042      	beq.n	100055ba <_free_r+0x156>
10005534:	6858      	ldr	r0, [r3, #4]
10005536:	43b8      	bics	r0, r7
10005538:	4290      	cmp	r0, r2
1000553a:	d902      	bls.n	10005542 <_free_r+0xde>
1000553c:	689b      	ldr	r3, [r3, #8]
1000553e:	429c      	cmp	r4, r3
10005540:	d1f8      	bne.n	10005534 <_free_r+0xd0>
10005542:	68dc      	ldr	r4, [r3, #12]
10005544:	60cc      	str	r4, [r1, #12]
10005546:	608b      	str	r3, [r1, #8]
10005548:	60a1      	str	r1, [r4, #8]
1000554a:	60d9      	str	r1, [r3, #12]
1000554c:	e7de      	b.n	1000550c <_free_r+0xa8>
1000554e:	4643      	mov	r3, r8
10005550:	18f8      	adds	r0, r7, r3
10005552:	6840      	ldr	r0, [r0, #4]
10005554:	4230      	tst	r0, r6
10005556:	d157      	bne.n	10005608 <_free_r+0x1a4>
10005558:	68fb      	ldr	r3, [r7, #12]
1000555a:	68b8      	ldr	r0, [r7, #8]
1000555c:	4442      	add	r2, r8
1000555e:	4316      	orrs	r6, r2
10005560:	60c3      	str	r3, [r0, #12]
10005562:	6098      	str	r0, [r3, #8]
10005564:	604e      	str	r6, [r1, #4]
10005566:	508a      	str	r2, [r1, r2]
10005568:	e7d0      	b.n	1000550c <_free_r+0xa8>
1000556a:	0013      	movs	r3, r2
1000556c:	4443      	add	r3, r8
1000556e:	4226      	tst	r6, r4
10005570:	d106      	bne.n	10005580 <_free_r+0x11c>
10005572:	680a      	ldr	r2, [r1, #0]
10005574:	1a89      	subs	r1, r1, r2
10005576:	688c      	ldr	r4, [r1, #8]
10005578:	189b      	adds	r3, r3, r2
1000557a:	68ca      	ldr	r2, [r1, #12]
1000557c:	60e2      	str	r2, [r4, #12]
1000557e:	6094      	str	r4, [r2, #8]
10005580:	2201      	movs	r2, #1
10005582:	431a      	orrs	r2, r3
10005584:	604a      	str	r2, [r1, #4]
10005586:	4a25      	ldr	r2, [pc, #148]	; (1000561c <_free_r+0x1b8>)
10005588:	6081      	str	r1, [r0, #8]
1000558a:	6812      	ldr	r2, [r2, #0]
1000558c:	429a      	cmp	r2, r3
1000558e:	d8bd      	bhi.n	1000550c <_free_r+0xa8>
10005590:	4b23      	ldr	r3, [pc, #140]	; (10005620 <_free_r+0x1bc>)
10005592:	0028      	movs	r0, r5
10005594:	6819      	ldr	r1, [r3, #0]
10005596:	f7ff ff17 	bl	100053c8 <_malloc_trim_r>
1000559a:	e7b7      	b.n	1000550c <_free_r+0xa8>
1000559c:	2b14      	cmp	r3, #20
1000559e:	d907      	bls.n	100055b0 <_free_r+0x14c>
100055a0:	2b54      	cmp	r3, #84	; 0x54
100055a2:	d81a      	bhi.n	100055da <_free_r+0x176>
100055a4:	0b14      	lsrs	r4, r2, #12
100055a6:	0026      	movs	r6, r4
100055a8:	346f      	adds	r4, #111	; 0x6f
100055aa:	366e      	adds	r6, #110	; 0x6e
100055ac:	00e4      	lsls	r4, r4, #3
100055ae:	e7bb      	b.n	10005528 <_free_r+0xc4>
100055b0:	001e      	movs	r6, r3
100055b2:	335c      	adds	r3, #92	; 0x5c
100055b4:	365b      	adds	r6, #91	; 0x5b
100055b6:	00dc      	lsls	r4, r3, #3
100055b8:	e7b6      	b.n	10005528 <_free_r+0xc4>
100055ba:	2201      	movs	r2, #1
100055bc:	10b6      	asrs	r6, r6, #2
100055be:	40b2      	lsls	r2, r6
100055c0:	6846      	ldr	r6, [r0, #4]
100055c2:	4332      	orrs	r2, r6
100055c4:	6042      	str	r2, [r0, #4]
100055c6:	e7bd      	b.n	10005544 <_free_r+0xe0>
100055c8:	60d9      	str	r1, [r3, #12]
100055ca:	6099      	str	r1, [r3, #8]
100055cc:	60cb      	str	r3, [r1, #12]
100055ce:	608b      	str	r3, [r1, #8]
100055d0:	2301      	movs	r3, #1
100055d2:	4313      	orrs	r3, r2
100055d4:	604b      	str	r3, [r1, #4]
100055d6:	508a      	str	r2, [r1, r2]
100055d8:	e798      	b.n	1000550c <_free_r+0xa8>
100055da:	24aa      	movs	r4, #170	; 0xaa
100055dc:	0064      	lsls	r4, r4, #1
100055de:	42a3      	cmp	r3, r4
100055e0:	d805      	bhi.n	100055ee <_free_r+0x18a>
100055e2:	0bd4      	lsrs	r4, r2, #15
100055e4:	0026      	movs	r6, r4
100055e6:	3478      	adds	r4, #120	; 0x78
100055e8:	3677      	adds	r6, #119	; 0x77
100055ea:	00e4      	lsls	r4, r4, #3
100055ec:	e79c      	b.n	10005528 <_free_r+0xc4>
100055ee:	4c0d      	ldr	r4, [pc, #52]	; (10005624 <_free_r+0x1c0>)
100055f0:	42a3      	cmp	r3, r4
100055f2:	d805      	bhi.n	10005600 <_free_r+0x19c>
100055f4:	0c94      	lsrs	r4, r2, #18
100055f6:	0026      	movs	r6, r4
100055f8:	347d      	adds	r4, #125	; 0x7d
100055fa:	367c      	adds	r6, #124	; 0x7c
100055fc:	00e4      	lsls	r4, r4, #3
100055fe:	e793      	b.n	10005528 <_free_r+0xc4>
10005600:	24fe      	movs	r4, #254	; 0xfe
10005602:	267e      	movs	r6, #126	; 0x7e
10005604:	00a4      	lsls	r4, r4, #2
10005606:	e78f      	b.n	10005528 <_free_r+0xc4>
10005608:	0033      	movs	r3, r6
1000560a:	4313      	orrs	r3, r2
1000560c:	604b      	str	r3, [r1, #4]
1000560e:	603a      	str	r2, [r7, #0]
10005610:	e77c      	b.n	1000550c <_free_r+0xa8>
10005612:	46c0      	nop			; (mov r8, r8)
10005614:	20000720 	.word	0x20000720
10005618:	20000728 	.word	0x20000728
1000561c:	20000b2c 	.word	0x20000b2c
10005620:	20000ca0 	.word	0x20000ca0
10005624:	00000554 	.word	0x00000554

10005628 <__retarget_lock_acquire_recursive>:
10005628:	4770      	bx	lr
1000562a:	46c0      	nop			; (mov r8, r8)

1000562c <__retarget_lock_release_recursive>:
1000562c:	4770      	bx	lr
1000562e:	46c0      	nop			; (mov r8, r8)

10005630 <_fini>:
10005630:	b5f8      	push	{r3, r4, r5, r6, r7, lr}
10005632:	46c0      	nop			; (mov r8, r8)
10005634:	0000      	movs	r0, r0
	...

10005638 <__mutex_exit_veneer>:
10005638:	b401      	push	{r0}
1000563a:	4802      	ldr	r0, [pc, #8]	; (10005644 <__mutex_exit_veneer+0xc>)
1000563c:	4684      	mov	ip, r0
1000563e:	bc01      	pop	{r0}
10005640:	4760      	bx	ip
10005642:	bf00      	nop
10005644:	200001c9 	.word	0x200001c9

10005648 <____aeabi_ldiv0_veneer>:
10005648:	b401      	push	{r0}
1000564a:	4802      	ldr	r0, [pc, #8]	; (10005654 <____aeabi_ldiv0_veneer+0xc>)
1000564c:	4684      	mov	ip, r0
1000564e:	bc01      	pop	{r0}
10005650:	4760      	bx	ip
10005652:	bf00      	nop
10005654:	20000215 	.word	0x20000215

10005658 <____aeabi_idiv0_veneer>:
10005658:	b401      	push	{r0}
1000565a:	4802      	ldr	r0, [pc, #8]	; (10005664 <____aeabi_idiv0_veneer+0xc>)
1000565c:	4684      	mov	ip, r0
1000565e:	bc01      	pop	{r0}
10005660:	4760      	bx	ip
10005662:	bf00      	nop
10005664:	20000215 	.word	0x20000215

10005668 <__mutex_try_enter_block_until_veneer>:
10005668:	b401      	push	{r0}
1000566a:	4802      	ldr	r0, [pc, #8]	; (10005674 <__mutex_try_enter_block_until_veneer+0xc>)
1000566c:	4684      	mov	ip, r0
1000566e:	bc01      	pop	{r0}
10005670:	4760      	bx	ip
10005672:	bf00      	nop
10005674:	20000195 	.word	0x20000195

Disassembly of section .data:

200000c0 <mutex_try_enter>:
200000c0:	0003      	movs	r3, r0
200000c2:	6800      	ldr	r0, [r0, #0]
200000c4:	f3ef 8c10 	mrs	ip, PRIMASK
200000c8:	b672      	cpsid	i
200000ca:	6802      	ldr	r2, [r0, #0]
200000cc:	2a00      	cmp	r2, #0
200000ce:	d0fc      	beq.n	200000ca <mutex_try_enter+0xa>
200000d0:	f3bf 8f5f 	dmb	sy
200000d4:	2204      	movs	r2, #4
200000d6:	569a      	ldrsb	r2, [r3, r2]
200000d8:	2a00      	cmp	r2, #0
200000da:	db0b      	blt.n	200000f4 <mutex_try_enter+0x34>
200000dc:	2900      	cmp	r1, #0
200000de:	d010      	beq.n	20000102 <mutex_try_enter+0x42>
200000e0:	600a      	str	r2, [r1, #0]
200000e2:	2000      	movs	r0, #0
200000e4:	681b      	ldr	r3, [r3, #0]
200000e6:	f3bf 8f5f 	dmb	sy
200000ea:	2200      	movs	r2, #0
200000ec:	601a      	str	r2, [r3, #0]
200000ee:	f38c 8810 	msr	PRIMASK, ip
200000f2:	4770      	bx	lr
200000f4:	22d0      	movs	r2, #208	; 0xd0
200000f6:	0612      	lsls	r2, r2, #24
200000f8:	7812      	ldrb	r2, [r2, #0]
200000fa:	b252      	sxtb	r2, r2
200000fc:	711a      	strb	r2, [r3, #4]
200000fe:	2001      	movs	r0, #1
20000100:	e7f0      	b.n	200000e4 <mutex_try_enter+0x24>
20000102:	2000      	movs	r0, #0
20000104:	e7ee      	b.n	200000e4 <mutex_try_enter+0x24>
	...

20000108 <mutex_enter_block_until>:
20000108:	b5f8      	push	{r3, r4, r5, r6, r7, lr}
2000010a:	46ce      	mov	lr, r9
2000010c:	4647      	mov	r7, r8
2000010e:	b580      	push	{r7, lr}
20000110:	0004      	movs	r4, r0
20000112:	0017      	movs	r7, r2
20000114:	4698      	mov	r8, r3
20000116:	6803      	ldr	r3, [r0, #0]
20000118:	2b00      	cmp	r3, #0
2000011a:	d020      	beq.n	2000015e <mutex_enter_block_until+0x56>
2000011c:	23d0      	movs	r3, #208	; 0xd0
2000011e:	061b      	lsls	r3, r3, #24
20000120:	781b      	ldrb	r3, [r3, #0]
20000122:	b25b      	sxtb	r3, r3
20000124:	4699      	mov	r9, r3
20000126:	6826      	ldr	r6, [r4, #0]
20000128:	f3ef 8c10 	mrs	ip, PRIMASK
2000012c:	b672      	cpsid	i
2000012e:	6835      	ldr	r5, [r6, #0]
20000130:	2d00      	cmp	r5, #0
20000132:	d0fc      	beq.n	2000012e <mutex_enter_block_until+0x26>
20000134:	f3bf 8f5f 	dmb	sy
20000138:	2504      	movs	r5, #4
2000013a:	5765      	ldrsb	r5, [r4, r5]
2000013c:	2d00      	cmp	r5, #0
2000013e:	db14      	blt.n	2000016a <mutex_enter_block_until+0x62>
20000140:	6823      	ldr	r3, [r4, #0]
20000142:	f3bf 8f5f 	dmb	sy
20000146:	2200      	movs	r2, #0
20000148:	601a      	str	r2, [r3, #0]
2000014a:	f38c 8810 	msr	PRIMASK, ip
2000014e:	0038      	movs	r0, r7
20000150:	4641      	mov	r1, r8
20000152:	f000 f861 	bl	20000218 <__best_effort_wfe_or_timeout_veneer>
20000156:	2800      	cmp	r0, #0
20000158:	d0e5      	beq.n	20000126 <mutex_enter_block_until+0x1e>
2000015a:	2000      	movs	r0, #0
2000015c:	e00f      	b.n	2000017e <mutex_enter_block_until+0x76>
2000015e:	4b0a      	ldr	r3, [pc, #40]	; (20000188 <mutex_enter_block_until+0x80>)
20000160:	4a0a      	ldr	r2, [pc, #40]	; (2000018c <mutex_enter_block_until+0x84>)
20000162:	2185      	movs	r1, #133	; 0x85
20000164:	480a      	ldr	r0, [pc, #40]	; (20000190 <mutex_enter_block_until+0x88>)
20000166:	f000 f85f 	bl	20000228 <____assert_func_veneer>
2000016a:	464b      	mov	r3, r9
2000016c:	7123      	strb	r3, [r4, #4]
2000016e:	6823      	ldr	r3, [r4, #0]
20000170:	f3bf 8f5f 	dmb	sy
20000174:	2200      	movs	r2, #0
20000176:	601a      	str	r2, [r3, #0]
20000178:	f38c 8810 	msr	PRIMASK, ip
2000017c:	2001      	movs	r0, #1
2000017e:	bcc0      	pop	{r6, r7}
20000180:	46b9      	mov	r9, r7
20000182:	46b0      	mov	r8, r6
20000184:	bdf8      	pop	{r3, r4, r5, r6, r7, pc}
20000186:	46c0      	nop			; (mov r8, r8)
20000188:	10005e44 	.word	0x10005e44
2000018c:	10005f04 	.word	0x10005f04
20000190:	10005dfc 	.word	0x10005dfc

20000194 <mutex_try_enter_block_until>:
20000194:	b570      	push	{r4, r5, r6, lr}
20000196:	b082      	sub	sp, #8
20000198:	0006      	movs	r6, r0
2000019a:	0015      	movs	r5, r2
2000019c:	001c      	movs	r4, r3
2000019e:	a901      	add	r1, sp, #4
200001a0:	f7ff ff8e 	bl	200000c0 <mutex_try_enter>
200001a4:	2800      	cmp	r0, #0
200001a6:	d107      	bne.n	200001b8 <mutex_try_enter_block_until+0x24>
200001a8:	9b01      	ldr	r3, [sp, #4]
200001aa:	b25b      	sxtb	r3, r3
200001ac:	22d0      	movs	r2, #208	; 0xd0
200001ae:	0612      	lsls	r2, r2, #24
200001b0:	7812      	ldrb	r2, [r2, #0]
200001b2:	b252      	sxtb	r2, r2
200001b4:	4293      	cmp	r3, r2
200001b6:	d101      	bne.n	200001bc <mutex_try_enter_block_until+0x28>
200001b8:	b002      	add	sp, #8
200001ba:	bd70      	pop	{r4, r5, r6, pc}
200001bc:	002a      	movs	r2, r5
200001be:	0023      	movs	r3, r4
200001c0:	0030      	movs	r0, r6
200001c2:	f7ff ffa1 	bl	20000108 <mutex_enter_block_until>
200001c6:	e7f7      	b.n	200001b8 <mutex_try_enter_block_until+0x24>

200001c8 <mutex_exit>:
200001c8:	b510      	push	{r4, lr}
200001ca:	6802      	ldr	r2, [r0, #0]
200001cc:	f3ef 8110 	mrs	r1, PRIMASK
200001d0:	b672      	cpsid	i
200001d2:	6813      	ldr	r3, [r2, #0]
200001d4:	2b00      	cmp	r3, #0
200001d6:	d0fc      	beq.n	200001d2 <mutex_exit+0xa>
200001d8:	f3bf 8f5f 	dmb	sy
200001dc:	2304      	movs	r3, #4
200001de:	56c3      	ldrsb	r3, [r0, r3]
200001e0:	2b00      	cmp	r3, #0
200001e2:	db0a      	blt.n	200001fa <mutex_exit+0x32>
200001e4:	23ff      	movs	r3, #255	; 0xff
200001e6:	7103      	strb	r3, [r0, #4]
200001e8:	6803      	ldr	r3, [r0, #0]
200001ea:	f3bf 8f5f 	dmb	sy
200001ee:	2200      	movs	r2, #0
200001f0:	601a      	str	r2, [r3, #0]
200001f2:	f381 8810 	msr	PRIMASK, r1
200001f6:	bf40      	sev
200001f8:	bd10      	pop	{r4, pc}
200001fa:	4b03      	ldr	r3, [pc, #12]	; (20000208 <mutex_exit+0x40>)
200001fc:	4a03      	ldr	r2, [pc, #12]	; (2000020c <mutex_exit+0x44>)
200001fe:	21b4      	movs	r1, #180	; 0xb4
20000200:	4803      	ldr	r0, [pc, #12]	; (20000210 <mutex_exit+0x48>)
20000202:	f000 f811 	bl	20000228 <____assert_func_veneer>
20000206:	46c0      	nop			; (mov r8, r8)
20000208:	10005ec0 	.word	0x10005ec0
2000020c:	10005ef8 	.word	0x10005ef8
20000210:	10005dfc 	.word	0x10005dfc

20000214 <__aeabi_idiv0>:
20000214:	4770      	bx	lr
20000216:	46c0      	nop			; (mov r8, r8)

20000218 <__best_effort_wfe_or_timeout_veneer>:
20000218:	b401      	push	{r0}
2000021a:	4802      	ldr	r0, [pc, #8]	; (20000224 <__best_effort_wfe_or_timeout_veneer+0xc>)
2000021c:	4684      	mov	ip, r0
2000021e:	bc01      	pop	{r0}
20000220:	4760      	bx	ip
20000222:	bf00      	nop
20000224:	10001771 	.word	0x10001771

20000228 <____assert_func_veneer>:
20000228:	b401      	push	{r0}
2000022a:	4802      	ldr	r0, [pc, #8]	; (20000234 <____assert_func_veneer+0xc>)
2000022c:	4684      	mov	ip, r0
2000022e:	bc01      	pop	{r0}
20000230:	4760      	bx	ip
20000232:	bf00      	nop
20000234:	10002491 	.word	0x10002491

20000238 <striped_spin_lock_num>:
20000238:	00000010                                ....

2000023c <irq_handler_chain_slots>:
2000023c:	00000000 	.word	0x00000000
20000240:	00010000 	.word	0x00010000
	...
2000024c:	00020000 	.word	0x00020000
	...
20000258:	00030000 	.word	0x00030000
	...
20000264:	00ff0000 	.word	0x00ff0000
20000268:	00000000 	.word	0x00000000

2000026c <irq_handler_chain_first_slot>:
2000026c:	b501      	push	{r0, lr}
2000026e:	6848      	ldr	r0, [r1, #4]
20000270:	3101      	adds	r1, #1
20000272:	468e      	mov	lr, r1
20000274:	4700      	bx	r0

20000276 <irq_handler_chain_remove_tail>:
20000276:	4670      	mov	r0, lr
20000278:	3809      	subs	r0, #9
2000027a:	4901      	ldr	r1, [pc, #4]	; (20000280 <irq_handler_chain_remove_tail+0xa>)
2000027c:	4788      	blx	r1
2000027e:	bd01      	pop	{r0, pc}
20000280:	10000b69 	.word	0x10000b69

20000284 <default_alarm_pool>:
20000284:	2000029c 00000000 20000b50 20000ce4     ... ....P.. ... 
	...

2000029c <default_alarm_pool_heap>:
2000029c:	20000cf4 00000000 00000000 00000010     ... ............
200002ac:	00000000                                ....

200002b0 <aeabi_bits_funcs>:
200002b0:	00003350 	.word	0x00003350
200002b4:	0000334c 	.word	0x0000334c
200002b8:	00003354 	.word	0x00003354
200002bc:	00003352 	.word	0x00003352

200002c0 <aeabi_bits_funcs_end>:
200002c0:	0000534d 	.word	0x0000534d
200002c4:	0000434d 	.word	0x0000434d
200002c8:	00003453 	.word	0x00003453
200002cc:	00003443 	.word	0x00003443

200002d0 <stdio_uart>:
200002d0:	100048dd 00000000 10004951 100049f9     .H......QI...I..
200002e0:	00000000 00000100                       ........

200002e8 <i2c0_inst>:
200002e8:	40044000 00000000                       .@.@....

200002f0 <_impure_ptr>:
200002f0:	200002f8 00000000                       ... ....

200002f8 <impure_data>:
200002f8:	00000000 200005e4 2000064c 200006b4     ....... L.. ... 
	...
200003a0:	00000001 00000000 abcd330e e66d1234     .........3..4.m.
200003b0:	0005deec 0000000b 00000000 00000000     ................
	...

20000720 <__malloc_av_>:
	...
20000728:	20000720 20000720 20000728 20000728      ..  .. (.. (.. 
20000738:	20000730 20000730 20000738 20000738     0.. 0.. 8.. 8.. 
20000748:	20000740 20000740 20000748 20000748     @.. @.. H.. H.. 
20000758:	20000750 20000750 20000758 20000758     P.. P.. X.. X.. 
20000768:	20000760 20000760 20000768 20000768     `.. `.. h.. h.. 
20000778:	20000770 20000770 20000778 20000778     p.. p.. x.. x.. 
20000788:	20000780 20000780 20000788 20000788     ... ... ... ... 
20000798:	20000790 20000790 20000798 20000798     ... ... ... ... 
200007a8:	200007a0 200007a0 200007a8 200007a8     ... ... ... ... 
200007b8:	200007b0 200007b0 200007b8 200007b8     ... ... ... ... 
200007c8:	200007c0 200007c0 200007c8 200007c8     ... ... ... ... 
200007d8:	200007d0 200007d0 200007d8 200007d8     ... ... ... ... 
200007e8:	200007e0 200007e0 200007e8 200007e8     ... ... ... ... 
200007f8:	200007f0 200007f0 200007f8 200007f8     ... ... ... ... 
20000808:	20000800 20000800 20000808 20000808     ... ... ... ... 
20000818:	20000810 20000810 20000818 20000818     ... ... ... ... 
20000828:	20000820 20000820 20000828 20000828      ..  .. (.. (.. 
20000838:	20000830 20000830 20000838 20000838     0.. 0.. 8.. 8.. 
20000848:	20000840 20000840 20000848 20000848     @.. @.. H.. H.. 
20000858:	20000850 20000850 20000858 20000858     P.. P.. X.. X.. 
20000868:	20000860 20000860 20000868 20000868     `.. `.. h.. h.. 
20000878:	20000870 20000870 20000878 20000878     p.. p.. x.. x.. 
20000888:	20000880 20000880 20000888 20000888     ... ... ... ... 
20000898:	20000890 20000890 20000898 20000898     ... ... ... ... 
200008a8:	200008a0 200008a0 200008a8 200008a8     ... ... ... ... 
200008b8:	200008b0 200008b0 200008b8 200008b8     ... ... ... ... 
200008c8:	200008c0 200008c0 200008c8 200008c8     ... ... ... ... 
200008d8:	200008d0 200008d0 200008d8 200008d8     ... ... ... ... 
200008e8:	200008e0 200008e0 200008e8 200008e8     ... ... ... ... 
200008f8:	200008f0 200008f0 200008f8 200008f8     ... ... ... ... 
20000908:	20000900 20000900 20000908 20000908     ... ... ... ... 
20000918:	20000910 20000910 20000918 20000918     ... ... ... ... 
20000928:	20000920 20000920 20000928 20000928      ..  .. (.. (.. 
20000938:	20000930 20000930 20000938 20000938     0.. 0.. 8.. 8.. 
20000948:	20000940 20000940 20000948 20000948     @.. @.. H.. H.. 
20000958:	20000950 20000950 20000958 20000958     P.. P.. X.. X.. 
20000968:	20000960 20000960 20000968 20000968     `.. `.. h.. h.. 
20000978:	20000970 20000970 20000978 20000978     p.. p.. x.. x.. 
20000988:	20000980 20000980 20000988 20000988     ... ... ... ... 
20000998:	20000990 20000990 20000998 20000998     ... ... ... ... 
200009a8:	200009a0 200009a0 200009a8 200009a8     ... ... ... ... 
200009b8:	200009b0 200009b0 200009b8 200009b8     ... ... ... ... 
200009c8:	200009c0 200009c0 200009c8 200009c8     ... ... ... ... 
200009d8:	200009d0 200009d0 200009d8 200009d8     ... ... ... ... 
200009e8:	200009e0 200009e0 200009e8 200009e8     ... ... ... ... 
200009f8:	200009f0 200009f0 200009f8 200009f8     ... ... ... ... 
20000a08:	20000a00 20000a00 20000a08 20000a08     ... ... ... ... 
20000a18:	20000a10 20000a10 20000a18 20000a18     ... ... ... ... 
20000a28:	20000a20 20000a20 20000a28 20000a28      ..  .. (.. (.. 
20000a38:	20000a30 20000a30 20000a38 20000a38     0.. 0.. 8.. 8.. 
20000a48:	20000a40 20000a40 20000a48 20000a48     @.. @.. H.. H.. 
20000a58:	20000a50 20000a50 20000a58 20000a58     P.. P.. X.. X.. 
20000a68:	20000a60 20000a60 20000a68 20000a68     `.. `.. h.. h.. 
20000a78:	20000a70 20000a70 20000a78 20000a78     p.. p.. x.. x.. 
20000a88:	20000a80 20000a80 20000a88 20000a88     ... ... ... ... 
20000a98:	20000a90 20000a90 20000a98 20000a98     ... ... ... ... 
20000aa8:	20000aa0 20000aa0 20000aa8 20000aa8     ... ... ... ... 
20000ab8:	20000ab0 20000ab0 20000ab8 20000ab8     ... ... ... ... 
20000ac8:	20000ac0 20000ac0 20000ac8 20000ac8     ... ... ... ... 
20000ad8:	20000ad0 20000ad0 20000ad8 20000ad8     ... ... ... ... 
20000ae8:	20000ae0 20000ae0 20000ae8 20000ae8     ... ... ... ... 
20000af8:	20000af0 20000af0 20000af8 20000af8     ... ... ... ... 
20000b08:	20000b00 20000b00 20000b08 20000b08     ... ... ... ... 
20000b18:	20000b10 20000b10 20000b18 20000b18     ... ... ... ... 

20000b28 <__malloc_sbrk_base>:
20000b28:	ffffffff                                ....

20000b2c <__malloc_trim_threshold>:
20000b2c:	00020000                                ....

20000b30 <print_mutex>:
	...

20000b38 <__mutex_array_end>:
20000b38:	100045ed 	.word	0x100045ed
20000b3c:	10003735 	.word	0x10003735
20000b40:	10003e35 	.word	0x10003e35
20000b44:	10004499 	.word	0x10004499

20000b48 <__frame_dummy_init_array_entry>:
20000b48:	100002e5                                ....
